video_id,file_name,file_path,relative_path,parent_folder,category,binary_label,file_extension,file_size_mb,is_readable,fps,frame_count,width,height,duration_seconds,duration_minutes,valid_video,split
Abuse002_x264,Abuse002_x264.mp4,data\raw\ucf-crime\Anomaly-Videos-Part-1\Anomaly-Videos-Part-1\Abuse\Abuse002_x264.mp4,ucf-crime\Anomaly-Videos-Part-1\Anomaly-Videos-Part-1\Abuse\Abuse002_x264.mp4,Abuse,Abuse,1,.mp4,6.918,True,30.0,865,320,240,28.833,0.481,True,test
Abuse003_x264,Abuse003_x264.mp4,data\raw\ucf-crime\Anomaly-Videos-Part-1\Anomaly-Videos-Part-1\Abuse\Abuse003_x264.mp4,ucf-crime\Anomaly-Videos-Part-1\Anomaly-Videos-Part-1\Abuse\Abuse003_x264.mp4,Abuse,Abuse,1,.mp4,24.738,True,30.0,3699,320,240,123.3,2.055,True,test
Abuse003_x264A,Abuse003_x264A.mp4,data\raw\ucf-crime\Augmented_Anomaly-Videos-Part-1\Anomaly-Videos-Part-1\Abuse\Abuse003_x264A.mp4,ucf-crime\Augmented_Anomaly-Videos-Part-1\Anomaly-Videos-Part-1\Abuse\Abuse003_x264A.mp4,Abuse,Abuse,1,.mp4,17.949,True,30.0,3699,320,240,123.3,2.055,True,test
Abuse009_x264A,Abuse009_x264A.mp4,data\raw\ucf-crime\Augmented_Anomaly-Videos-Part-1\Anomaly-Videos-Part-1\Abuse\Abuse009_x264A.mp4,ucf-crime\Augmented_Anomaly-Videos-Part-1\Anomaly-Videos-Part-1\Abuse\Abuse009_x264A.mp4,Abuse,Abuse,1,.mp4,10.967,True,30.0,1001,320,240,33.367,0.556,True,test
Abuse012_x264A,Abuse012_x264A.mp4,data\raw\ucf-crime\Augmented_Anomaly-Videos-Part-1\Anomaly-Videos-Part-1\Abuse\Abuse012_x264A.mp4,ucf-crime\Augmented_Anomaly-Videos-Part-1\Anomaly-Videos-Part-1\Abuse\Abuse012_x264A.mp4,Abuse,Abuse,1,.mp4,22.05,True,30.0,5130,320,240,171.0,2.85,True,test
Abuse015_x264,Abuse015_x264.mp4,data\raw\ucf-crime\Anomaly-Videos-Part-1\Anomaly-Videos-Part-1\Abuse\Abuse015_x264.mp4,ucf-crime\Anomaly-Videos-Part-1\Anomaly-Videos-Part-1\Abuse\Abuse015_x264.mp4,Abuse,Abuse,1,.mp4,19.268,True,30.0,7875,320,240,262.5,4.375,True,test
Abuse021_x264,Abuse021_x264.mp4,data\raw\ucf-crime\Anomaly-Videos-Part-1\Anomaly-Videos-Part-1\Abuse\Abuse021_x264.mp4,ucf-crime\Anomaly-Videos-Part-1\Anomaly-Videos-Part-1\Abuse\Abuse021_x264.mp4,Abuse,Abuse,1,.mp4,6.007,True,30.0,1913,320,240,63.767,1.063,True,test
Abuse025_x264A,Abuse025_x264A.mp4,data\raw\ucf-crime\Augmented_Anomaly-Videos-Part-1\Anomaly-Videos-Part-1\Abuse\Abuse025_x264A.mp4,ucf-crime\Augmented_Anomaly-Videos-Part-1\Anomaly-Videos-Part-1\Abuse\Abuse025_x264A.mp4,Abuse,Abuse,1,.mp4,13.103,True,30.0,2031,320,240,67.7,1.128,True,test
Abuse030_x264,Abuse030_x264.mp4,data\raw\ucf-crime\Anomaly-Videos-Part-1\Anomaly-Videos-Part-1\Abuse\Abuse030_x264.mp4,ucf-crime\Anomaly-Videos-Part-1\Anomaly-Videos-Part-1\Abuse\Abuse030_x264.mp4,Abuse,Abuse,1,.mp4,12.539,True,30.0,1544,320,240,51.467,0.858,True,test
Abuse034_x264A,Abuse034_x264A.mp4,data\raw\ucf-crime\Augmented_Anomaly-Videos-Part-1\Anomaly-Videos-Part-1\Abuse\Abuse034_x264A.mp4,ucf-crime\Augmented_Anomaly-Videos-Part-1\Anomaly-Videos-Part-1\Abuse\Abuse034_x264A.mp4,Abuse,Abuse,1,.mp4,16.323,True,30.0,1563,320,240,52.1,0.868,True,test
Abuse038_x264A,Abuse038_x264A.mp4,data\raw\ucf-crime\Augmented_Anomaly-Videos-Part-1\Anomaly-Videos-Part-1\Abuse\Abuse038_x264A.mp4,ucf-crime\Augmented_Anomaly-Videos-Part-1\Anomaly-Videos-Part-1\Abuse\Abuse038_x264A.mp4,Abuse,Abuse,1,.mp4,8.281,True,30.0,891,320,240,29.7,0.495,True,test
Abuse047_x264,Abuse047_x264.mp4,data\raw\ucf-crime\Anomaly-Videos-Part-1\Anomaly-Videos-Part-1\Abuse\Abuse047_x264.mp4,ucf-crime\Anomaly-Videos-Part-1\Anomaly-Videos-Part-1\Abuse\Abuse047_x264.mp4,Abuse,Abuse,1,.mp4,8.574,True,30.0,1563,320,240,52.1,0.868,True,test
Abuse048_x264A,Abuse048_x264A.mp4,data\raw\ucf-crime\Augmented_Anomaly-Videos-Part-1\Anomaly-Videos-Part-1\Abuse\Abuse048_x264A.mp4,ucf-crime\Augmented_Anomaly-Videos-Part-1\Anomaly-Videos-Part-1\Abuse\Abuse048_x264A.mp4,Abuse,Abuse,1,.mp4,18.905,True,30.0,3416,320,240,113.867,1.898,True,test
Abuse049_x264A,Abuse049_x264A.mp4,data\raw\ucf-crime\Augmented_Anomaly-Videos-Part-1\Anomaly-Videos-Part-1\Abuse\Abuse049_x264A.mp4,ucf-crime\Augmented_Anomaly-Videos-Part-1\Anomaly-Videos-Part-1\Abuse\Abuse049_x264A.mp4,Abuse,Abuse,1,.mp4,13.66,True,30.0,2137,320,240,71.233,1.187,True,test
Abuse050_x264A,Abuse050_x264A.mp4,data\raw\ucf-crime\Augmented_Anomaly-Videos-Part-1\Anomaly-Videos-Part-1\Abuse\Abuse050_x264A.mp4,ucf-crime\Augmented_Anomaly-Videos-Part-1\Anomaly-Videos-Part-1\Abuse\Abuse050_x264A.mp4,Abuse,Abuse,1,.mp4,78.982,True,30.0,4862,320,240,162.067,2.701,True,test
Arrest001_x264,Arrest001_x264.mp4,data\raw\ucf-crime\Anomaly-Videos-Part-1\Anomaly-Videos-Part-1\Arrest\Arrest001_x264.mp4,ucf-crime\Anomaly-Videos-Part-1\Anomaly-Videos-Part-1\Arrest\Arrest001_x264.mp4,Arrest,Arrest,1,.mp4,13.335,True,30.0,2374,320,240,79.133,1.319,True,test
Arrest002_x264A,Arrest002_x264A.mp4,data\raw\ucf-crime\Augmented_Anomaly-Videos-Part-1\Anomaly-Videos-Part-1\Arrest\Arrest002_x264A.mp4,ucf-crime\Augmented_Anomaly-Videos-Part-1\Anomaly-Videos-Part-1\Arrest\Arrest002_x264A.mp4,Arrest,Arrest,1,.mp4,8.014,True,30.0,1790,320,240,59.667,0.994,True,test
Arrest012_x264,Arrest012_x264.mp4,data\raw\ucf-crime\Anomaly-Videos-Part-1\Anomaly-Videos-Part-1\Arrest\Arrest012_x264.mp4,ucf-crime\Anomaly-Videos-Part-1\Anomaly-Videos-Part-1\Arrest\Arrest012_x264.mp4,Arrest,Arrest,1,.mp4,128.211,True,30.0,16161,320,240,538.7,8.978,True,test
Arrest012_x264A,Arrest012_x264A.mp4,data\raw\ucf-crime\Augmented_Anomaly-Videos-Part-1\Anomaly-Videos-Part-1\Arrest\Arrest012_x264A.mp4,ucf-crime\Augmented_Anomaly-Videos-Part-1\Anomaly-Videos-Part-1\Arrest\Arrest012_x264A.mp4,Arrest,Arrest,1,.mp4,277.319,True,30.0,16161,320,240,538.7,8.978,True,test
Arrest013_x264A,Arrest013_x264A.mp4,data\raw\ucf-crime\Augmented_Anomaly-Videos-Part-1\Anomaly-Videos-Part-1\Arrest\Arrest013_x264A.mp4,ucf-crime\Augmented_Anomaly-Videos-Part-1\Anomaly-Videos-Part-1\Arrest\Arrest013_x264A.mp4,Arrest,Arrest,1,.mp4,3.466,True,30.0,1116,320,240,37.2,0.62,True,test
Arrest015_x264,Arrest015_x264.mp4,data\raw\ucf-crime\Anomaly-Videos-Part-1\Anomaly-Videos-Part-1\Arrest\Arrest015_x264.mp4,ucf-crime\Anomaly-Videos-Part-1\Anomaly-Videos-Part-1\Arrest\Arrest015_x264.mp4,Arrest,Arrest,1,.mp4,5.877,True,30.0,976,320,240,32.533,0.542,True,test
Arrest015_x264A,Arrest015_x264A.mp4,data\raw\ucf-crime\Augmented_Anomaly-Videos-Part-1\Anomaly-Videos-Part-1\Arrest\Arrest015_x264A.mp4,ucf-crime\Augmented_Anomaly-Videos-Part-1\Anomaly-Videos-Part-1\Arrest\Arrest015_x264A.mp4,Arrest,Arrest,1,.mp4,4.775,True,30.0,976,320,240,32.533,0.542,True,test
Arrest023_x264,Arrest023_x264.mp4,data\raw\ucf-crime\Anomaly-Videos-Part-1\Anomaly-Videos-Part-1\Arrest\Arrest023_x264.mp4,ucf-crime\Anomaly-Videos-Part-1\Anomaly-Videos-Part-1\Arrest\Arrest023_x264.mp4,Arrest,Arrest,1,.mp4,10.706,True,30.0,1807,320,240,60.233,1.004,True,test
Arrest023_x264A,Arrest023_x264A.mp4,data\raw\ucf-crime\Augmented_Anomaly-Videos-Part-1\Anomaly-Videos-Part-1\Arrest\Arrest023_x264A.mp4,ucf-crime\Augmented_Anomaly-Videos-Part-1\Anomaly-Videos-Part-1\Arrest\Arrest023_x264A.mp4,Arrest,Arrest,1,.mp4,8.307,True,30.0,1807,320,240,60.233,1.004,True,test
Arrest027_x264,Arrest027_x264.mp4,data\raw\ucf-crime\Anomaly-Videos-Part-1\Anomaly-Videos-Part-1\Arrest\Arrest027_x264.mp4,ucf-crime\Anomaly-Videos-Part-1\Anomaly-Videos-Part-1\Arrest\Arrest027_x264.mp4,Arrest,Arrest,1,.mp4,13.566,True,30.0,1708,320,240,56.933,0.949,True,test
Arrest028_x264A,Arrest028_x264A.mp4,data\raw\ucf-crime\Augmented_Anomaly-Videos-Part-1\Anomaly-Videos-Part-1\Arrest\Arrest028_x264A.mp4,ucf-crime\Augmented_Anomaly-Videos-Part-1\Anomaly-Videos-Part-1\Arrest\Arrest028_x264A.mp4,Arrest,Arrest,1,.mp4,17.545,True,30.0,2495,320,240,83.167,1.386,True,test
Arrest037_x264,Arrest037_x264.mp4,data\raw\ucf-crime\Anomaly-Videos-Part-1\Anomaly-Videos-Part-1\Arrest\Arrest037_x264.mp4,ucf-crime\Anomaly-Videos-Part-1\Anomaly-Videos-Part-1\Arrest\Arrest037_x264.mp4,Arrest,Arrest,1,.mp4,17.593,True,30.0,2132,320,240,71.067,1.184,True,test
Arrest042_x264,Arrest042_x264.mp4,data\raw\ucf-crime\Anomaly-Videos-Part-1\Anomaly-Videos-Part-1\Arrest\Arrest042_x264.mp4,ucf-crime\Anomaly-Videos-Part-1\Anomaly-Videos-Part-1\Arrest\Arrest042_x264.mp4,Arrest,Arrest,1,.mp4,11.981,True,30.0,1590,320,240,53.0,0.883,True,test
Arrest049_x264,Arrest049_x264.mp4,data\raw\ucf-crime\Anomaly-Videos-Part-1\Anomaly-Videos-Part-1\Arrest\Arrest049_x264.mp4,ucf-crime\Anomaly-Videos-Part-1\Anomaly-Videos-Part-1\Arrest\Arrest049_x264.mp4,Arrest,Arrest,1,.mp4,102.241,True,30.0,11799,320,240,393.3,6.555,True,test
Arrest050_x264A,Arrest050_x264A.mp4,data\raw\ucf-crime\Augmented_Anomaly-Videos-Part-1\Anomaly-Videos-Part-1\Arrest\Arrest050_x264A.mp4,ucf-crime\Augmented_Anomaly-Videos-Part-1\Anomaly-Videos-Part-1\Arrest\Arrest050_x264A.mp4,Arrest,Arrest,1,.mp4,60.147,True,29.97,7111,320,240,237.27,3.955,True,test
Arson003_x264A,Arson003_x264A.mp4,data\raw\ucf-crime\Augmented_Anomaly-Videos-Part-1\Anomaly-Videos-Part-1\Arson\Arson003_x264A.mp4,ucf-crime\Augmented_Anomaly-Videos-Part-1\Anomaly-Videos-Part-1\Arson\Arson003_x264A.mp4,Arson,Arson,1,.mp4,19.185,True,30.0,4013,320,240,133.767,2.229,True,test
Arson006_x264A,Arson006_x264A.mp4,data\raw\ucf-crime\Augmented_Anomaly-Videos-Part-1\Anomaly-Videos-Part-1\Arson\Arson006_x264A.mp4,ucf-crime\Augmented_Anomaly-Videos-Part-1\Anomaly-Videos-Part-1\Arson\Arson006_x264A.mp4,Arson,Arson,1,.mp4,9.433,True,30.0,2815,320,240,93.833,1.564,True,test
Arson010_x264A,Arson010_x264A.mp4,data\raw\ucf-crime\Augmented_Anomaly-Videos-Part-1\Anomaly-Videos-Part-1\Arson\Arson010_x264A.mp4,ucf-crime\Augmented_Anomaly-Videos-Part-1\Anomaly-Videos-Part-1\Arson\Arson010_x264A.mp4,Arson,Arson,1,.mp4,8.281,True,30.0,3159,320,240,105.3,1.755,True,test
Arson012_x264,Arson012_x264.mp4,data\raw\ucf-crime\Anomaly-Videos-Part-1\Anomaly-Videos-Part-1\Arson\Arson012_x264.mp4,ucf-crime\Anomaly-Videos-Part-1\Anomaly-Videos-Part-1\Arson\Arson012_x264.mp4,Arson,Arson,1,.mp4,3.925,True,30.0,894,320,240,29.8,0.497,True,test
Arson017_x264,Arson017_x264.mp4,data\raw\ucf-crime\Anomaly-Videos-Part-1\Anomaly-Videos-Part-1\Arson\Arson017_x264.mp4,ucf-crime\Anomaly-Videos-Part-1\Anomaly-Videos-Part-1\Arson\Arson017_x264.mp4,Arson,Arson,1,.mp4,4.883,True,30.0,1382,320,240,46.067,0.768,True,test
Arson018_x264,Arson018_x264.mp4,data\raw\ucf-crime\Anomaly-Videos-Part-1\Anomaly-Videos-Part-1\Arson\Arson018_x264.mp4,ucf-crime\Anomaly-Videos-Part-1\Anomaly-Videos-Part-1\Arson\Arson018_x264.mp4,Arson,Arson,1,.mp4,6.475,True,30.0,842,320,240,28.067,0.468,True,test
Arson018_x264A,Arson018_x264A.mp4,data\raw\ucf-crime\Augmented_Anomaly-Videos-Part-1\Anomaly-Videos-Part-1\Arson\Arson018_x264A.mp4,ucf-crime\Augmented_Anomaly-Videos-Part-1\Anomaly-Videos-Part-1\Arson\Arson018_x264A.mp4,Arson,Arson,1,.mp4,5.474,True,30.0,842,320,240,28.067,0.468,True,test
Arson019_x264A,Arson019_x264A.mp4,data\raw\ucf-crime\Augmented_Anomaly-Videos-Part-1\Anomaly-Videos-Part-1\Arson\Arson019_x264A.mp4,ucf-crime\Augmented_Anomaly-Videos-Part-1\Anomaly-Videos-Part-1\Arson\Arson019_x264A.mp4,Arson,Arson,1,.mp4,946.217,True,30.0,126553,320,240,4218.433,70.307,True,test
Arson020_x264,Arson020_x264.mp4,data\raw\ucf-crime\Anomaly-Videos-Part-1\Anomaly-Videos-Part-1\Arson\Arson020_x264.mp4,ucf-crime\Anomaly-Videos-Part-1\Anomaly-Videos-Part-1\Arson\Arson020_x264.mp4,Arson,Arson,1,.mp4,20.776,True,30.0,2427,320,240,80.9,1.348,True,test
Arson021_x264,Arson021_x264.mp4,data\raw\ucf-crime\Anomaly-Videos-Part-1\Anomaly-Videos-Part-1\Arson\Arson021_x264.mp4,ucf-crime\Anomaly-Videos-Part-1\Anomaly-Videos-Part-1\Arson\Arson021_x264.mp4,Arson,Arson,1,.mp4,11.797,True,30.0,1441,320,240,48.033,0.801,True,test
Arson021_x264A,Arson021_x264A.mp4,data\raw\ucf-crime\Augmented_Anomaly-Videos-Part-1\Anomaly-Videos-Part-1\Arson\Arson021_x264A.mp4,ucf-crime\Augmented_Anomaly-Videos-Part-1\Anomaly-Videos-Part-1\Arson\Arson021_x264A.mp4,Arson,Arson,1,.mp4,9.468,True,30.0,1441,320,240,48.033,0.801,True,test
Arson025_x264,Arson025_x264.mp4,data\raw\ucf-crime\Anomaly-Videos-Part-1\Anomaly-Videos-Part-1\Arson\Arson025_x264.mp4,ucf-crime\Anomaly-Videos-Part-1\Anomaly-Videos-Part-1\Arson\Arson025_x264.mp4,Arson,Arson,1,.mp4,31.955,True,30.0,5283,320,240,176.1,2.935,True,test
Arson028_x264A,Arson028_x264A.mp4,data\raw\ucf-crime\Augmented_Anomaly-Videos-Part-1\Anomaly-Videos-Part-1\Arson\Arson028_x264A.mp4,ucf-crime\Augmented_Anomaly-Videos-Part-1\Anomaly-Videos-Part-1\Arson\Arson028_x264A.mp4,Arson,Arson,1,.mp4,8.801,True,30.0,2409,320,240,80.3,1.338,True,test
Arson031_x264A,Arson031_x264A.mp4,data\raw\ucf-crime\Augmented_Anomaly-Videos-Part-1\Anomaly-Videos-Part-1\Arson\Arson031_x264A.mp4,ucf-crime\Augmented_Anomaly-Videos-Part-1\Anomaly-Videos-Part-1\Arson\Arson031_x264A.mp4,Arson,Arson,1,.mp4,8.058,True,30.0,2884,320,240,96.133,1.602,True,test
Arson047_x264A,Arson047_x264A.mp4,data\raw\ucf-crime\Augmented_Anomaly-Videos-Part-1\Anomaly-Videos-Part-1\Arson\Arson047_x264A.mp4,ucf-crime\Augmented_Anomaly-Videos-Part-1\Anomaly-Videos-Part-1\Arson\Arson047_x264A.mp4,Arson,Arson,1,.mp4,11.256,True,30.0,1442,320,240,48.067,0.801,True,test
Assault001_x264A,Assault001_x264A.mp4,data\raw\ucf-crime\Augmented_Anomaly-Videos-Part-1\Anomaly-Videos-Part-1\Assault\Assault001_x264A.mp4,ucf-crime\Augmented_Anomaly-Videos-Part-1\Anomaly-Videos-Part-1\Assault\Assault001_x264A.mp4,Assault,Assault,1,.mp4,19.363,True,30.0,2486,320,240,82.867,1.381,True,test
Assault004_x264,Assault004_x264.mp4,data\raw\ucf-crime\Anomaly-Videos-Part-1\Anomaly-Videos-Part-1\Assault\Assault004_x264.mp4,ucf-crime\Anomaly-Videos-Part-1\Anomaly-Videos-Part-1\Assault\Assault004_x264.mp4,Assault,Assault,1,.mp4,25.522,True,30.0,3223,320,240,107.433,1.791,True,test
Assault004_x264A,Assault004_x264A.mp4,data\raw\ucf-crime\Augmented_Anomaly-Videos-Part-1\Anomaly-Videos-Part-1\Assault\Assault004_x264A.mp4,ucf-crime\Augmented_Anomaly-Videos-Part-1\Anomaly-Videos-Part-1\Assault\Assault004_x264A.mp4,Assault,Assault,1,.mp4,40.229,True,30.0,3223,320,240,107.433,1.791,True,test
Assault008_x264,Assault008_x264.mp4,data\raw\ucf-crime\Anomaly-Videos-Part-1\Anomaly-Videos-Part-1\Assault\Assault008_x264.mp4,ucf-crime\Anomaly-Videos-Part-1\Anomaly-Videos-Part-1\Assault\Assault008_x264.mp4,Assault,Assault,1,.mp4,61.519,True,30.0,7536,320,240,251.2,4.187,True,test
Assault017_x264,Assault017_x264.mp4,data\raw\ucf-crime\Anomaly-Videos-Part-1\Anomaly-Videos-Part-1\Assault\Assault017_x264.mp4,ucf-crime\Anomaly-Videos-Part-1\Anomaly-Videos-Part-1\Assault\Assault017_x264.mp4,Assault,Assault,1,.mp4,23.601,True,30.0,2450,320,240,81.667,1.361,True,test
Assault019_x264,Assault019_x264.mp4,data\raw\ucf-crime\Anomaly-Videos-Part-1\Anomaly-Videos-Part-1\Assault\Assault019_x264.mp4,ucf-crime\Anomaly-Videos-Part-1\Anomaly-Videos-Part-1\Assault\Assault019_x264.mp4,Assault,Assault,1,.mp4,16.137,True,30.0,2538,320,240,84.6,1.41,True,test
Assault022_x264,Assault022_x264.mp4,data\raw\ucf-crime\Anomaly-Videos-Part-1\Anomaly-Videos-Part-1\Assault\Assault022_x264.mp4,ucf-crime\Anomaly-Videos-Part-1\Anomaly-Videos-Part-1\Assault\Assault022_x264.mp4,Assault,Assault,1,.mp4,16.183,True,30.0,2520,320,240,84.0,1.4,True,test
Assault025_x264,Assault025_x264.mp4,data\raw\ucf-crime\Anomaly-Videos-Part-1\Anomaly-Videos-Part-1\Assault\Assault025_x264.mp4,ucf-crime\Anomaly-Videos-Part-1\Anomaly-Videos-Part-1\Assault\Assault025_x264.mp4,Assault,Assault,1,.mp4,11.112,True,30.0,1160,320,240,38.667,0.644,True,test
Assault028_x264,Assault028_x264.mp4,data\raw\ucf-crime\Anomaly-Videos-Part-1\Anomaly-Videos-Part-1\Assault\Assault028_x264.mp4,ucf-crime\Anomaly-Videos-Part-1\Anomaly-Videos-Part-1\Assault\Assault028_x264.mp4,Assault,Assault,1,.mp4,21.047,True,30.0,2635,320,240,87.833,1.464,True,test
Assault031_x264,Assault031_x264.mp4,data\raw\ucf-crime\Anomaly-Videos-Part-1\Anomaly-Videos-Part-1\Assault\Assault031_x264.mp4,ucf-crime\Anomaly-Videos-Part-1\Anomaly-Videos-Part-1\Assault\Assault031_x264.mp4,Assault,Assault,1,.mp4,6.27,True,30.0,756,320,240,25.2,0.42,True,test
Assault036_x264,Assault036_x264.mp4,data\raw\ucf-crime\Anomaly-Videos-Part-1\Anomaly-Videos-Part-1\Assault\Assault036_x264.mp4,ucf-crime\Anomaly-Videos-Part-1\Anomaly-Videos-Part-1\Assault\Assault036_x264.mp4,Assault,Assault,1,.mp4,5.17,True,30.0,912,320,240,30.4,0.507,True,test
Assault039_x264,Assault039_x264.mp4,data\raw\ucf-crime\Anomaly-Videos-Part-1\Anomaly-Videos-Part-1\Assault\Assault039_x264.mp4,ucf-crime\Anomaly-Videos-Part-1\Anomaly-Videos-Part-1\Assault\Assault039_x264.mp4,Assault,Assault,1,.mp4,1.933,True,30.0,295,320,240,9.833,0.164,True,test
Assault045_x264A,Assault045_x264A.mp4,data\raw\ucf-crime\Augmented_Anomaly-Videos-Part-1\Anomaly-Videos-Part-1\Assault\Assault045_x264A.mp4,ucf-crime\Augmented_Anomaly-Videos-Part-1\Anomaly-Videos-Part-1\Assault\Assault045_x264A.mp4,Assault,Assault,1,.mp4,4.3,True,30.0,1119,320,240,37.3,0.622,True,test
Assault050_x264,Assault050_x264.mp4,data\raw\ucf-crime\Anomaly-Videos-Part-1\Anomaly-Videos-Part-1\Assault\Assault050_x264.mp4,ucf-crime\Anomaly-Videos-Part-1\Anomaly-Videos-Part-1\Assault\Assault050_x264.mp4,Assault,Assault,1,.mp4,4.169,True,30.0,623,320,240,20.767,0.346,True,test
Assault051_x264,Assault051_x264.mp4,data\raw\ucf-crime\Anomaly-Videos-Part-1\Anomaly-Videos-Part-1\Assault\Assault051_x264.mp4,ucf-crime\Anomaly-Videos-Part-1\Anomaly-Videos-Part-1\Assault\Assault051_x264.mp4,Assault,Assault,1,.mp4,4.076,True,30.0,601,320,240,20.033,0.334,True,test
Burglary006_x264A,Burglary006_x264A.mp4,data\raw\ucf-crime\Burglary\Burglary006_x264A.mp4,ucf-crime\Burglary\Burglary006_x264A.mp4,Burglary,Burglary,1,.mp4,57.449,True,30.0,8937,320,240,297.9,4.965,True,test
Burglary009_x264A,Burglary009_x264A.mp4,data\raw\ucf-crime\Burglary\Burglary009_x264A.mp4,ucf-crime\Burglary\Burglary009_x264A.mp4,Burglary,Burglary,1,.mp4,7.662,True,30.0,2557,320,240,85.233,1.421,True,test
Burglary017_x264A,Burglary017_x264A.mp4,data\raw\ucf-crime\Burglary\Burglary017_x264A.mp4,ucf-crime\Burglary\Burglary017_x264A.mp4,Burglary,Burglary,1,.mp4,34.592,True,30.0,2113,320,240,70.433,1.174,True,test
Burglary018_x264A,Burglary018_x264A.mp4,data\raw\ucf-crime\Burglary\Burglary018_x264A.mp4,ucf-crime\Burglary\Burglary018_x264A.mp4,Burglary,Burglary,1,.mp4,1.152,True,30.0,1125,320,240,37.5,0.625,True,test
Burglary019_x264,Burglary019_x264.mp4,data\raw\ucf-crime\Anomaly-Videos-Part_2\Anomaly-Videos-Part-2\Burglary\Burglary019_x264.mp4,ucf-crime\Anomaly-Videos-Part_2\Anomaly-Videos-Part-2\Burglary\Burglary019_x264.mp4,Burglary,Burglary,1,.mp4,20.849,True,30.0,2891,320,240,96.367,1.606,True,test
Burglary022_x264A,Burglary022_x264A.mp4,data\raw\ucf-crime\Burglary\Burglary022_x264A.mp4,ucf-crime\Burglary\Burglary022_x264A.mp4,Burglary,Burglary,1,.mp4,26.089,True,30.0,2838,320,240,94.6,1.577,True,test
Burglary025_x264A,Burglary025_x264A.mp4,data\raw\ucf-crime\Burglary\Burglary025_x264A.mp4,ucf-crime\Burglary\Burglary025_x264A.mp4,Burglary,Burglary,1,.mp4,18.714,True,30.0,6214,320,240,207.133,3.452,True,test
Burglary026_x264,Burglary026_x264.mp4,data\raw\ucf-crime\Anomaly-Videos-Part_2\Anomaly-Videos-Part-2\Burglary\Burglary026_x264.mp4,ucf-crime\Anomaly-Videos-Part_2\Anomaly-Videos-Part-2\Burglary\Burglary026_x264.mp4,Burglary,Burglary,1,.mp4,11.829,True,30.0,1534,320,240,51.133,0.852,True,test
Burglary027_x264A,Burglary027_x264A.mp4,data\raw\ucf-crime\Burglary\Burglary027_x264A.mp4,ucf-crime\Burglary\Burglary027_x264A.mp4,Burglary,Burglary,1,.mp4,11.112,True,30.0,3096,320,240,103.2,1.72,True,test
Burglary029_x264A,Burglary029_x264A.mp4,data\raw\ucf-crime\Burglary\Burglary029_x264A.mp4,ucf-crime\Burglary\Burglary029_x264A.mp4,Burglary,Burglary,1,.mp4,14.606,True,30.0,5021,320,240,167.367,2.789,True,test
Burglary048_x264,Burglary048_x264.mp4,data\raw\ucf-crime\Anomaly-Videos-Part_2\Anomaly-Videos-Part-2\Burglary\Burglary048_x264.mp4,ucf-crime\Anomaly-Videos-Part_2\Anomaly-Videos-Part-2\Burglary\Burglary048_x264.mp4,Burglary,Burglary,1,.mp4,9.128,True,30.0,1650,320,240,55.0,0.917,True,test
Burglary052_x264,Burglary052_x264.mp4,data\raw\ucf-crime\Anomaly-Videos-Part_2\Anomaly-Videos-Part-2\Burglary\Burglary052_x264.mp4,ucf-crime\Anomaly-Videos-Part_2\Anomaly-Videos-Part-2\Burglary\Burglary052_x264.mp4,Burglary,Burglary,1,.mp4,79.254,True,30.0,9978,320,240,332.6,5.543,True,test
Burglary058_x264,Burglary058_x264.mp4,data\raw\ucf-crime\Anomaly-Videos-Part_2\Anomaly-Videos-Part-2\Burglary\Burglary058_x264.mp4,ucf-crime\Anomaly-Videos-Part_2\Anomaly-Videos-Part-2\Burglary\Burglary058_x264.mp4,Burglary,Burglary,1,.mp4,56.044,True,30.0,11430,320,240,381.0,6.35,True,test
Burglary062_x264,Burglary062_x264.mp4,data\raw\ucf-crime\Anomaly-Videos-Part_2\Anomaly-Videos-Part-2\Burglary\Burglary062_x264.mp4,ucf-crime\Anomaly-Videos-Part_2\Anomaly-Videos-Part-2\Burglary\Burglary062_x264.mp4,Burglary,Burglary,1,.mp4,42.799,True,30.0,11254,320,240,375.133,6.252,True,test
Burglary067_x264,Burglary067_x264.mp4,data\raw\ucf-crime\Anomaly-Videos-Part_2\Anomaly-Videos-Part-2\Burglary\Burglary067_x264.mp4,ucf-crime\Anomaly-Videos-Part_2\Anomaly-Videos-Part-2\Burglary\Burglary067_x264.mp4,Burglary,Burglary,1,.mp4,10.674,True,30.0,1312,320,240,43.733,0.729,True,test
Burglary082_x264A,Burglary082_x264A.mp4,data\raw\ucf-crime\Burglary\Burglary082_x264A.mp4,ucf-crime\Burglary\Burglary082_x264A.mp4,Burglary,Burglary,1,.mp4,9.778,True,30.0,2777,320,240,92.567,1.543,True,test
Burglary088_x264A,Burglary088_x264A.mp4,data\raw\ucf-crime\Burglary\Burglary088_x264A.mp4,ucf-crime\Burglary\Burglary088_x264A.mp4,Burglary,Burglary,1,.mp4,30.832,True,30.0,4879,320,240,162.633,2.711,True,test
Burglary089_x264,Burglary089_x264.mp4,data\raw\ucf-crime\Anomaly-Videos-Part_2\Anomaly-Videos-Part-2\Burglary\Burglary089_x264.mp4,ucf-crime\Anomaly-Videos-Part_2\Anomaly-Videos-Part-2\Burglary\Burglary089_x264.mp4,Burglary,Burglary,1,.mp4,25.259,True,30.0,3357,320,240,111.9,1.865,True,test
Burglary092_x264,Burglary092_x264.mp4,data\raw\ucf-crime\Anomaly-Videos-Part_2\Anomaly-Videos-Part-2\Burglary\Burglary092_x264.mp4,ucf-crime\Anomaly-Videos-Part_2\Anomaly-Videos-Part-2\Burglary\Burglary092_x264.mp4,Burglary,Burglary,1,.mp4,4.641,True,30.0,625,320,240,20.833,0.347,True,test
Burglary094_x264A,Burglary094_x264A.mp4,data\raw\ucf-crime\Burglary\Burglary094_x264A.mp4,ucf-crime\Burglary\Burglary094_x264A.mp4,Burglary,Burglary,1,.mp4,4.122,True,30.0,1441,320,240,48.033,0.801,True,test
Burglary096_x264,Burglary096_x264.mp4,data\raw\ucf-crime\Anomaly-Videos-Part_2\Anomaly-Videos-Part-2\Burglary\Burglary096_x264.mp4,ucf-crime\Anomaly-Videos-Part_2\Anomaly-Videos-Part-2\Burglary\Burglary096_x264.mp4,Burglary,Burglary,1,.mp4,57.644,True,30.0,6629,320,240,220.967,3.683,True,test
Burglary099_x264,Burglary099_x264.mp4,data\raw\ucf-crime\Anomaly-Videos-Part_2\Anomaly-Videos-Part-2\Burglary\Burglary099_x264.mp4,ucf-crime\Anomaly-Videos-Part_2\Anomaly-Videos-Part-2\Burglary\Burglary099_x264.mp4,Burglary,Burglary,1,.mp4,9.073,True,30.0,1333,320,240,44.433,0.741,True,test
Explosion003_x264A,Explosion003_x264A.mp4,data\raw\ucf-crime\Explosion\Explosion\Explosion003_x264A.mp4,ucf-crime\Explosion\Explosion\Explosion003_x264A.mp4,Explosion,Explosion,1,.mp4,7.296,True,30.0,576,320,240,19.2,0.32,True,test
Explosion008_x264A,Explosion008_x264A.mp4,data\raw\ucf-crime\Explosion\Explosion\Explosion008_x264A.mp4,ucf-crime\Explosion\Explosion\Explosion008_x264A.mp4,Explosion,Explosion,1,.mp4,7.64,True,30.0,1748,320,240,58.267,0.971,True,test
Explosion009_x264,Explosion009_x264.mp4,data\raw\ucf-crime\Anomaly-Videos-Part_2\Anomaly-Videos-Part-2\Explosion\Explosion009_x264.mp4,ucf-crime\Anomaly-Videos-Part_2\Anomaly-Videos-Part-2\Explosion\Explosion009_x264.mp4,Explosion,Explosion,1,.mp4,9.131,True,30.0,1101,320,240,36.7,0.612,True,test
Explosion009_x264A,Explosion009_x264A.mp4,data\raw\ucf-crime\Explosion\Explosion\Explosion009_x264A.mp4,ucf-crime\Explosion\Explosion\Explosion009_x264A.mp4,Explosion,Explosion,1,.mp4,7.731,True,30.0,1101,320,240,36.7,0.612,True,test
Explosion013_x264,Explosion013_x264.mp4,data\raw\ucf-crime\Anomaly-Videos-Part_2\Anomaly-Videos-Part-2\Explosion\Explosion013_x264.mp4,ucf-crime\Anomaly-Videos-Part_2\Anomaly-Videos-Part-2\Explosion\Explosion013_x264.mp4,Explosion,Explosion,1,.mp4,15.658,True,30.0,3317,320,240,110.567,1.843,True,test
Explosion019_x264A,Explosion019_x264A.mp4,data\raw\ucf-crime\Explosion\Explosion\Explosion019_x264A.mp4,ucf-crime\Explosion\Explosion\Explosion019_x264A.mp4,Explosion,Explosion,1,.mp4,5.149,True,30.0,359,320,240,11.967,0.199,True,test
Explosion025_x264,Explosion025_x264.mp4,data\raw\ucf-crime\Anomaly-Videos-Part_2\Anomaly-Videos-Part-2\Explosion\Explosion025_x264.mp4,ucf-crime\Anomaly-Videos-Part_2\Anomaly-Videos-Part-2\Explosion\Explosion025_x264.mp4,Explosion,Explosion,1,.mp4,4.265,True,30.0,505,320,240,16.833,0.281,True,test
Explosion026_x264A,Explosion026_x264A.mp4,data\raw\ucf-crime\Explosion\Explosion\Explosion026_x264A.mp4,ucf-crime\Explosion\Explosion\Explosion026_x264A.mp4,Explosion,Explosion,1,.mp4,15.185,True,30.0,2587,320,240,86.233,1.437,True,test
Explosion028_x264,Explosion028_x264.mp4,data\raw\ucf-crime\Anomaly-Videos-Part_2\Anomaly-Videos-Part-2\Explosion\Explosion028_x264.mp4,ucf-crime\Anomaly-Videos-Part_2\Anomaly-Videos-Part-2\Explosion\Explosion028_x264.mp4,Explosion,Explosion,1,.mp4,9.736,True,30.0,1705,320,240,56.833,0.947,True,test
Explosion028_x264A,Explosion028_x264A.mp4,data\raw\ucf-crime\Explosion\Explosion\Explosion028_x264A.mp4,ucf-crime\Explosion\Explosion\Explosion028_x264A.mp4,Explosion,Explosion,1,.mp4,7.265,True,30.0,1705,320,240,56.833,0.947,True,test
Explosion034_x264A,Explosion034_x264A.mp4,data\raw\ucf-crime\Explosion\Explosion\Explosion034_x264A.mp4,ucf-crime\Explosion\Explosion\Explosion034_x264A.mp4,Explosion,Explosion,1,.mp4,0.813,True,30.0,414,320,240,13.8,0.23,True,test
Explosion035_x264A,Explosion035_x264A.mp4,data\raw\ucf-crime\Explosion\Explosion\Explosion035_x264A.mp4,ucf-crime\Explosion\Explosion\Explosion035_x264A.mp4,Explosion,Explosion,1,.mp4,13.618,True,30.0,2865,320,240,95.5,1.592,True,test
Explosion037_x264A,Explosion037_x264A.mp4,data\raw\ucf-crime\Explosion\Explosion\Explosion037_x264A.mp4,ucf-crime\Explosion\Explosion\Explosion037_x264A.mp4,Explosion,Explosion,1,.mp4,8.674,True,30.0,962,320,240,32.067,0.534,True,test
Explosion047_x264A,Explosion047_x264A.mp4,data\raw\ucf-crime\Explosion\Explosion\Explosion047_x264A.mp4,ucf-crime\Explosion\Explosion\Explosion047_x264A.mp4,Explosion,Explosion,1,.mp4,4.685,True,30.0,1387,320,240,46.233,0.771,True,test
Explosion051_x264A,Explosion051_x264A.mp4,data\raw\ucf-crime\Explosion\Explosion\Explosion051_x264A.mp4,ucf-crime\Explosion\Explosion\Explosion051_x264A.mp4,Explosion,Explosion,1,.mp4,10.576,True,30.0,2820,320,240,94.0,1.567,True,test
Fighting002_x264,Fighting002_x264.mp4,data\raw\ucf-crime\Anomaly-Videos-Part_2\Anomaly-Videos-Part-2\Fighting\Fighting002_x264.mp4,ucf-crime\Anomaly-Videos-Part_2\Anomaly-Videos-Part-2\Fighting\Fighting002_x264.mp4,Fighting,Fighting,1,.mp4,16.171,True,30.0,2688,320,240,89.6,1.493,True,test
Fighting006_x264A,Fighting006_x264A.mp4,data\raw\ucf-crime\FightingA_Part11\Fighting006_x264A.mp4,ucf-crime\FightingA_Part11\Fighting006_x264A.mp4,FightingA_Part11,Fighting,1,.mp4,10.876,True,30.0,944,320,240,31.467,0.524,True,test
Fighting009_x264,Fighting009_x264.mp4,data\raw\ucf-crime\Anomaly-Videos-Part_2\Anomaly-Videos-Part-2\Fighting\Fighting009_x264.mp4,ucf-crime\Anomaly-Videos-Part_2\Anomaly-Videos-Part-2\Fighting\Fighting009_x264.mp4,Fighting,Fighting,1,.mp4,17.033,True,30.0,2132,320,240,71.067,1.184,True,test
Fighting013_x264,Fighting013_x264.mp4,data\raw\ucf-crime\Anomaly-Videos-Part_2\Anomaly-Videos-Part-2\Fighting\Fighting013_x264.mp4,ucf-crime\Anomaly-Videos-Part_2\Anomaly-Videos-Part-2\Fighting\Fighting013_x264.mp4,Fighting,Fighting,1,.mp4,11.838,True,30.0,1434,320,240,47.8,0.797,True,test
Fighting015_x264,Fighting015_x264.mp4,data\raw\ucf-crime\Anomaly-Videos-Part_2\Anomaly-Videos-Part-2\Fighting\Fighting015_x264.mp4,ucf-crime\Anomaly-Videos-Part_2\Anomaly-Videos-Part-2\Fighting\Fighting015_x264.mp4,Fighting,Fighting,1,.mp4,84.146,True,30.0,9925,320,240,330.833,5.514,True,test
Fighting016_x264,Fighting016_x264.mp4,data\raw\ucf-crime\Anomaly-Videos-Part_2\Anomaly-Videos-Part-2\Fighting\Fighting016_x264.mp4,ucf-crime\Anomaly-Videos-Part_2\Anomaly-Videos-Part-2\Fighting\Fighting016_x264.mp4,Fighting,Fighting,1,.mp4,21.363,True,30.0,2903,320,240,96.767,1.613,True,test
Fighting016_x264A,Fighting016_x264A.mp4,data\raw\ucf-crime\FightingA_Part1\Fighting016_x264A.mp4,ucf-crime\FightingA_Part1\Fighting016_x264A.mp4,FightingA_Part1,Fighting,1,.mp4,17.39,True,30.0,2903,320,240,96.767,1.613,True,test
Fighting017_x264,Fighting017_x264.mp4,data\raw\ucf-crime\Anomaly-Videos-Part_2\Anomaly-Videos-Part-2\Fighting\Fighting017_x264.mp4,ucf-crime\Anomaly-Videos-Part_2\Anomaly-Videos-Part-2\Fighting\Fighting017_x264.mp4,Fighting,Fighting,1,.mp4,18.054,True,30.0,2078,320,240,69.267,1.154,True,test
Fighting019_x264,Fighting019_x264.mp4,data\raw\ucf-crime\Anomaly-Videos-Part_2\Anomaly-Videos-Part-2\Fighting\Fighting019_x264.mp4,ucf-crime\Anomaly-Videos-Part_2\Anomaly-Videos-Part-2\Fighting\Fighting019_x264.mp4,Fighting,Fighting,1,.mp4,24.829,True,30.0,3213,320,240,107.1,1.785,True,test
Fighting022_x264A,Fighting022_x264A.mp4,data\raw\ucf-crime\FightingA_Part1\Fighting022_x264A.mp4,ucf-crime\FightingA_Part1\Fighting022_x264A.mp4,FightingA_Part1,Fighting,1,.mp4,44.974,True,30.0,4353,320,240,145.1,2.418,True,test
Fighting026_x264A,Fighting026_x264A.mp4,data\raw\ucf-crime\FightingA_Part1\Fighting026_x264A.mp4,ucf-crime\FightingA_Part1\Fighting026_x264A.mp4,FightingA_Part1,Fighting,1,.mp4,11.468,True,30.0,3501,320,240,116.7,1.945,True,test
Fighting029_x264,Fighting029_x264.mp4,data\raw\ucf-crime\Anomaly-Videos-Part_2\Anomaly-Videos-Part-2\Fighting\Fighting029_x264.mp4,ucf-crime\Anomaly-Videos-Part_2\Anomaly-Videos-Part-2\Fighting\Fighting029_x264.mp4,Fighting,Fighting,1,.mp4,19.307,True,30.0,4375,320,240,145.833,2.431,True,test
Fighting032_x264,Fighting032_x264.mp4,data\raw\ucf-crime\Anomaly-Videos-Part_2\Anomaly-Videos-Part-2\Fighting\Fighting032_x264.mp4,ucf-crime\Anomaly-Videos-Part_2\Anomaly-Videos-Part-2\Fighting\Fighting032_x264.mp4,Fighting,Fighting,1,.mp4,11.487,True,30.0,1343,320,240,44.767,0.746,True,test
Fighting037_x264,Fighting037_x264.mp4,data\raw\ucf-crime\Anomaly-Videos-Part_2\Anomaly-Videos-Part-2\Fighting\Fighting037_x264.mp4,ucf-crime\Anomaly-Videos-Part_2\Anomaly-Videos-Part-2\Fighting\Fighting037_x264.mp4,Fighting,Fighting,1,.mp4,30.845,True,30.0,4357,320,240,145.233,2.421,True,test
Fighting051_x264,Fighting051_x264.mp4,data\raw\ucf-crime\Anomaly-Videos-Part_2\Anomaly-Videos-Part-2\Fighting\Fighting051_x264.mp4,ucf-crime\Anomaly-Videos-Part_2\Anomaly-Videos-Part-2\Fighting\Fighting051_x264.mp4,Fighting,Fighting,1,.mp4,52.441,True,30.0,6608,320,240,220.267,3.671,True,test
Normal_Videos_015_x264,Normal_Videos_015_x264.mp4,data\raw\ucf-crime\Normal_Videos_for_Event_Recognition\Normal_Videos_for_Event_Recognition\Normal_Videos_015_x264.mp4,ucf-crime\Normal_Videos_for_Event_Recognition\Normal_Videos_for_Event_Recognition\Normal_Videos_015_x264.mp4,Normal_Videos_for_Event_Recognition,Normal,0,.mp4,2.761,True,30.0,480,320,240,16.0,0.267,True,test
Normal_Videos_312_x264,Normal_Videos_312_x264.mp4,data\raw\ucf-crime\Normal_Videos_for_Event_Recognition\Normal_Videos_for_Event_Recognition\Normal_Videos_312_x264.mp4,ucf-crime\Normal_Videos_for_Event_Recognition\Normal_Videos_for_Event_Recognition\Normal_Videos_312_x264.mp4,Normal_Videos_for_Event_Recognition,Normal,0,.mp4,10.795,True,30.0,1261,320,240,42.033,0.701,True,test
Normal_Videos_365_x264,Normal_Videos_365_x264.mp4,data\raw\ucf-crime\Normal_Videos_for_Event_Recognition\Normal_Videos_for_Event_Recognition\Normal_Videos_365_x264.mp4,ucf-crime\Normal_Videos_for_Event_Recognition\Normal_Videos_for_Event_Recognition\Normal_Videos_365_x264.mp4,Normal_Videos_for_Event_Recognition,Normal,0,.mp4,32.855,True,30.0,6626,320,240,220.867,3.681,True,test
Normal_Videos_452_x264,Normal_Videos_452_x264.mp4,data\raw\ucf-crime\Normal_Videos_for_Event_Recognition\Normal_Videos_for_Event_Recognition\Normal_Videos_452_x264.mp4,ucf-crime\Normal_Videos_for_Event_Recognition\Normal_Videos_for_Event_Recognition\Normal_Videos_452_x264.mp4,Normal_Videos_for_Event_Recognition,Normal,0,.mp4,3.482,True,30.0,443,320,240,14.767,0.246,True,test
Normal_Videos_641_x264,Normal_Videos_641_x264.mp4,data\raw\ucf-crime\Normal_Videos_for_Event_Recognition\Normal_Videos_for_Event_Recognition\Normal_Videos_641_x264.mp4,ucf-crime\Normal_Videos_for_Event_Recognition\Normal_Videos_for_Event_Recognition\Normal_Videos_641_x264.mp4,Normal_Videos_for_Event_Recognition,Normal,0,.mp4,20.371,True,30.0,3600,320,240,120.0,2.0,True,test
Normal_Videos_885_x264,Normal_Videos_885_x264.mp4,data\raw\ucf-crime\Normal_Videos_for_Event_Recognition\Normal_Videos_for_Event_Recognition\Normal_Videos_885_x264.mp4,ucf-crime\Normal_Videos_for_Event_Recognition\Normal_Videos_for_Event_Recognition\Normal_Videos_885_x264.mp4,Normal_Videos_for_Event_Recognition,Normal,0,.mp4,2.327,True,30.0,474,320,240,15.8,0.263,True,test
Normal_Videos_892_x264,Normal_Videos_892_x264.mp4,data\raw\ucf-crime\Normal_Videos_for_Event_Recognition\Normal_Videos_for_Event_Recognition\Normal_Videos_892_x264.mp4,ucf-crime\Normal_Videos_for_Event_Recognition\Normal_Videos_for_Event_Recognition\Normal_Videos_892_x264.mp4,Normal_Videos_for_Event_Recognition,Normal,0,.mp4,13.18,True,30.0,1770,320,240,59.0,0.983,True,test
RoadAccidents008_x264,RoadAccidents008_x264.mp4,data\raw\ucf-crime\Anomaly-Videos-Part-3\Anomaly-Videos-Part-3\RoadAccidents\RoadAccidents008_x264.mp4,ucf-crime\Anomaly-Videos-Part-3\Anomaly-Videos-Part-3\RoadAccidents\RoadAccidents008_x264.mp4,RoadAccidents,RoadAccidents,1,.mp4,9.094,True,30.0,1327,320,240,44.233,0.737,True,test
RoadAccidents012_x264,RoadAccidents012_x264.mp4,data\raw\ucf-crime\Anomaly-Videos-Part-3\Anomaly-Videos-Part-3\RoadAccidents\RoadAccidents012_x264.mp4,ucf-crime\Anomaly-Videos-Part-3\Anomaly-Videos-Part-3\RoadAccidents\RoadAccidents012_x264.mp4,RoadAccidents,RoadAccidents,1,.mp4,3.549,True,30.0,468,320,240,15.6,0.26,True,test
RoadAccidents021_x264,RoadAccidents021_x264.mp4,data\raw\ucf-crime\Anomaly-Videos-Part-3\Anomaly-Videos-Part-3\RoadAccidents\RoadAccidents021_x264.mp4,ucf-crime\Anomaly-Videos-Part-3\Anomaly-Videos-Part-3\RoadAccidents\RoadAccidents021_x264.mp4,RoadAccidents,RoadAccidents,1,.mp4,0.872,True,30.0,155,320,240,5.167,0.086,True,test
RoadAccidents022_x264,RoadAccidents022_x264.mp4,data\raw\ucf-crime\Anomaly-Videos-Part-3\Anomaly-Videos-Part-3\RoadAccidents\RoadAccidents022_x264.mp4,ucf-crime\Anomaly-Videos-Part-3\Anomaly-Videos-Part-3\RoadAccidents\RoadAccidents022_x264.mp4,RoadAccidents,RoadAccidents,1,.mp4,5.579,True,30.0,716,320,240,23.867,0.398,True,test
RoadAccidents025_x264,RoadAccidents025_x264.mp4,data\raw\ucf-crime\Anomaly-Videos-Part-3\Anomaly-Videos-Part-3\RoadAccidents\RoadAccidents025_x264.mp4,ucf-crime\Anomaly-Videos-Part-3\Anomaly-Videos-Part-3\RoadAccidents\RoadAccidents025_x264.mp4,RoadAccidents,RoadAccidents,1,.mp4,10.31,True,30.0,1189,320,240,39.633,0.661,True,test
RoadAccidents034_x264,RoadAccidents034_x264.mp4,data\raw\ucf-crime\Anomaly-Videos-Part-3\Anomaly-Videos-Part-3\RoadAccidents\RoadAccidents034_x264.mp4,ucf-crime\Anomaly-Videos-Part-3\Anomaly-Videos-Part-3\RoadAccidents\RoadAccidents034_x264.mp4,RoadAccidents,RoadAccidents,1,.mp4,14.7,True,30.0,1739,320,240,57.967,0.966,True,test
RoadAccidents046_x264,RoadAccidents046_x264.mp4,data\raw\ucf-crime\Anomaly-Videos-Part-3\Anomaly-Videos-Part-3\RoadAccidents\RoadAccidents046_x264.mp4,ucf-crime\Anomaly-Videos-Part-3\Anomaly-Videos-Part-3\RoadAccidents\RoadAccidents046_x264.mp4,RoadAccidents,RoadAccidents,1,.mp4,5.253,True,30.0,665,320,240,22.167,0.369,True,test
RoadAccidents047_x264,RoadAccidents047_x264.mp4,data\raw\ucf-crime\Anomaly-Videos-Part-3\Anomaly-Videos-Part-3\RoadAccidents\RoadAccidents047_x264.mp4,ucf-crime\Anomaly-Videos-Part-3\Anomaly-Videos-Part-3\RoadAccidents\RoadAccidents047_x264.mp4,RoadAccidents,RoadAccidents,1,.mp4,3.364,True,30.0,439,320,240,14.633,0.244,True,test
RoadAccidents048_x264,RoadAccidents048_x264.mp4,data\raw\ucf-crime\Anomaly-Videos-Part-3\Anomaly-Videos-Part-3\RoadAccidents\RoadAccidents048_x264.mp4,ucf-crime\Anomaly-Videos-Part-3\Anomaly-Videos-Part-3\RoadAccidents\RoadAccidents048_x264.mp4,RoadAccidents,RoadAccidents,1,.mp4,13.912,True,30.0,2429,320,240,80.967,1.349,True,test
RoadAccidents049_x264,RoadAccidents049_x264.mp4,data\raw\ucf-crime\Anomaly-Videos-Part-3\Anomaly-Videos-Part-3\RoadAccidents\RoadAccidents049_x264.mp4,ucf-crime\Anomaly-Videos-Part-3\Anomaly-Videos-Part-3\RoadAccidents\RoadAccidents049_x264.mp4,RoadAccidents,RoadAccidents,1,.mp4,6.381,True,30.0,733,320,240,24.433,0.407,True,test
RoadAccidents052_x264,RoadAccidents052_x264.mp4,data\raw\ucf-crime\Anomaly-Videos-Part-3\Anomaly-Videos-Part-3\RoadAccidents\RoadAccidents052_x264.mp4,ucf-crime\Anomaly-Videos-Part-3\Anomaly-Videos-Part-3\RoadAccidents\RoadAccidents052_x264.mp4,RoadAccidents,RoadAccidents,1,.mp4,2.027,True,30.0,362,320,240,12.067,0.201,True,test
RoadAccidents057_x264,RoadAccidents057_x264.mp4,data\raw\ucf-crime\Anomaly-Videos-Part-3\Anomaly-Videos-Part-3\RoadAccidents\RoadAccidents057_x264.mp4,ucf-crime\Anomaly-Videos-Part-3\Anomaly-Videos-Part-3\RoadAccidents\RoadAccidents057_x264.mp4,RoadAccidents,RoadAccidents,1,.mp4,16.57,True,30.0,2083,320,240,69.433,1.157,True,test
RoadAccidents062_x264,RoadAccidents062_x264.mp4,data\raw\ucf-crime\Anomaly-Videos-Part-3\Anomaly-Videos-Part-3\RoadAccidents\RoadAccidents062_x264.mp4,ucf-crime\Anomaly-Videos-Part-3\Anomaly-Videos-Part-3\RoadAccidents\RoadAccidents062_x264.mp4,RoadAccidents,RoadAccidents,1,.mp4,26.209,True,30.0,7447,320,240,248.233,4.137,True,test
RoadAccidents074_x264,RoadAccidents074_x264.mp4,data\raw\ucf-crime\Anomaly-Videos-Part-3\Anomaly-Videos-Part-3\RoadAccidents\RoadAccidents074_x264.mp4,ucf-crime\Anomaly-Videos-Part-3\Anomaly-Videos-Part-3\RoadAccidents\RoadAccidents074_x264.mp4,RoadAccidents,RoadAccidents,1,.mp4,13.201,True,30.0,1915,320,240,63.833,1.064,True,test
RoadAccidents094_x264,RoadAccidents094_x264.mp4,data\raw\ucf-crime\Anomaly-Videos-Part-3\Anomaly-Videos-Part-3\RoadAccidents\RoadAccidents094_x264.mp4,ucf-crime\Anomaly-Videos-Part-3\Anomaly-Videos-Part-3\RoadAccidents\RoadAccidents094_x264.mp4,RoadAccidents,RoadAccidents,1,.mp4,7.396,True,30.0,1806,320,240,60.2,1.003,True,test
RoadAccidents095_x264,RoadAccidents095_x264.mp4,data\raw\ucf-crime\Anomaly-Videos-Part-3\Anomaly-Videos-Part-3\RoadAccidents\RoadAccidents095_x264.mp4,ucf-crime\Anomaly-Videos-Part-3\Anomaly-Videos-Part-3\RoadAccidents\RoadAccidents095_x264.mp4,RoadAccidents,RoadAccidents,1,.mp4,5.107,True,30.0,1152,320,240,38.4,0.64,True,test
RoadAccidents096_x264,RoadAccidents096_x264.mp4,data\raw\ucf-crime\Anomaly-Videos-Part-3\Anomaly-Videos-Part-3\RoadAccidents\RoadAccidents096_x264.mp4,ucf-crime\Anomaly-Videos-Part-3\Anomaly-Videos-Part-3\RoadAccidents\RoadAccidents096_x264.mp4,RoadAccidents,RoadAccidents,1,.mp4,3.108,True,30.0,709,320,240,23.633,0.394,True,test
RoadAccidents097_x264,RoadAccidents097_x264.mp4,data\raw\ucf-crime\Anomaly-Videos-Part-3\Anomaly-Videos-Part-3\RoadAccidents\RoadAccidents097_x264.mp4,ucf-crime\Anomaly-Videos-Part-3\Anomaly-Videos-Part-3\RoadAccidents\RoadAccidents097_x264.mp4,RoadAccidents,RoadAccidents,1,.mp4,16.007,True,30.0,3819,320,240,127.3,2.122,True,test
RoadAccidents105_x264,RoadAccidents105_x264.mp4,data\raw\ucf-crime\Anomaly-Videos-Part-3\Anomaly-Videos-Part-3\RoadAccidents\RoadAccidents105_x264.mp4,ucf-crime\Anomaly-Videos-Part-3\Anomaly-Videos-Part-3\RoadAccidents\RoadAccidents105_x264.mp4,RoadAccidents,RoadAccidents,1,.mp4,17.432,True,30.0,2159,320,240,71.967,1.199,True,test
RoadAccidents116_x264,RoadAccidents116_x264.mp4,data\raw\ucf-crime\Anomaly-Videos-Part-3\Anomaly-Videos-Part-3\RoadAccidents\RoadAccidents116_x264.mp4,ucf-crime\Anomaly-Videos-Part-3\Anomaly-Videos-Part-3\RoadAccidents\RoadAccidents116_x264.mp4,RoadAccidents,RoadAccidents,1,.mp4,4.449,True,30.0,604,320,240,20.133,0.336,True,test
RoadAccidents133_x264,RoadAccidents133_x264.mp4,data\raw\ucf-crime\Anomaly-Videos-Part-3\Anomaly-Videos-Part-3\RoadAccidents\RoadAccidents133_x264.mp4,ucf-crime\Anomaly-Videos-Part-3\Anomaly-Videos-Part-3\RoadAccidents\RoadAccidents133_x264.mp4,RoadAccidents,RoadAccidents,1,.mp4,5.246,True,30.0,673,320,240,22.433,0.374,True,test
RoadAccidents134_x264,RoadAccidents134_x264.mp4,data\raw\ucf-crime\Anomaly-Videos-Part-3\Anomaly-Videos-Part-3\RoadAccidents\RoadAccidents134_x264.mp4,ucf-crime\Anomaly-Videos-Part-3\Anomaly-Videos-Part-3\RoadAccidents\RoadAccidents134_x264.mp4,RoadAccidents,RoadAccidents,1,.mp4,1.244,True,30.0,277,320,240,9.233,0.154,True,test
RoadAccidents145_x264,RoadAccidents145_x264.mp4,data\raw\ucf-crime\Anomaly-Videos-Part-3\Anomaly-Videos-Part-3\RoadAccidents\RoadAccidents145_x264.mp4,ucf-crime\Anomaly-Videos-Part-3\Anomaly-Videos-Part-3\RoadAccidents\RoadAccidents145_x264.mp4,RoadAccidents,RoadAccidents,1,.mp4,8.868,True,30.0,1168,320,240,38.933,0.649,True,test
Robbery001_x264,Robbery001_x264.mp4,data\raw\ucf-crime\Anomaly-Videos-Part-3\Anomaly-Videos-Part-3\Robbery\Robbery001_x264.mp4,ucf-crime\Anomaly-Videos-Part-3\Anomaly-Videos-Part-3\Robbery\Robbery001_x264.mp4,Robbery,Robbery,1,.mp4,5.855,True,30.0,987,320,240,32.9,0.548,True,test
Robbery003_x264,Robbery003_x264.mp4,data\raw\ucf-crime\Anomaly-Videos-Part-3\Anomaly-Videos-Part-3\Robbery\Robbery003_x264.mp4,ucf-crime\Anomaly-Videos-Part-3\Anomaly-Videos-Part-3\Robbery\Robbery003_x264.mp4,Robbery,Robbery,1,.mp4,5.641,True,30.0,984,320,240,32.8,0.547,True,test
Robbery005_x264,Robbery005_x264.mp4,data\raw\ucf-crime\Anomaly-Videos-Part-3\Anomaly-Videos-Part-3\Robbery\Robbery005_x264.mp4,ucf-crime\Anomaly-Videos-Part-3\Anomaly-Videos-Part-3\Robbery\Robbery005_x264.mp4,Robbery,Robbery,1,.mp4,14.516,True,30.0,2759,320,240,91.967,1.533,True,test
Robbery009_x264,Robbery009_x264.mp4,data\raw\ucf-crime\Anomaly-Videos-Part-3\Anomaly-Videos-Part-3\Robbery\Robbery009_x264.mp4,ucf-crime\Anomaly-Videos-Part-3\Anomaly-Videos-Part-3\Robbery\Robbery009_x264.mp4,Robbery,Robbery,1,.mp4,18.857,True,30.0,3203,320,240,106.767,1.779,True,test
Robbery010_x264,Robbery010_x264.mp4,data\raw\ucf-crime\Anomaly-Videos-Part-3\Anomaly-Videos-Part-3\Robbery\Robbery010_x264.mp4,ucf-crime\Anomaly-Videos-Part-3\Anomaly-Videos-Part-3\Robbery\Robbery010_x264.mp4,Robbery,Robbery,1,.mp4,24.195,True,30.0,3061,320,240,102.033,1.701,True,test
Robbery015_x264,Robbery015_x264.mp4,data\raw\ucf-crime\Anomaly-Videos-Part-3\Anomaly-Videos-Part-3\Robbery\Robbery015_x264.mp4,ucf-crime\Anomaly-Videos-Part-3\Anomaly-Videos-Part-3\Robbery\Robbery015_x264.mp4,Robbery,Robbery,1,.mp4,14.905,True,30.0,2739,320,240,91.3,1.522,True,test
Robbery017_x264,Robbery017_x264.mp4,data\raw\ucf-crime\Anomaly-Videos-Part-3\Anomaly-Videos-Part-3\Robbery\Robbery017_x264.mp4,ucf-crime\Anomaly-Videos-Part-3\Anomaly-Videos-Part-3\Robbery\Robbery017_x264.mp4,Robbery,Robbery,1,.mp4,29.914,True,30.0,4358,320,240,145.267,2.421,True,test
Robbery019_x264,Robbery019_x264.mp4,data\raw\ucf-crime\Anomaly-Videos-Part-3\Anomaly-Videos-Part-3\Robbery\Robbery019_x264.mp4,ucf-crime\Anomaly-Videos-Part-3\Anomaly-Videos-Part-3\Robbery\Robbery019_x264.mp4,Robbery,Robbery,1,.mp4,45.302,True,30.0,5761,320,240,192.033,3.201,True,test
Robbery024_x264,Robbery024_x264.mp4,data\raw\ucf-crime\Anomaly-Videos-Part-3\Anomaly-Videos-Part-3\Robbery\Robbery024_x264.mp4,ucf-crime\Anomaly-Videos-Part-3\Anomaly-Videos-Part-3\Robbery\Robbery024_x264.mp4,Robbery,Robbery,1,.mp4,18.468,True,30.0,2395,320,240,79.833,1.331,True,test
Robbery034_x264,Robbery034_x264.mp4,data\raw\ucf-crime\Anomaly-Videos-Part-3\Anomaly-Videos-Part-3\Robbery\Robbery034_x264.mp4,ucf-crime\Anomaly-Videos-Part-3\Anomaly-Videos-Part-3\Robbery\Robbery034_x264.mp4,Robbery,Robbery,1,.mp4,50.578,True,30.0,6332,320,240,211.067,3.518,True,test
Robbery037_x264,Robbery037_x264.mp4,data\raw\ucf-crime\Anomaly-Videos-Part-3\Anomaly-Videos-Part-3\Robbery\Robbery037_x264.mp4,ucf-crime\Anomaly-Videos-Part-3\Anomaly-Videos-Part-3\Robbery\Robbery037_x264.mp4,Robbery,Robbery,1,.mp4,70.007,True,30.0,8727,320,240,290.9,4.848,True,test
Robbery038_x264,Robbery038_x264.mp4,data\raw\ucf-crime\Anomaly-Videos-Part-3\Anomaly-Videos-Part-3\Robbery\Robbery038_x264.mp4,ucf-crime\Anomaly-Videos-Part-3\Anomaly-Videos-Part-3\Robbery\Robbery038_x264.mp4,Robbery,Robbery,1,.mp4,13.91,True,30.0,1832,320,240,61.067,1.018,True,test
Robbery047_x264,Robbery047_x264.mp4,data\raw\ucf-crime\Anomaly-Videos-Part-3\Anomaly-Videos-Part-3\Robbery\Robbery047_x264.mp4,ucf-crime\Anomaly-Videos-Part-3\Anomaly-Videos-Part-3\Robbery\Robbery047_x264.mp4,Robbery,Robbery,1,.mp4,11.686,True,30.0,1527,320,240,50.9,0.848,True,test
Robbery049_x264,Robbery049_x264.mp4,data\raw\ucf-crime\Anomaly-Videos-Part-3\Anomaly-Videos-Part-3\Robbery\Robbery049_x264.mp4,ucf-crime\Anomaly-Videos-Part-3\Anomaly-Videos-Part-3\Robbery\Robbery049_x264.mp4,Robbery,Robbery,1,.mp4,10.956,True,30.0,1980,320,240,66.0,1.1,True,test
Robbery064_x264,Robbery064_x264.mp4,data\raw\ucf-crime\Anomaly-Videos-Part-3\Anomaly-Videos-Part-3\Robbery\Robbery064_x264.mp4,ucf-crime\Anomaly-Videos-Part-3\Anomaly-Videos-Part-3\Robbery\Robbery064_x264.mp4,Robbery,Robbery,1,.mp4,5.952,True,30.0,1416,320,240,47.2,0.787,True,test
Robbery075_x264,Robbery075_x264.mp4,data\raw\ucf-crime\Anomaly-Videos-Part-3\Anomaly-Videos-Part-3\Robbery\Robbery075_x264.mp4,ucf-crime\Anomaly-Videos-Part-3\Anomaly-Videos-Part-3\Robbery\Robbery075_x264.mp4,Robbery,Robbery,1,.mp4,16.272,True,30.0,2921,320,240,97.367,1.623,True,test
Robbery094_x264,Robbery094_x264.mp4,data\raw\ucf-crime\Anomaly-Videos-Part-3\Anomaly-Videos-Part-3\Robbery\Robbery094_x264.mp4,ucf-crime\Anomaly-Videos-Part-3\Anomaly-Videos-Part-3\Robbery\Robbery094_x264.mp4,Robbery,Robbery,1,.mp4,20.141,True,30.0,3736,320,240,124.533,2.076,True,test
Robbery095_x264,Robbery095_x264.mp4,data\raw\ucf-crime\Anomaly-Videos-Part-3\Anomaly-Videos-Part-3\Robbery\Robbery095_x264.mp4,ucf-crime\Anomaly-Videos-Part-3\Anomaly-Videos-Part-3\Robbery\Robbery095_x264.mp4,Robbery,Robbery,1,.mp4,7.312,True,30.0,1261,320,240,42.033,0.701,True,test
Robbery101_x264,Robbery101_x264.mp4,data\raw\ucf-crime\Anomaly-Videos-Part-3\Anomaly-Videos-Part-3\Robbery\Robbery101_x264.mp4,ucf-crime\Anomaly-Videos-Part-3\Anomaly-Videos-Part-3\Robbery\Robbery101_x264.mp4,Robbery,Robbery,1,.mp4,22.926,True,30.0,3343,320,240,111.433,1.857,True,test
Robbery118_x264,Robbery118_x264.mp4,data\raw\ucf-crime\Anomaly-Videos-Part-3\Anomaly-Videos-Part-3\Robbery\Robbery118_x264.mp4,ucf-crime\Anomaly-Videos-Part-3\Anomaly-Videos-Part-3\Robbery\Robbery118_x264.mp4,Robbery,Robbery,1,.mp4,11.886,True,30.0,1954,320,240,65.133,1.086,True,test
Robbery122_x264,Robbery122_x264.mp4,data\raw\ucf-crime\Anomaly-Videos-Part-3\Anomaly-Videos-Part-3\Robbery\Robbery122_x264.mp4,ucf-crime\Anomaly-Videos-Part-3\Anomaly-Videos-Part-3\Robbery\Robbery122_x264.mp4,Robbery,Robbery,1,.mp4,4.816,True,30.0,1029,320,240,34.3,0.572,True,test
Robbery126_x264,Robbery126_x264.mp4,data\raw\ucf-crime\Anomaly-Videos-Part-3\Anomaly-Videos-Part-3\Robbery\Robbery126_x264.mp4,ucf-crime\Anomaly-Videos-Part-3\Anomaly-Videos-Part-3\Robbery\Robbery126_x264.mp4,Robbery,Robbery,1,.mp4,12.851,True,30.0,1560,320,240,52.0,0.867,True,test
Robbery130_x264,Robbery130_x264.mp4,data\raw\ucf-crime\Anomaly-Videos-Part-3\Anomaly-Videos-Part-3\Robbery\Robbery130_x264.mp4,ucf-crime\Anomaly-Videos-Part-3\Anomaly-Videos-Part-3\Robbery\Robbery130_x264.mp4,Robbery,Robbery,1,.mp4,12.616,True,30.0,1837,320,240,61.233,1.021,True,test
Shooting001_x264A,Shooting001_x264A.mp4,data\raw\ucf-crime\Shooting\Shooting\Shooting001_x264A.mp4,ucf-crime\Shooting\Shooting\Shooting001_x264A.mp4,Shooting,Shooting,1,.mp4,2.893,True,30.0,253,320,240,8.433,0.141,True,test
Shooting005_x264A,Shooting005_x264A.mp4,data\raw\ucf-crime\Shooting\Shooting\Shooting005_x264A.mp4,ucf-crime\Shooting\Shooting\Shooting005_x264A.mp4,Shooting,Shooting,1,.mp4,12.908,True,30.0,5330,320,240,177.667,2.961,True,test
Shooting007_x264A,Shooting007_x264A.mp4,data\raw\ucf-crime\Shooting\Shooting\Shooting007_x264A.mp4,ucf-crime\Shooting\Shooting\Shooting007_x264A.mp4,Shooting,Shooting,1,.mp4,8.956,True,30.0,1430,320,240,47.667,0.794,True,test
Shooting012_x264A,Shooting012_x264A.mp4,data\raw\ucf-crime\Shooting\Shooting\Shooting012_x264A.mp4,ucf-crime\Shooting\Shooting\Shooting012_x264A.mp4,Shooting,Shooting,1,.mp4,7.753,True,30.0,1886,320,240,62.867,1.048,True,test
Shooting022_x264,Shooting022_x264.mp4,data\raw\ucf-crime\Anomaly-Videos-Part-3\Anomaly-Videos-Part-3\Shooting\Shooting022_x264.mp4,ucf-crime\Anomaly-Videos-Part-3\Anomaly-Videos-Part-3\Shooting\Shooting022_x264.mp4,Shooting,Shooting,1,.mp4,25.49,True,30.0,4554,320,240,151.8,2.53,True,test
Shooting023_x264A,Shooting023_x264A.mp4,data\raw\ucf-crime\Shooting\Shooting\Shooting023_x264A.mp4,ucf-crime\Shooting\Shooting\Shooting023_x264A.mp4,Shooting,Shooting,1,.mp4,2.018,True,30.0,416,320,240,13.867,0.231,True,test
Shooting024_x264,Shooting024_x264.mp4,data\raw\ucf-crime\Anomaly-Videos-Part-3\Anomaly-Videos-Part-3\Shooting\Shooting024_x264.mp4,ucf-crime\Anomaly-Videos-Part-3\Anomaly-Videos-Part-3\Shooting\Shooting024_x264.mp4,Shooting,Shooting,1,.mp4,15.867,True,30.0,2003,320,240,66.767,1.113,True,test
Shooting027_x264A,Shooting027_x264A.mp4,data\raw\ucf-crime\Shooting\Shooting\Shooting027_x264A.mp4,ucf-crime\Shooting\Shooting\Shooting027_x264A.mp4,Shooting,Shooting,1,.mp4,4.959,True,30.0,708,320,240,23.6,0.393,True,test
Shooting029_x264A,Shooting029_x264A.mp4,data\raw\ucf-crime\Shooting\Shooting\Shooting029_x264A.mp4,ucf-crime\Shooting\Shooting\Shooting029_x264A.mp4,Shooting,Shooting,1,.mp4,4.126,True,30.0,1364,320,240,45.467,0.758,True,test
Shooting030_x264,Shooting030_x264.mp4,data\raw\ucf-crime\Anomaly-Videos-Part-3\Anomaly-Videos-Part-3\Shooting\Shooting030_x264.mp4,ucf-crime\Anomaly-Videos-Part-3\Anomaly-Videos-Part-3\Shooting\Shooting030_x264.mp4,Shooting,Shooting,1,.mp4,4.667,True,30.0,1142,320,240,38.067,0.634,True,test
Shooting032_x264,Shooting032_x264.mp4,data\raw\ucf-crime\Anomaly-Videos-Part-3\Anomaly-Videos-Part-3\Shooting\Shooting032_x264.mp4,ucf-crime\Anomaly-Videos-Part-3\Anomaly-Videos-Part-3\Shooting\Shooting032_x264.mp4,Shooting,Shooting,1,.mp4,181.977,True,30.0,21681,320,240,722.7,12.045,True,test
Shooting033_x264A,Shooting033_x264A.mp4,data\raw\ucf-crime\Shooting\Shooting\Shooting033_x264A.mp4,ucf-crime\Shooting\Shooting\Shooting033_x264A.mp4,Shooting,Shooting,1,.mp4,12.471,True,30.0,3630,320,240,121.0,2.017,True,test
Shooting038_x264,Shooting038_x264.mp4,data\raw\ucf-crime\Anomaly-Videos-Part-3\Anomaly-Videos-Part-3\Shooting\Shooting038_x264.mp4,ucf-crime\Anomaly-Videos-Part-3\Anomaly-Videos-Part-3\Shooting\Shooting038_x264.mp4,Shooting,Shooting,1,.mp4,5.209,True,30.0,1298,320,240,43.267,0.721,True,test
Shooting042_x264,Shooting042_x264.mp4,data\raw\ucf-crime\Anomaly-Videos-Part-3\Anomaly-Videos-Part-3\Shooting\Shooting042_x264.mp4,ucf-crime\Anomaly-Videos-Part-3\Anomaly-Videos-Part-3\Shooting\Shooting042_x264.mp4,Shooting,Shooting,1,.mp4,12.693,True,30.0,1547,320,240,51.567,0.859,True,test
Shooting043_x264,Shooting043_x264.mp4,data\raw\ucf-crime\Anomaly-Videos-Part-3\Anomaly-Videos-Part-3\Shooting\Shooting043_x264.mp4,ucf-crime\Anomaly-Videos-Part-3\Anomaly-Videos-Part-3\Shooting\Shooting043_x264.mp4,Shooting,Shooting,1,.mp4,12.548,True,30.0,1874,320,240,62.467,1.041,True,test
Shoplifting001_x264,Shoplifting001_x264.mp4,data\raw\ucf-crime\Anomaly-Videos-Part-4\Anomaly-Videos-Part-4\Shoplifting\Shoplifting001_x264.mp4,ucf-crime\Anomaly-Videos-Part-4\Anomaly-Videos-Part-4\Shoplifting\Shoplifting001_x264.mp4,Shoplifting,Shoplifting,1,.mp4,34.28,True,30.0,4344,320,240,144.8,2.413,True,test
Shoplifting004_x264,Shoplifting004_x264.mp4,data\raw\ucf-crime\Anomaly-Videos-Part-4\Anomaly-Videos-Part-4\Shoplifting\Shoplifting004_x264.mp4,ucf-crime\Anomaly-Videos-Part-4\Anomaly-Videos-Part-4\Shoplifting\Shoplifting004_x264.mp4,Shoplifting,Shoplifting,1,.mp4,53.998,True,30.0,6673,320,240,222.433,3.707,True,test
Shoplifting005_x264,Shoplifting005_x264.mp4,data\raw\ucf-crime\Anomaly-Videos-Part-4\Anomaly-Videos-Part-4\Shoplifting\Shoplifting005_x264.mp4,ucf-crime\Anomaly-Videos-Part-4\Anomaly-Videos-Part-4\Shoplifting\Shoplifting005_x264.mp4,Shoplifting,Shoplifting,1,.mp4,15.522,True,30.0,1967,320,240,65.567,1.093,True,test
Shoplifting009_x264,Shoplifting009_x264.mp4,data\raw\ucf-crime\Anomaly-Videos-Part-4\Anomaly-Videos-Part-4\Shoplifting\Shoplifting009_x264.mp4,ucf-crime\Anomaly-Videos-Part-4\Anomaly-Videos-Part-4\Shoplifting\Shoplifting009_x264.mp4,Shoplifting,Shoplifting,1,.mp4,41.381,True,30.0,5201,320,240,173.367,2.889,True,test
Shoplifting026_x264,Shoplifting026_x264.mp4,data\raw\ucf-crime\Anomaly-Videos-Part-4\Anomaly-Videos-Part-4\Shoplifting\Shoplifting026_x264.mp4,ucf-crime\Anomaly-Videos-Part-4\Anomaly-Videos-Part-4\Shoplifting\Shoplifting026_x264.mp4,Shoplifting,Shoplifting,1,.mp4,8.476,True,30.0,1410,320,240,47.0,0.783,True,test
Shoplifting038_x264,Shoplifting038_x264.mp4,data\raw\ucf-crime\Anomaly-Videos-Part-4\Anomaly-Videos-Part-4\Shoplifting\Shoplifting038_x264.mp4,ucf-crime\Anomaly-Videos-Part-4\Anomaly-Videos-Part-4\Shoplifting\Shoplifting038_x264.mp4,Shoplifting,Shoplifting,1,.mp4,17.847,True,30.0,2904,320,240,96.8,1.613,True,test
Shoplifting043_x264,Shoplifting043_x264.mp4,data\raw\ucf-crime\Anomaly-Videos-Part-4\Anomaly-Videos-Part-4\Shoplifting\Shoplifting043_x264.mp4,ucf-crime\Anomaly-Videos-Part-4\Anomaly-Videos-Part-4\Shoplifting\Shoplifting043_x264.mp4,Shoplifting,Shoplifting,1,.mp4,75.177,True,30.0,9518,320,240,317.267,5.288,True,test
Shoplifting049_x264,Shoplifting049_x264.mp4,data\raw\ucf-crime\Anomaly-Videos-Part-4\Anomaly-Videos-Part-4\Shoplifting\Shoplifting049_x264.mp4,ucf-crime\Anomaly-Videos-Part-4\Anomaly-Videos-Part-4\Shoplifting\Shoplifting049_x264.mp4,Shoplifting,Shoplifting,1,.mp4,16.524,True,30.0,2149,320,240,71.633,1.194,True,test
Stealing003_x264,Stealing003_x264.mp4,data\raw\ucf-crime\Anomaly-Videos-Part-4\Anomaly-Videos-Part-4\Stealing\Stealing003_x264.mp4,ucf-crime\Anomaly-Videos-Part-4\Anomaly-Videos-Part-4\Stealing\Stealing003_x264.mp4,Stealing,Stealing,1,.mp4,25.398,True,30.0,3576,320,240,119.2,1.987,True,test
Stealing021_x264,Stealing021_x264.mp4,data\raw\ucf-crime\Anomaly-Videos-Part-4\Anomaly-Videos-Part-4\Stealing\Stealing021_x264.mp4,ucf-crime\Anomaly-Videos-Part-4\Anomaly-Videos-Part-4\Stealing\Stealing021_x264.mp4,Stealing,Stealing,1,.mp4,32.914,True,30.0,4121,320,240,137.367,2.289,True,test
Stealing025_x264,Stealing025_x264.mp4,data\raw\ucf-crime\Anomaly-Videos-Part-4\Anomaly-Videos-Part-4\Stealing\Stealing025_x264.mp4,ucf-crime\Anomaly-Videos-Part-4\Anomaly-Videos-Part-4\Stealing\Stealing025_x264.mp4,Stealing,Stealing,1,.mp4,119.658,True,30.0,21815,320,240,727.167,12.119,True,test
Stealing031_x264,Stealing031_x264.mp4,data\raw\ucf-crime\Anomaly-Videos-Part-4\Anomaly-Videos-Part-4\Stealing\Stealing031_x264.mp4,ucf-crime\Anomaly-Videos-Part-4\Anomaly-Videos-Part-4\Stealing\Stealing031_x264.mp4,Stealing,Stealing,1,.mp4,8.502,True,30.0,1087,320,240,36.233,0.604,True,test
Stealing037_x264,Stealing037_x264.mp4,data\raw\ucf-crime\Anomaly-Videos-Part-4\Anomaly-Videos-Part-4\Stealing\Stealing037_x264.mp4,ucf-crime\Anomaly-Videos-Part-4\Anomaly-Videos-Part-4\Stealing\Stealing037_x264.mp4,Stealing,Stealing,1,.mp4,37.802,True,30.0,4746,320,240,158.2,2.637,True,test
Stealing044_x264,Stealing044_x264.mp4,data\raw\ucf-crime\Anomaly-Videos-Part-4\Anomaly-Videos-Part-4\Stealing\Stealing044_x264.mp4,ucf-crime\Anomaly-Videos-Part-4\Anomaly-Videos-Part-4\Stealing\Stealing044_x264.mp4,Stealing,Stealing,1,.mp4,22.312,True,30.0,3210,320,240,107.0,1.783,True,test
Stealing045_x264,Stealing045_x264.mp4,data\raw\ucf-crime\Anomaly-Videos-Part-4\Anomaly-Videos-Part-4\Stealing\Stealing045_x264.mp4,ucf-crime\Anomaly-Videos-Part-4\Anomaly-Videos-Part-4\Stealing\Stealing045_x264.mp4,Stealing,Stealing,1,.mp4,58.017,True,30.0,10662,320,240,355.4,5.923,True,test
Stealing052_x264,Stealing052_x264.mp4,data\raw\ucf-crime\Anomaly-Videos-Part-4\Anomaly-Videos-Part-4\Stealing\Stealing052_x264.mp4,ucf-crime\Anomaly-Videos-Part-4\Anomaly-Videos-Part-4\Stealing\Stealing052_x264.mp4,Stealing,Stealing,1,.mp4,24.309,True,30.0,3375,320,240,112.5,1.875,True,test
Stealing055_x264,Stealing055_x264.mp4,data\raw\ucf-crime\Anomaly-Videos-Part-4\Anomaly-Videos-Part-4\Stealing\Stealing055_x264.mp4,ucf-crime\Anomaly-Videos-Part-4\Anomaly-Videos-Part-4\Stealing\Stealing055_x264.mp4,Stealing,Stealing,1,.mp4,9.939,True,30.0,1618,320,240,53.933,0.899,True,test
Stealing062_x264,Stealing062_x264.mp4,data\raw\ucf-crime\Anomaly-Videos-Part-4\Anomaly-Videos-Part-4\Stealing\Stealing062_x264.mp4,ucf-crime\Anomaly-Videos-Part-4\Anomaly-Videos-Part-4\Stealing\Stealing062_x264.mp4,Stealing,Stealing,1,.mp4,12.003,True,30.0,1560,320,240,52.0,0.867,True,test
Stealing070_x264,Stealing070_x264.mp4,data\raw\ucf-crime\Anomaly-Videos-Part-4\Anomaly-Videos-Part-4\Stealing\Stealing070_x264.mp4,ucf-crime\Anomaly-Videos-Part-4\Anomaly-Videos-Part-4\Stealing\Stealing070_x264.mp4,Stealing,Stealing,1,.mp4,5.145,True,30.0,1345,320,240,44.833,0.747,True,test
Stealing086_x264,Stealing086_x264.mp4,data\raw\ucf-crime\Anomaly-Videos-Part-4\Anomaly-Videos-Part-4\Stealing\Stealing086_x264.mp4,ucf-crime\Anomaly-Videos-Part-4\Anomaly-Videos-Part-4\Stealing\Stealing086_x264.mp4,Stealing,Stealing,1,.mp4,142.16,True,30.0,18146,320,240,604.867,10.081,True,test
Stealing098_x264,Stealing098_x264.mp4,data\raw\ucf-crime\Anomaly-Videos-Part-4\Anomaly-Videos-Part-4\Stealing\Stealing098_x264.mp4,ucf-crime\Anomaly-Videos-Part-4\Anomaly-Videos-Part-4\Stealing\Stealing098_x264.mp4,Stealing,Stealing,1,.mp4,28.303,True,30.0,3467,320,240,115.567,1.926,True,test
Stealing101_x264,Stealing101_x264.mp4,data\raw\ucf-crime\Anomaly-Videos-Part-4\Anomaly-Videos-Part-4\Stealing\Stealing101_x264.mp4,ucf-crime\Anomaly-Videos-Part-4\Anomaly-Videos-Part-4\Stealing\Stealing101_x264.mp4,Stealing,Stealing,1,.mp4,11.008,True,30.0,2544,320,240,84.8,1.413,True,test
Stealing105_x264,Stealing105_x264.mp4,data\raw\ucf-crime\Anomaly-Videos-Part-4\Anomaly-Videos-Part-4\Stealing\Stealing105_x264.mp4,ucf-crime\Anomaly-Videos-Part-4\Anomaly-Videos-Part-4\Stealing\Stealing105_x264.mp4,Stealing,Stealing,1,.mp4,8.866,True,30.0,1118,320,240,37.267,0.621,True,test
Vandalism002_x264,Vandalism002_x264.mp4,data\raw\ucf-crime\Anomaly-Videos-Part-4\Anomaly-Videos-Part-4\Vandalism\Vandalism002_x264.mp4,ucf-crime\Anomaly-Videos-Part-4\Anomaly-Videos-Part-4\Vandalism\Vandalism002_x264.mp4,Vandalism,Vandalism,1,.mp4,11.38,True,30.0,1841,320,240,61.367,1.023,True,test
Vandalism009_x264,Vandalism009_x264.mp4,data\raw\ucf-crime\Anomaly-Videos-Part-4\Anomaly-Videos-Part-4\Vandalism\Vandalism009_x264.mp4,ucf-crime\Anomaly-Videos-Part-4\Anomaly-Videos-Part-4\Vandalism\Vandalism009_x264.mp4,Vandalism,Vandalism,1,.mp4,12.452,True,30.0,1328,320,240,44.267,0.738,True,test
Vandalism020_x264,Vandalism020_x264.mp4,data\raw\ucf-crime\Anomaly-Videos-Part-4\Anomaly-Videos-Part-4\Vandalism\Vandalism020_x264.mp4,ucf-crime\Anomaly-Videos-Part-4\Anomaly-Videos-Part-4\Vandalism\Vandalism020_x264.mp4,Vandalism,Vandalism,1,.mp4,8.353,True,30.0,1447,320,240,48.233,0.804,True,test
Vandalism036_x264,Vandalism036_x264.mp4,data\raw\ucf-crime\Anomaly-Videos-Part-4\Anomaly-Videos-Part-4\Vandalism\Vandalism036_x264.mp4,ucf-crime\Anomaly-Videos-Part-4\Anomaly-Videos-Part-4\Vandalism\Vandalism036_x264.mp4,Vandalism,Vandalism,1,.mp4,11.989,True,30.0,1443,320,240,48.1,0.802,True,test
Vandalism038_x264,Vandalism038_x264.mp4,data\raw\ucf-crime\Anomaly-Videos-Part-4\Anomaly-Videos-Part-4\Vandalism\Vandalism038_x264.mp4,ucf-crime\Anomaly-Videos-Part-4\Anomaly-Videos-Part-4\Vandalism\Vandalism038_x264.mp4,Vandalism,Vandalism,1,.mp4,7.815,True,30.0,2825,320,240,94.167,1.569,True,test
Vandalism041_x264,Vandalism041_x264.mp4,data\raw\ucf-crime\Anomaly-Videos-Part-4\Anomaly-Videos-Part-4\Vandalism\Vandalism041_x264.mp4,ucf-crime\Anomaly-Videos-Part-4\Anomaly-Videos-Part-4\Vandalism\Vandalism041_x264.mp4,Vandalism,Vandalism,1,.mp4,35.409,True,30.0,4868,320,240,162.267,2.704,True,test
Vandalism047_x264,Vandalism047_x264.mp4,data\raw\ucf-crime\Anomaly-Videos-Part-4\Anomaly-Videos-Part-4\Vandalism\Vandalism047_x264.mp4,ucf-crime\Anomaly-Videos-Part-4\Anomaly-Videos-Part-4\Vandalism\Vandalism047_x264.mp4,Vandalism,Vandalism,1,.mp4,10.409,True,30.0,2483,320,240,82.767,1.379,True,test
Abuse001_x264,Abuse001_x264.mp4,data\raw\ucf-crime\Anomaly-Videos-Part-1\Anomaly-Videos-Part-1\Abuse\Abuse001_x264.mp4,ucf-crime\Anomaly-Videos-Part-1\Anomaly-Videos-Part-1\Abuse\Abuse001_x264.mp4,Abuse,Abuse,1,.mp4,20.499,True,30.0,2729,320,240,90.967,1.516,True,train
Abuse002_x264A,Abuse002_x264A.mp4,data\raw\ucf-crime\Augmented_Anomaly-Videos-Part-1\Anomaly-Videos-Part-1\Abuse\Abuse002_x264A.mp4,ucf-crime\Augmented_Anomaly-Videos-Part-1\Anomaly-Videos-Part-1\Abuse\Abuse002_x264A.mp4,Abuse,Abuse,1,.mp4,11.912,True,30.0,865,320,240,28.833,0.481,True,train
Abuse004_x264,Abuse004_x264.mp4,data\raw\ucf-crime\Anomaly-Videos-Part-1\Anomaly-Videos-Part-1\Abuse\Abuse004_x264.mp4,ucf-crime\Anomaly-Videos-Part-1\Anomaly-Videos-Part-1\Abuse\Abuse004_x264.mp4,Abuse,Abuse,1,.mp4,61.06,True,30.0,16794,320,240,559.8,9.33,True,train
Abuse004_x264A,Abuse004_x264A.mp4,data\raw\ucf-crime\Augmented_Anomaly-Videos-Part-1\Anomaly-Videos-Part-1\Abuse\Abuse004_x264A.mp4,ucf-crime\Augmented_Anomaly-Videos-Part-1\Anomaly-Videos-Part-1\Abuse\Abuse004_x264A.mp4,Abuse,Abuse,1,.mp4,46.24,True,30.0,16794,320,240,559.8,9.33,True,train
Abuse005_x264,Abuse005_x264.mp4,data\raw\ucf-crime\Anomaly-Videos-Part-1\Anomaly-Videos-Part-1\Abuse\Abuse005_x264.mp4,ucf-crime\Anomaly-Videos-Part-1\Anomaly-Videos-Part-1\Abuse\Abuse005_x264.mp4,Abuse,Abuse,1,.mp4,5.961,True,30.0,949,320,240,31.633,0.527,True,train
Abuse006_x264,Abuse006_x264.mp4,data\raw\ucf-crime\Anomaly-Videos-Part-1\Anomaly-Videos-Part-1\Abuse\Abuse006_x264.mp4,ucf-crime\Anomaly-Videos-Part-1\Anomaly-Videos-Part-1\Abuse\Abuse006_x264.mp4,Abuse,Abuse,1,.mp4,34.892,True,30.0,4380,320,240,146.0,2.433,True,train
Abuse006_x264A,Abuse006_x264A.mp4,data\raw\ucf-crime\Augmented_Anomaly-Videos-Part-1\Anomaly-Videos-Part-1\Abuse\Abuse006_x264A.mp4,ucf-crime\Augmented_Anomaly-Videos-Part-1\Anomaly-Videos-Part-1\Abuse\Abuse006_x264A.mp4,Abuse,Abuse,1,.mp4,53.681,True,30.0,4380,320,240,146.0,2.433,True,train
Abuse007_x264,Abuse007_x264.mp4,data\raw\ucf-crime\Anomaly-Videos-Part-1\Anomaly-Videos-Part-1\Abuse\Abuse007_x264.mp4,ucf-crime\Anomaly-Videos-Part-1\Anomaly-Videos-Part-1\Abuse\Abuse007_x264.mp4,Abuse,Abuse,1,.mp4,8.073,True,30.0,1150,320,240,38.333,0.639,True,train
Abuse007_x264A,Abuse007_x264A.mp4,data\raw\ucf-crime\Augmented_Anomaly-Videos-Part-1\Anomaly-Videos-Part-1\Abuse\Abuse007_x264A.mp4,ucf-crime\Augmented_Anomaly-Videos-Part-1\Anomaly-Videos-Part-1\Abuse\Abuse007_x264A.mp4,Abuse,Abuse,1,.mp4,6.528,True,30.0,1150,320,240,38.333,0.639,True,train
Abuse008_x264,Abuse008_x264.mp4,data\raw\ucf-crime\Anomaly-Videos-Part-1\Anomaly-Videos-Part-1\Abuse\Abuse008_x264.mp4,ucf-crime\Anomaly-Videos-Part-1\Anomaly-Videos-Part-1\Abuse\Abuse008_x264.mp4,Abuse,Abuse,1,.mp4,34.356,True,30.0,8406,320,240,280.2,4.67,True,train
Abuse009_x264,Abuse009_x264.mp4,data\raw\ucf-crime\Anomaly-Videos-Part-1\Anomaly-Videos-Part-1\Abuse\Abuse009_x264.mp4,ucf-crime\Anomaly-Videos-Part-1\Anomaly-Videos-Part-1\Abuse\Abuse009_x264.mp4,Abuse,Abuse,1,.mp4,8.345,True,30.0,1001,320,240,33.367,0.556,True,train
Abuse010_x264,Abuse010_x264.mp4,data\raw\ucf-crime\Anomaly-Videos-Part-1\Anomaly-Videos-Part-1\Abuse\Abuse010_x264.mp4,ucf-crime\Anomaly-Videos-Part-1\Anomaly-Videos-Part-1\Abuse\Abuse010_x264.mp4,Abuse,Abuse,1,.mp4,9.611,True,30.0,1133,320,240,37.767,0.629,True,train
Abuse011_x264,Abuse011_x264.mp4,data\raw\ucf-crime\Anomaly-Videos-Part-1\Anomaly-Videos-Part-1\Abuse\Abuse011_x264.mp4,ucf-crime\Anomaly-Videos-Part-1\Anomaly-Videos-Part-1\Abuse\Abuse011_x264.mp4,Abuse,Abuse,1,.mp4,14.494,True,30.0,3646,320,240,121.533,2.026,True,train
Abuse011_x264A,Abuse011_x264A.mp4,data\raw\ucf-crime\Augmented_Anomaly-Videos-Part-1\Anomaly-Videos-Part-1\Abuse\Abuse011_x264A.mp4,ucf-crime\Augmented_Anomaly-Videos-Part-1\Anomaly-Videos-Part-1\Abuse\Abuse011_x264A.mp4,Abuse,Abuse,1,.mp4,9.234,True,30.0,3646,320,240,121.533,2.026,True,train
Abuse012_x264,Abuse012_x264.mp4,data\raw\ucf-crime\Anomaly-Videos-Part-1\Anomaly-Videos-Part-1\Abuse\Abuse012_x264.mp4,ucf-crime\Anomaly-Videos-Part-1\Anomaly-Videos-Part-1\Abuse\Abuse012_x264.mp4,Abuse,Abuse,1,.mp4,29.028,True,30.0,5130,320,240,171.0,2.85,True,train
Abuse013_x264,Abuse013_x264.mp4,data\raw\ucf-crime\Anomaly-Videos-Part-1\Anomaly-Videos-Part-1\Abuse\Abuse013_x264.mp4,ucf-crime\Anomaly-Videos-Part-1\Anomaly-Videos-Part-1\Abuse\Abuse013_x264.mp4,Abuse,Abuse,1,.mp4,37.242,True,30.0,4869,320,240,162.3,2.705,True,train
Abuse013_x264A,Abuse013_x264A.mp4,data\raw\ucf-crime\Augmented_Anomaly-Videos-Part-1\Anomaly-Videos-Part-1\Abuse\Abuse013_x264A.mp4,ucf-crime\Augmented_Anomaly-Videos-Part-1\Anomaly-Videos-Part-1\Abuse\Abuse013_x264A.mp4,Abuse,Abuse,1,.mp4,27.592,True,30.0,4869,320,240,162.3,2.705,True,train
Abuse014_x264,Abuse014_x264.mp4,data\raw\ucf-crime\Anomaly-Videos-Part-1\Anomaly-Videos-Part-1\Abuse\Abuse014_x264.mp4,ucf-crime\Anomaly-Videos-Part-1\Anomaly-Videos-Part-1\Abuse\Abuse014_x264.mp4,Abuse,Abuse,1,.mp4,6.664,True,30.0,2590,320,240,86.333,1.439,True,train
Abuse015_x264A,Abuse015_x264A.mp4,data\raw\ucf-crime\Augmented_Anomaly-Videos-Part-1\Anomaly-Videos-Part-1\Abuse\Abuse015_x264A.mp4,ucf-crime\Augmented_Anomaly-Videos-Part-1\Anomaly-Videos-Part-1\Abuse\Abuse015_x264A.mp4,Abuse,Abuse,1,.mp4,17.797,True,30.0,7875,320,240,262.5,4.375,True,train
Abuse016_x264,Abuse016_x264.mp4,data\raw\ucf-crime\Anomaly-Videos-Part-1\Anomaly-Videos-Part-1\Abuse\Abuse016_x264.mp4,ucf-crime\Anomaly-Videos-Part-1\Anomaly-Videos-Part-1\Abuse\Abuse016_x264.mp4,Abuse,Abuse,1,.mp4,8.861,True,30.0,1407,320,240,46.9,0.782,True,train
Abuse016_x264A,Abuse016_x264A.mp4,data\raw\ucf-crime\Augmented_Anomaly-Videos-Part-1\Anomaly-Videos-Part-1\Abuse\Abuse016_x264A.mp4,ucf-crime\Augmented_Anomaly-Videos-Part-1\Anomaly-Videos-Part-1\Abuse\Abuse016_x264A.mp4,Abuse,Abuse,1,.mp4,6.865,True,30.0,1407,320,240,46.9,0.782,True,train
Abuse017_x264,Abuse017_x264.mp4,data\raw\ucf-crime\Anomaly-Videos-Part-1\Anomaly-Videos-Part-1\Abuse\Abuse017_x264.mp4,ucf-crime\Anomaly-Videos-Part-1\Anomaly-Videos-Part-1\Abuse\Abuse017_x264.mp4,Abuse,Abuse,1,.mp4,11.302,True,30.0,1920,320,240,64.0,1.067,True,train
Abuse017_x264A,Abuse017_x264A.mp4,data\raw\ucf-crime\Augmented_Anomaly-Videos-Part-1\Anomaly-Videos-Part-1\Abuse\Abuse017_x264A.mp4,ucf-crime\Augmented_Anomaly-Videos-Part-1\Anomaly-Videos-Part-1\Abuse\Abuse017_x264A.mp4,Abuse,Abuse,1,.mp4,9.16,True,30.0,1920,320,240,64.0,1.067,True,train
Abuse018_x264,Abuse018_x264.mp4,data\raw\ucf-crime\Anomaly-Videos-Part-1\Anomaly-Videos-Part-1\Abuse\Abuse018_x264.mp4,ucf-crime\Anomaly-Videos-Part-1\Anomaly-Videos-Part-1\Abuse\Abuse018_x264.mp4,Abuse,Abuse,1,.mp4,6.917,True,30.0,2428,320,240,80.933,1.349,True,train
Abuse018_x264A,Abuse018_x264A.mp4,data\raw\ucf-crime\Augmented_Anomaly-Videos-Part-1\Anomaly-Videos-Part-1\Abuse\Abuse018_x264A.mp4,ucf-crime\Augmented_Anomaly-Videos-Part-1\Anomaly-Videos-Part-1\Abuse\Abuse018_x264A.mp4,Abuse,Abuse,1,.mp4,4.55,True,30.0,2428,320,240,80.933,1.349,True,train
Abuse019_x264,Abuse019_x264.mp4,data\raw\ucf-crime\Anomaly-Videos-Part-1\Anomaly-Videos-Part-1\Abuse\Abuse019_x264.mp4,ucf-crime\Anomaly-Videos-Part-1\Anomaly-Videos-Part-1\Abuse\Abuse019_x264.mp4,Abuse,Abuse,1,.mp4,25.344,True,30.0,3943,320,240,131.433,2.191,True,train
Abuse019_x264A,Abuse019_x264A.mp4,data\raw\ucf-crime\Augmented_Anomaly-Videos-Part-1\Anomaly-Videos-Part-1\Abuse\Abuse019_x264A.mp4,ucf-crime\Augmented_Anomaly-Videos-Part-1\Anomaly-Videos-Part-1\Abuse\Abuse019_x264A.mp4,Abuse,Abuse,1,.mp4,20.889,True,30.0,3943,320,240,131.433,2.191,True,train
Abuse020_x264,Abuse020_x264.mp4,data\raw\ucf-crime\Anomaly-Videos-Part-1\Anomaly-Videos-Part-1\Abuse\Abuse020_x264.mp4,ucf-crime\Anomaly-Videos-Part-1\Anomaly-Videos-Part-1\Abuse\Abuse020_x264.mp4,Abuse,Abuse,1,.mp4,21.326,True,30.0,3104,320,240,103.467,1.724,True,train
Abuse020_x264A,Abuse020_x264A.mp4,data\raw\ucf-crime\Augmented_Anomaly-Videos-Part-1\Anomaly-Videos-Part-1\Abuse\Abuse020_x264A.mp4,ucf-crime\Augmented_Anomaly-Videos-Part-1\Anomaly-Videos-Part-1\Abuse\Abuse020_x264A.mp4,Abuse,Abuse,1,.mp4,18.395,True,30.0,3104,320,240,103.467,1.724,True,train
Abuse021_x264A,Abuse021_x264A.mp4,data\raw\ucf-crime\Augmented_Anomaly-Videos-Part-1\Anomaly-Videos-Part-1\Abuse\Abuse021_x264A.mp4,ucf-crime\Augmented_Anomaly-Videos-Part-1\Anomaly-Videos-Part-1\Abuse\Abuse021_x264A.mp4,Abuse,Abuse,1,.mp4,4.76,True,30.0,1913,320,240,63.767,1.063,True,train
Abuse022_x264A,Abuse022_x264A.mp4,data\raw\ucf-crime\Augmented_Anomaly-Videos-Part-1\Anomaly-Videos-Part-1\Abuse\Abuse022_x264A.mp4,ucf-crime\Augmented_Anomaly-Videos-Part-1\Anomaly-Videos-Part-1\Abuse\Abuse022_x264A.mp4,Abuse,Abuse,1,.mp4,15.131,True,30.0,2832,320,240,94.4,1.573,True,train
Abuse023_x264,Abuse023_x264.mp4,data\raw\ucf-crime\Anomaly-Videos-Part-1\Anomaly-Videos-Part-1\Abuse\Abuse023_x264.mp4,ucf-crime\Anomaly-Videos-Part-1\Anomaly-Videos-Part-1\Abuse\Abuse023_x264.mp4,Abuse,Abuse,1,.mp4,6.504,True,30.0,992,320,240,33.067,0.551,True,train
Abuse023_x264A,Abuse023_x264A.mp4,data\raw\ucf-crime\Augmented_Anomaly-Videos-Part-1\Anomaly-Videos-Part-1\Abuse\Abuse023_x264A.mp4,ucf-crime\Augmented_Anomaly-Videos-Part-1\Anomaly-Videos-Part-1\Abuse\Abuse023_x264A.mp4,Abuse,Abuse,1,.mp4,5.652,True,30.0,992,320,240,33.067,0.551,True,train
Abuse024_x264A,Abuse024_x264A.mp4,data\raw\ucf-crime\Augmented_Anomaly-Videos-Part-1\Anomaly-Videos-Part-1\Abuse\Abuse024_x264A.mp4,ucf-crime\Augmented_Anomaly-Videos-Part-1\Anomaly-Videos-Part-1\Abuse\Abuse024_x264A.mp4,Abuse,Abuse,1,.mp4,14.483,True,30.0,1021,320,240,34.033,0.567,True,train
Abuse025_x264,Abuse025_x264.mp4,data\raw\ucf-crime\Anomaly-Videos-Part-1\Anomaly-Videos-Part-1\Abuse\Abuse025_x264.mp4,ucf-crime\Anomaly-Videos-Part-1\Anomaly-Videos-Part-1\Abuse\Abuse025_x264.mp4,Abuse,Abuse,1,.mp4,16.024,True,30.0,2031,320,240,67.7,1.128,True,train
Abuse026_x264,Abuse026_x264.mp4,data\raw\ucf-crime\Anomaly-Videos-Part-1\Anomaly-Videos-Part-1\Abuse\Abuse026_x264.mp4,ucf-crime\Anomaly-Videos-Part-1\Anomaly-Videos-Part-1\Abuse\Abuse026_x264.mp4,Abuse,Abuse,1,.mp4,16.178,True,30.0,1986,320,240,66.2,1.103,True,train
Abuse027_x264,Abuse027_x264.mp4,data\raw\ucf-crime\Anomaly-Videos-Part-1\Anomaly-Videos-Part-1\Abuse\Abuse027_x264.mp4,ucf-crime\Anomaly-Videos-Part-1\Anomaly-Videos-Part-1\Abuse\Abuse027_x264.mp4,Abuse,Abuse,1,.mp4,26.819,True,30.0,4372,320,240,145.733,2.429,True,train
Abuse027_x264A,Abuse027_x264A.mp4,data\raw\ucf-crime\Augmented_Anomaly-Videos-Part-1\Anomaly-Videos-Part-1\Abuse\Abuse027_x264A.mp4,ucf-crime\Augmented_Anomaly-Videos-Part-1\Anomaly-Videos-Part-1\Abuse\Abuse027_x264A.mp4,Abuse,Abuse,1,.mp4,24.324,True,30.0,4372,320,240,145.733,2.429,True,train
Abuse028_x264,Abuse028_x264.mp4,data\raw\ucf-crime\Anomaly-Videos-Part-1\Anomaly-Videos-Part-1\Abuse\Abuse028_x264.mp4,ucf-crime\Anomaly-Videos-Part-1\Anomaly-Videos-Part-1\Abuse\Abuse028_x264.mp4,Abuse,Abuse,1,.mp4,8.487,True,30.0,1412,320,240,47.067,0.784,True,train
Abuse028_x264A,Abuse028_x264A.mp4,data\raw\ucf-crime\Augmented_Anomaly-Videos-Part-1\Anomaly-Videos-Part-1\Abuse\Abuse028_x264A.mp4,ucf-crime\Augmented_Anomaly-Videos-Part-1\Anomaly-Videos-Part-1\Abuse\Abuse028_x264A.mp4,Abuse,Abuse,1,.mp4,6.838,True,30.0,1412,320,240,47.067,0.784,True,train
Abuse029_x264,Abuse029_x264.mp4,data\raw\ucf-crime\Anomaly-Videos-Part-1\Anomaly-Videos-Part-1\Abuse\Abuse029_x264.mp4,ucf-crime\Anomaly-Videos-Part-1\Anomaly-Videos-Part-1\Abuse\Abuse029_x264.mp4,Abuse,Abuse,1,.mp4,1.531,True,30.0,300,320,240,10.0,0.167,True,train
Abuse029_x264A,Abuse029_x264A.mp4,data\raw\ucf-crime\Augmented_Anomaly-Videos-Part-1\Anomaly-Videos-Part-1\Abuse\Abuse029_x264A.mp4,ucf-crime\Augmented_Anomaly-Videos-Part-1\Anomaly-Videos-Part-1\Abuse\Abuse029_x264A.mp4,Abuse,Abuse,1,.mp4,1.425,True,30.0,300,320,240,10.0,0.167,True,train
Abuse030_x264A,Abuse030_x264A.mp4,data\raw\ucf-crime\Augmented_Anomaly-Videos-Part-1\Anomaly-Videos-Part-1\Abuse\Abuse030_x264A.mp4,ucf-crime\Augmented_Anomaly-Videos-Part-1\Anomaly-Videos-Part-1\Abuse\Abuse030_x264A.mp4,Abuse,Abuse,1,.mp4,11.281,True,30.0,1544,320,240,51.467,0.858,True,train
Abuse031_x264,Abuse031_x264.mp4,data\raw\ucf-crime\Anomaly-Videos-Part-1\Anomaly-Videos-Part-1\Abuse\Abuse031_x264.mp4,ucf-crime\Anomaly-Videos-Part-1\Anomaly-Videos-Part-1\Abuse\Abuse031_x264.mp4,Abuse,Abuse,1,.mp4,23.638,True,30.0,4442,320,240,148.067,2.468,True,train
Abuse031_x264A,Abuse031_x264A.mp4,data\raw\ucf-crime\Augmented_Anomaly-Videos-Part-1\Anomaly-Videos-Part-1\Abuse\Abuse031_x264A.mp4,ucf-crime\Augmented_Anomaly-Videos-Part-1\Anomaly-Videos-Part-1\Abuse\Abuse031_x264A.mp4,Abuse,Abuse,1,.mp4,16.093,True,30.0,4442,320,240,148.067,2.468,True,train
Abuse032_x264,Abuse032_x264.mp4,data\raw\ucf-crime\Anomaly-Videos-Part-1\Anomaly-Videos-Part-1\Abuse\Abuse032_x264.mp4,ucf-crime\Anomaly-Videos-Part-1\Anomaly-Videos-Part-1\Abuse\Abuse032_x264.mp4,Abuse,Abuse,1,.mp4,19.474,True,30.0,4750,320,240,158.333,2.639,True,train
Abuse032_x264A,Abuse032_x264A.mp4,data\raw\ucf-crime\Augmented_Anomaly-Videos-Part-1\Anomaly-Videos-Part-1\Abuse\Abuse032_x264A.mp4,ucf-crime\Augmented_Anomaly-Videos-Part-1\Anomaly-Videos-Part-1\Abuse\Abuse032_x264A.mp4,Abuse,Abuse,1,.mp4,13.772,True,30.0,4750,320,240,158.333,2.639,True,train
Abuse033_x264A,Abuse033_x264A.mp4,data\raw\ucf-crime\Augmented_Anomaly-Videos-Part-1\Anomaly-Videos-Part-1\Abuse\Abuse033_x264A.mp4,ucf-crime\Augmented_Anomaly-Videos-Part-1\Anomaly-Videos-Part-1\Abuse\Abuse033_x264A.mp4,Abuse,Abuse,1,.mp4,21.728,True,30.0,2831,320,240,94.367,1.573,True,train
Abuse034_x264,Abuse034_x264.mp4,data\raw\ucf-crime\Anomaly-Videos-Part-1\Anomaly-Videos-Part-1\Abuse\Abuse034_x264.mp4,ucf-crime\Anomaly-Videos-Part-1\Anomaly-Videos-Part-1\Abuse\Abuse034_x264.mp4,Abuse,Abuse,1,.mp4,12.627,True,30.0,1563,320,240,52.1,0.868,True,train
Abuse035_x264,Abuse035_x264.mp4,data\raw\ucf-crime\Anomaly-Videos-Part-1\Anomaly-Videos-Part-1\Abuse\Abuse035_x264.mp4,ucf-crime\Anomaly-Videos-Part-1\Anomaly-Videos-Part-1\Abuse\Abuse035_x264.mp4,Abuse,Abuse,1,.mp4,22.62,True,30.0,2651,320,240,88.367,1.473,True,train
Abuse035_x264A,Abuse035_x264A.mp4,data\raw\ucf-crime\Augmented_Anomaly-Videos-Part-1\Anomaly-Videos-Part-1\Abuse\Abuse035_x264A.mp4,ucf-crime\Augmented_Anomaly-Videos-Part-1\Anomaly-Videos-Part-1\Abuse\Abuse035_x264A.mp4,Abuse,Abuse,1,.mp4,22.778,True,30.0,2651,320,240,88.367,1.473,True,train
Abuse036_x264,Abuse036_x264.mp4,data\raw\ucf-crime\Anomaly-Videos-Part-1\Anomaly-Videos-Part-1\Abuse\Abuse036_x264.mp4,ucf-crime\Anomaly-Videos-Part-1\Anomaly-Videos-Part-1\Abuse\Abuse036_x264.mp4,Abuse,Abuse,1,.mp4,39.064,True,30.0,4703,320,240,156.767,2.613,True,train
Abuse036_x264A,Abuse036_x264A.mp4,data\raw\ucf-crime\Augmented_Anomaly-Videos-Part-1\Anomaly-Videos-Part-1\Abuse\Abuse036_x264A.mp4,ucf-crime\Augmented_Anomaly-Videos-Part-1\Anomaly-Videos-Part-1\Abuse\Abuse036_x264A.mp4,Abuse,Abuse,1,.mp4,41.707,True,30.0,4703,320,240,156.767,2.613,True,train
Abuse037_x264,Abuse037_x264.mp4,data\raw\ucf-crime\Anomaly-Videos-Part-1\Anomaly-Videos-Part-1\Abuse\Abuse037_x264.mp4,ucf-crime\Anomaly-Videos-Part-1\Anomaly-Videos-Part-1\Abuse\Abuse037_x264.mp4,Abuse,Abuse,1,.mp4,8.451,True,30.0,1795,320,240,59.833,0.997,True,train
Abuse039_x264,Abuse039_x264.mp4,data\raw\ucf-crime\Anomaly-Videos-Part-1\Anomaly-Videos-Part-1\Abuse\Abuse039_x264.mp4,ucf-crime\Anomaly-Videos-Part-1\Anomaly-Videos-Part-1\Abuse\Abuse039_x264.mp4,Abuse,Abuse,1,.mp4,94.572,True,30.0,14144,320,240,471.467,7.858,True,train
Abuse039_x264A,Abuse039_x264A.mp4,data\raw\ucf-crime\Augmented_Anomaly-Videos-Part-1\Anomaly-Videos-Part-1\Abuse\Abuse039_x264A.mp4,ucf-crime\Augmented_Anomaly-Videos-Part-1\Anomaly-Videos-Part-1\Abuse\Abuse039_x264A.mp4,Abuse,Abuse,1,.mp4,68.965,True,30.0,14144,320,240,471.467,7.858,True,train
Abuse040_x264,Abuse040_x264.mp4,data\raw\ucf-crime\Anomaly-Videos-Part-1\Anomaly-Videos-Part-1\Abuse\Abuse040_x264.mp4,ucf-crime\Anomaly-Videos-Part-1\Anomaly-Videos-Part-1\Abuse\Abuse040_x264.mp4,Abuse,Abuse,1,.mp4,15.379,True,30.0,3413,320,240,113.767,1.896,True,train
Abuse040_x264A,Abuse040_x264A.mp4,data\raw\ucf-crime\Augmented_Anomaly-Videos-Part-1\Anomaly-Videos-Part-1\Abuse\Abuse040_x264A.mp4,ucf-crime\Augmented_Anomaly-Videos-Part-1\Anomaly-Videos-Part-1\Abuse\Abuse040_x264A.mp4,Abuse,Abuse,1,.mp4,9.5,True,30.0,3413,320,240,113.767,1.896,True,train
Abuse041_x264,Abuse041_x264.mp4,data\raw\ucf-crime\Anomaly-Videos-Part-1\Anomaly-Videos-Part-1\Abuse\Abuse041_x264.mp4,ucf-crime\Anomaly-Videos-Part-1\Anomaly-Videos-Part-1\Abuse\Abuse041_x264.mp4,Abuse,Abuse,1,.mp4,11.035,True,30.0,1385,320,240,46.167,0.769,True,train
Abuse041_x264A,Abuse041_x264A.mp4,data\raw\ucf-crime\Augmented_Anomaly-Videos-Part-1\Anomaly-Videos-Part-1\Abuse\Abuse041_x264A.mp4,ucf-crime\Augmented_Anomaly-Videos-Part-1\Anomaly-Videos-Part-1\Abuse\Abuse041_x264A.mp4,Abuse,Abuse,1,.mp4,11.102,True,30.0,1385,320,240,46.167,0.769,True,train
Abuse042_x264A,Abuse042_x264A.mp4,data\raw\ucf-crime\Augmented_Anomaly-Videos-Part-1\Anomaly-Videos-Part-1\Abuse\Abuse042_x264A.mp4,ucf-crime\Augmented_Anomaly-Videos-Part-1\Anomaly-Videos-Part-1\Abuse\Abuse042_x264A.mp4,Abuse,Abuse,1,.mp4,143.316,True,30.0,28476,320,240,949.2,15.82,True,train
Abuse043_x264,Abuse043_x264.mp4,data\raw\ucf-crime\Anomaly-Videos-Part-1\Anomaly-Videos-Part-1\Abuse\Abuse043_x264.mp4,ucf-crime\Anomaly-Videos-Part-1\Anomaly-Videos-Part-1\Abuse\Abuse043_x264.mp4,Abuse,Abuse,1,.mp4,32.193,True,30.0,3870,320,240,129.0,2.15,True,train
Abuse044_x264,Abuse044_x264.mp4,data\raw\ucf-crime\Anomaly-Videos-Part-1\Anomaly-Videos-Part-1\Abuse\Abuse044_x264.mp4,ucf-crime\Anomaly-Videos-Part-1\Anomaly-Videos-Part-1\Abuse\Abuse044_x264.mp4,Abuse,Abuse,1,.mp4,31.221,True,30.0,3940,320,240,131.333,2.189,True,train
Abuse044_x264A,Abuse044_x264A.mp4,data\raw\ucf-crime\Augmented_Anomaly-Videos-Part-1\Anomaly-Videos-Part-1\Abuse\Abuse044_x264A.mp4,ucf-crime\Augmented_Anomaly-Videos-Part-1\Anomaly-Videos-Part-1\Abuse\Abuse044_x264A.mp4,Abuse,Abuse,1,.mp4,30.269,True,30.0,3940,320,240,131.333,2.189,True,train
Abuse045_x264,Abuse045_x264.mp4,data\raw\ucf-crime\Anomaly-Videos-Part-1\Anomaly-Videos-Part-1\Abuse\Abuse045_x264.mp4,ucf-crime\Anomaly-Videos-Part-1\Anomaly-Videos-Part-1\Abuse\Abuse045_x264.mp4,Abuse,Abuse,1,.mp4,20.648,True,30.0,5085,320,240,169.5,2.825,True,train
Abuse046_x264,Abuse046_x264.mp4,data\raw\ucf-crime\Anomaly-Videos-Part-1\Anomaly-Videos-Part-1\Abuse\Abuse046_x264.mp4,ucf-crime\Anomaly-Videos-Part-1\Anomaly-Videos-Part-1\Abuse\Abuse046_x264.mp4,Abuse,Abuse,1,.mp4,9.694,True,30.0,1159,320,240,38.633,0.644,True,train
Abuse046_x264A,Abuse046_x264A.mp4,data\raw\ucf-crime\Augmented_Anomaly-Videos-Part-1\Anomaly-Videos-Part-1\Abuse\Abuse046_x264A.mp4,ucf-crime\Augmented_Anomaly-Videos-Part-1\Anomaly-Videos-Part-1\Abuse\Abuse046_x264A.mp4,Abuse,Abuse,1,.mp4,8.157,True,30.0,1159,320,240,38.633,0.644,True,train
Abuse047_x264A,Abuse047_x264A.mp4,data\raw\ucf-crime\Augmented_Anomaly-Videos-Part-1\Anomaly-Videos-Part-1\Abuse\Abuse047_x264A.mp4,ucf-crime\Augmented_Anomaly-Videos-Part-1\Anomaly-Videos-Part-1\Abuse\Abuse047_x264A.mp4,Abuse,Abuse,1,.mp4,6.874,True,30.0,1563,320,240,52.1,0.868,True,train
Abuse048_x264,Abuse048_x264.mp4,data\raw\ucf-crime\Anomaly-Videos-Part-1\Anomaly-Videos-Part-1\Abuse\Abuse048_x264.mp4,ucf-crime\Anomaly-Videos-Part-1\Anomaly-Videos-Part-1\Abuse\Abuse048_x264.mp4,Abuse,Abuse,1,.mp4,24.414,True,30.0,3416,320,240,113.867,1.898,True,train
Abuse050_x264,Abuse050_x264.mp4,data\raw\ucf-crime\Anomaly-Videos-Part-1\Anomaly-Videos-Part-1\Abuse\Abuse050_x264.mp4,ucf-crime\Anomaly-Videos-Part-1\Anomaly-Videos-Part-1\Abuse\Abuse050_x264.mp4,Abuse,Abuse,1,.mp4,37.817,True,30.0,4862,320,240,162.067,2.701,True,train
Arrest002_x264,Arrest002_x264.mp4,data\raw\ucf-crime\Anomaly-Videos-Part-1\Anomaly-Videos-Part-1\Arrest\Arrest002_x264.mp4,ucf-crime\Anomaly-Videos-Part-1\Anomaly-Videos-Part-1\Arrest\Arrest002_x264.mp4,Arrest,Arrest,1,.mp4,10.339,True,30.0,1790,320,240,59.667,0.994,True,train
Arrest003_x264A,Arrest003_x264A.mp4,data\raw\ucf-crime\Augmented_Anomaly-Videos-Part-1\Anomaly-Videos-Part-1\Arrest\Arrest003_x264A.mp4,ucf-crime\Augmented_Anomaly-Videos-Part-1\Anomaly-Videos-Part-1\Arrest\Arrest003_x264A.mp4,Arrest,Arrest,1,.mp4,10.453,True,30.0,3054,320,240,101.8,1.697,True,train
Arrest004_x264,Arrest004_x264.mp4,data\raw\ucf-crime\Anomaly-Videos-Part-1\Anomaly-Videos-Part-1\Arrest\Arrest004_x264.mp4,ucf-crime\Anomaly-Videos-Part-1\Anomaly-Videos-Part-1\Arrest\Arrest004_x264.mp4,Arrest,Arrest,1,.mp4,21.669,True,30.0,3603,320,240,120.1,2.002,True,train
Arrest004_x264A,Arrest004_x264A.mp4,data\raw\ucf-crime\Augmented_Anomaly-Videos-Part-1\Anomaly-Videos-Part-1\Arrest\Arrest004_x264A.mp4,ucf-crime\Augmented_Anomaly-Videos-Part-1\Anomaly-Videos-Part-1\Arrest\Arrest004_x264A.mp4,Arrest,Arrest,1,.mp4,16.119,True,30.0,3603,320,240,120.1,2.002,True,train
Arrest005_x264A,Arrest005_x264A.mp4,data\raw\ucf-crime\Augmented_Anomaly-Videos-Part-1\Anomaly-Videos-Part-1\Arrest\Arrest005_x264A.mp4,ucf-crime\Augmented_Anomaly-Videos-Part-1\Anomaly-Videos-Part-1\Arrest\Arrest005_x264A.mp4,Arrest,Arrest,1,.mp4,49.31,True,30.0,3685,320,240,122.833,2.047,True,train
Arrest006_x264,Arrest006_x264.mp4,data\raw\ucf-crime\Anomaly-Videos-Part-1\Anomaly-Videos-Part-1\Arrest\Arrest006_x264.mp4,ucf-crime\Anomaly-Videos-Part-1\Anomaly-Videos-Part-1\Arrest\Arrest006_x264.mp4,Arrest,Arrest,1,.mp4,18.619,True,30.0,3090,320,240,103.0,1.717,True,train
Arrest006_x264A,Arrest006_x264A.mp4,data\raw\ucf-crime\Augmented_Anomaly-Videos-Part-1\Anomaly-Videos-Part-1\Arrest\Arrest006_x264A.mp4,ucf-crime\Augmented_Anomaly-Videos-Part-1\Anomaly-Videos-Part-1\Arrest\Arrest006_x264A.mp4,Arrest,Arrest,1,.mp4,13.36,True,30.0,3090,320,240,103.0,1.717,True,train
Arrest007_x264A,Arrest007_x264A.mp4,data\raw\ucf-crime\Augmented_Anomaly-Videos-Part-1\Anomaly-Videos-Part-1\Arrest\Arrest007_x264A.mp4,ucf-crime\Augmented_Anomaly-Videos-Part-1\Anomaly-Videos-Part-1\Arrest\Arrest007_x264A.mp4,Arrest,Arrest,1,.mp4,14.656,True,30.0,3144,320,240,104.8,1.747,True,train
Arrest008_x264,Arrest008_x264.mp4,data\raw\ucf-crime\Anomaly-Videos-Part-1\Anomaly-Videos-Part-1\Arrest\Arrest008_x264.mp4,ucf-crime\Anomaly-Videos-Part-1\Anomaly-Videos-Part-1\Arrest\Arrest008_x264.mp4,Arrest,Arrest,1,.mp4,49.035,True,30.0,6388,320,240,212.933,3.549,True,train
Arrest008_x264A,Arrest008_x264A.mp4,data\raw\ucf-crime\Augmented_Anomaly-Videos-Part-1\Anomaly-Videos-Part-1\Arrest\Arrest008_x264A.mp4,ucf-crime\Augmented_Anomaly-Videos-Part-1\Anomaly-Videos-Part-1\Arrest\Arrest008_x264A.mp4,Arrest,Arrest,1,.mp4,74.065,True,30.0,6388,320,240,212.933,3.549,True,train
Arrest009_x264A,Arrest009_x264A.mp4,data\raw\ucf-crime\Augmented_Anomaly-Videos-Part-1\Anomaly-Videos-Part-1\Arrest\Arrest009_x264A.mp4,ucf-crime\Augmented_Anomaly-Videos-Part-1\Anomaly-Videos-Part-1\Arrest\Arrest009_x264A.mp4,Arrest,Arrest,1,.mp4,6.684,True,30.0,1713,320,240,57.1,0.952,True,train
Arrest010_x264,Arrest010_x264.mp4,data\raw\ucf-crime\Anomaly-Videos-Part-1\Anomaly-Videos-Part-1\Arrest\Arrest010_x264.mp4,ucf-crime\Anomaly-Videos-Part-1\Anomaly-Videos-Part-1\Arrest\Arrest010_x264.mp4,Arrest,Arrest,1,.mp4,18.975,True,30.0,2622,320,240,87.4,1.457,True,train
Arrest010_x264A,Arrest010_x264A.mp4,data\raw\ucf-crime\Augmented_Anomaly-Videos-Part-1\Anomaly-Videos-Part-1\Arrest\Arrest010_x264A.mp4,ucf-crime\Augmented_Anomaly-Videos-Part-1\Anomaly-Videos-Part-1\Arrest\Arrest010_x264A.mp4,Arrest,Arrest,1,.mp4,14.735,True,30.0,2622,320,240,87.4,1.457,True,train
Arrest011_x264,Arrest011_x264.mp4,data\raw\ucf-crime\Anomaly-Videos-Part-1\Anomaly-Videos-Part-1\Arrest\Arrest011_x264.mp4,ucf-crime\Anomaly-Videos-Part-1\Anomaly-Videos-Part-1\Arrest\Arrest011_x264.mp4,Arrest,Arrest,1,.mp4,14.888,True,30.0,2214,320,240,73.8,1.23,True,train
Arrest011_x264A,Arrest011_x264A.mp4,data\raw\ucf-crime\Augmented_Anomaly-Videos-Part-1\Anomaly-Videos-Part-1\Arrest\Arrest011_x264A.mp4,ucf-crime\Augmented_Anomaly-Videos-Part-1\Anomaly-Videos-Part-1\Arrest\Arrest011_x264A.mp4,Arrest,Arrest,1,.mp4,12.322,True,30.0,2214,320,240,73.8,1.23,True,train
Arrest013_x264,Arrest013_x264.mp4,data\raw\ucf-crime\Anomaly-Videos-Part-1\Anomaly-Videos-Part-1\Arrest\Arrest013_x264.mp4,ucf-crime\Anomaly-Videos-Part-1\Anomaly-Videos-Part-1\Arrest\Arrest013_x264.mp4,Arrest,Arrest,1,.mp4,5.759,True,30.0,1116,320,240,37.2,0.62,True,train
Arrest014_x264A,Arrest014_x264A.mp4,data\raw\ucf-crime\Augmented_Anomaly-Videos-Part-1\Anomaly-Videos-Part-1\Arrest\Arrest014_x264A.mp4,ucf-crime\Augmented_Anomaly-Videos-Part-1\Anomaly-Videos-Part-1\Arrest\Arrest014_x264A.mp4,Arrest,Arrest,1,.mp4,11.295,True,30.0,1536,320,240,51.2,0.853,True,train
Arrest016_x264,Arrest016_x264.mp4,data\raw\ucf-crime\Anomaly-Videos-Part-1\Anomaly-Videos-Part-1\Arrest\Arrest016_x264.mp4,ucf-crime\Anomaly-Videos-Part-1\Anomaly-Videos-Part-1\Arrest\Arrest016_x264.mp4,Arrest,Arrest,1,.mp4,54.571,True,30.0,10586,320,240,352.867,5.881,True,train
Arrest016_x264A,Arrest016_x264A.mp4,data\raw\ucf-crime\Augmented_Anomaly-Videos-Part-1\Anomaly-Videos-Part-1\Arrest\Arrest016_x264A.mp4,ucf-crime\Augmented_Anomaly-Videos-Part-1\Anomaly-Videos-Part-1\Arrest\Arrest016_x264A.mp4,Arrest,Arrest,1,.mp4,39.616,True,30.0,10586,320,240,352.867,5.881,True,train
Arrest017_x264,Arrest017_x264.mp4,data\raw\ucf-crime\Anomaly-Videos-Part-1\Anomaly-Videos-Part-1\Arrest\Arrest017_x264.mp4,ucf-crime\Anomaly-Videos-Part-1\Anomaly-Videos-Part-1\Arrest\Arrest017_x264.mp4,Arrest,Arrest,1,.mp4,23.485,True,30.0,3432,320,240,114.4,1.907,True,train
Arrest017_x264A,Arrest017_x264A.mp4,data\raw\ucf-crime\Augmented_Anomaly-Videos-Part-1\Anomaly-Videos-Part-1\Arrest\Arrest017_x264A.mp4,ucf-crime\Augmented_Anomaly-Videos-Part-1\Anomaly-Videos-Part-1\Arrest\Arrest017_x264A.mp4,Arrest,Arrest,1,.mp4,19.605,True,30.0,3432,320,240,114.4,1.907,True,train
Arrest018_x264,Arrest018_x264.mp4,data\raw\ucf-crime\Anomaly-Videos-Part-1\Anomaly-Videos-Part-1\Arrest\Arrest018_x264.mp4,ucf-crime\Anomaly-Videos-Part-1\Anomaly-Videos-Part-1\Arrest\Arrest018_x264.mp4,Arrest,Arrest,1,.mp4,13.893,True,30.0,2434,320,240,81.133,1.352,True,train
Arrest018_x264A,Arrest018_x264A.mp4,data\raw\ucf-crime\Augmented_Anomaly-Videos-Part-1\Anomaly-Videos-Part-1\Arrest\Arrest018_x264A.mp4,ucf-crime\Augmented_Anomaly-Videos-Part-1\Anomaly-Videos-Part-1\Arrest\Arrest018_x264A.mp4,Arrest,Arrest,1,.mp4,8.269,True,30.0,2434,320,240,81.133,1.352,True,train
Arrest019_x264,Arrest019_x264.mp4,data\raw\ucf-crime\Anomaly-Videos-Part-1\Anomaly-Videos-Part-1\Arrest\Arrest019_x264.mp4,ucf-crime\Anomaly-Videos-Part-1\Anomaly-Videos-Part-1\Arrest\Arrest019_x264.mp4,Arrest,Arrest,1,.mp4,11.377,True,30.0,1394,320,240,46.467,0.774,True,train
Arrest019_x264A,Arrest019_x264A.mp4,data\raw\ucf-crime\Augmented_Anomaly-Videos-Part-1\Anomaly-Videos-Part-1\Arrest\Arrest019_x264A.mp4,ucf-crime\Augmented_Anomaly-Videos-Part-1\Anomaly-Videos-Part-1\Arrest\Arrest019_x264A.mp4,Arrest,Arrest,1,.mp4,17.853,True,30.0,1394,320,240,46.467,0.774,True,train
Arrest020_x264,Arrest020_x264.mp4,data\raw\ucf-crime\Anomaly-Videos-Part-1\Anomaly-Videos-Part-1\Arrest\Arrest020_x264.mp4,ucf-crime\Anomaly-Videos-Part-1\Anomaly-Videos-Part-1\Arrest\Arrest020_x264.mp4,Arrest,Arrest,1,.mp4,23.821,True,30.0,2942,320,240,98.067,1.634,True,train
Arrest020_x264A,Arrest020_x264A.mp4,data\raw\ucf-crime\Augmented_Anomaly-Videos-Part-1\Anomaly-Videos-Part-1\Arrest\Arrest020_x264A.mp4,ucf-crime\Augmented_Anomaly-Videos-Part-1\Anomaly-Videos-Part-1\Arrest\Arrest020_x264A.mp4,Arrest,Arrest,1,.mp4,28.657,True,30.0,2942,320,240,98.067,1.634,True,train
Arrest021_x264,Arrest021_x264.mp4,data\raw\ucf-crime\Anomaly-Videos-Part-1\Anomaly-Videos-Part-1\Arrest\Arrest021_x264.mp4,ucf-crime\Anomaly-Videos-Part-1\Anomaly-Videos-Part-1\Arrest\Arrest021_x264.mp4,Arrest,Arrest,1,.mp4,74.53,True,30.0,8734,320,240,291.133,4.852,True,train
Arrest021_x264A,Arrest021_x264A.mp4,data\raw\ucf-crime\Augmented_Anomaly-Videos-Part-1\Anomaly-Videos-Part-1\Arrest\Arrest021_x264A.mp4,ucf-crime\Augmented_Anomaly-Videos-Part-1\Anomaly-Videos-Part-1\Arrest\Arrest021_x264A.mp4,Arrest,Arrest,1,.mp4,57.797,True,30.0,8734,320,240,291.133,4.852,True,train
Arrest022_x264,Arrest022_x264.mp4,data\raw\ucf-crime\Anomaly-Videos-Part-1\Anomaly-Videos-Part-1\Arrest\Arrest022_x264.mp4,ucf-crime\Anomaly-Videos-Part-1\Anomaly-Videos-Part-1\Arrest\Arrest022_x264.mp4,Arrest,Arrest,1,.mp4,11.145,True,30.0,1595,320,240,53.167,0.886,True,train
Arrest024_x264,Arrest024_x264.mp4,data\raw\ucf-crime\Anomaly-Videos-Part-1\Anomaly-Videos-Part-1\Arrest\Arrest024_x264.mp4,ucf-crime\Anomaly-Videos-Part-1\Anomaly-Videos-Part-1\Arrest\Arrest024_x264.mp4,Arrest,Arrest,1,.mp4,20.338,True,30.0,3629,320,240,120.967,2.016,True,train
Arrest024_x264A,Arrest024_x264A.mp4,data\raw\ucf-crime\Augmented_Anomaly-Videos-Part-1\Anomaly-Videos-Part-1\Arrest\Arrest024_x264A.mp4,ucf-crime\Augmented_Anomaly-Videos-Part-1\Anomaly-Videos-Part-1\Arrest\Arrest024_x264A.mp4,Arrest,Arrest,1,.mp4,18.499,True,30.0,3629,320,240,120.967,2.016,True,train
Arrest025_x264,Arrest025_x264.mp4,data\raw\ucf-crime\Anomaly-Videos-Part-1\Anomaly-Videos-Part-1\Arrest\Arrest025_x264.mp4,ucf-crime\Anomaly-Videos-Part-1\Anomaly-Videos-Part-1\Arrest\Arrest025_x264.mp4,Arrest,Arrest,1,.mp4,8.82,True,30.0,1057,320,240,35.233,0.587,True,train
Arrest025_x264A,Arrest025_x264A.mp4,data\raw\ucf-crime\Augmented_Anomaly-Videos-Part-1\Anomaly-Videos-Part-1\Arrest\Arrest025_x264A.mp4,ucf-crime\Augmented_Anomaly-Videos-Part-1\Anomaly-Videos-Part-1\Arrest\Arrest025_x264A.mp4,Arrest,Arrest,1,.mp4,9.893,True,30.0,1057,320,240,35.233,0.587,True,train
Arrest026_x264,Arrest026_x264.mp4,data\raw\ucf-crime\Anomaly-Videos-Part-1\Anomaly-Videos-Part-1\Arrest\Arrest026_x264.mp4,ucf-crime\Anomaly-Videos-Part-1\Anomaly-Videos-Part-1\Arrest\Arrest026_x264.mp4,Arrest,Arrest,1,.mp4,25.443,True,30.0,6486,320,240,216.2,3.603,True,train
Arrest026_x264A,Arrest026_x264A.mp4,data\raw\ucf-crime\Augmented_Anomaly-Videos-Part-1\Anomaly-Videos-Part-1\Arrest\Arrest026_x264A.mp4,ucf-crime\Augmented_Anomaly-Videos-Part-1\Anomaly-Videos-Part-1\Arrest\Arrest026_x264A.mp4,Arrest,Arrest,1,.mp4,19.35,True,30.0,6486,320,240,216.2,3.603,True,train
Arrest027_x264A,Arrest027_x264A.mp4,data\raw\ucf-crime\Augmented_Anomaly-Videos-Part-1\Anomaly-Videos-Part-1\Arrest\Arrest027_x264A.mp4,ucf-crime\Augmented_Anomaly-Videos-Part-1\Anomaly-Videos-Part-1\Arrest\Arrest027_x264A.mp4,Arrest,Arrest,1,.mp4,29.698,True,30.0,1708,320,240,56.933,0.949,True,train
Arrest029_x264,Arrest029_x264.mp4,data\raw\ucf-crime\Anomaly-Videos-Part-1\Anomaly-Videos-Part-1\Arrest\Arrest029_x264.mp4,ucf-crime\Anomaly-Videos-Part-1\Anomaly-Videos-Part-1\Arrest\Arrest029_x264.mp4,Arrest,Arrest,1,.mp4,46.683,True,30.0,7766,320,240,258.867,4.314,True,train
Arrest029_x264A,Arrest029_x264A.mp4,data\raw\ucf-crime\Augmented_Anomaly-Videos-Part-1\Anomaly-Videos-Part-1\Arrest\Arrest029_x264A.mp4,ucf-crime\Augmented_Anomaly-Videos-Part-1\Anomaly-Videos-Part-1\Arrest\Arrest029_x264A.mp4,Arrest,Arrest,1,.mp4,39.609,True,30.0,7766,320,240,258.867,4.314,True,train
Arrest030_x264,Arrest030_x264.mp4,data\raw\ucf-crime\Anomaly-Videos-Part-1\Anomaly-Videos-Part-1\Arrest\Arrest030_x264.mp4,ucf-crime\Anomaly-Videos-Part-1\Anomaly-Videos-Part-1\Arrest\Arrest030_x264.mp4,Arrest,Arrest,1,.mp4,46.665,True,30.0,8642,320,240,288.067,4.801,True,train
Arrest030_x264A,Arrest030_x264A.mp4,data\raw\ucf-crime\Augmented_Anomaly-Videos-Part-1\Anomaly-Videos-Part-1\Arrest\Arrest030_x264A.mp4,ucf-crime\Augmented_Anomaly-Videos-Part-1\Anomaly-Videos-Part-1\Arrest\Arrest030_x264A.mp4,Arrest,Arrest,1,.mp4,34.059,True,30.0,8642,320,240,288.067,4.801,True,train
Arrest031_x264,Arrest031_x264.mp4,data\raw\ucf-crime\Anomaly-Videos-Part-1\Anomaly-Videos-Part-1\Arrest\Arrest031_x264.mp4,ucf-crime\Anomaly-Videos-Part-1\Anomaly-Videos-Part-1\Arrest\Arrest031_x264.mp4,Arrest,Arrest,1,.mp4,7.547,True,30.0,1848,320,240,61.6,1.027,True,train
Arrest031_x264A,Arrest031_x264A.mp4,data\raw\ucf-crime\Augmented_Anomaly-Videos-Part-1\Anomaly-Videos-Part-1\Arrest\Arrest031_x264A.mp4,ucf-crime\Augmented_Anomaly-Videos-Part-1\Anomaly-Videos-Part-1\Arrest\Arrest031_x264A.mp4,Arrest,Arrest,1,.mp4,5.659,True,30.0,1848,320,240,61.6,1.027,True,train
Arrest032_x264,Arrest032_x264.mp4,data\raw\ucf-crime\Anomaly-Videos-Part-1\Anomaly-Videos-Part-1\Arrest\Arrest032_x264.mp4,ucf-crime\Anomaly-Videos-Part-1\Anomaly-Videos-Part-1\Arrest\Arrest032_x264.mp4,Arrest,Arrest,1,.mp4,9.236,True,30.0,1684,320,240,56.133,0.936,True,train
Arrest032_x264A,Arrest032_x264A.mp4,data\raw\ucf-crime\Augmented_Anomaly-Videos-Part-1\Anomaly-Videos-Part-1\Arrest\Arrest032_x264A.mp4,ucf-crime\Augmented_Anomaly-Videos-Part-1\Anomaly-Videos-Part-1\Arrest\Arrest032_x264A.mp4,Arrest,Arrest,1,.mp4,7.565,True,30.0,1684,320,240,56.133,0.936,True,train
Arrest033_x264A,Arrest033_x264A.mp4,data\raw\ucf-crime\Augmented_Anomaly-Videos-Part-1\Anomaly-Videos-Part-1\Arrest\Arrest033_x264A.mp4,ucf-crime\Augmented_Anomaly-Videos-Part-1\Anomaly-Videos-Part-1\Arrest\Arrest033_x264A.mp4,Arrest,Arrest,1,.mp4,48.84,True,30.0,7745,320,240,258.167,4.303,True,train
Arrest034_x264A,Arrest034_x264A.mp4,data\raw\ucf-crime\Augmented_Anomaly-Videos-Part-1\Anomaly-Videos-Part-1\Arrest\Arrest034_x264A.mp4,ucf-crime\Augmented_Anomaly-Videos-Part-1\Anomaly-Videos-Part-1\Arrest\Arrest034_x264A.mp4,Arrest,Arrest,1,.mp4,53.207,True,30.0,11620,320,240,387.333,6.456,True,train
Arrest035_x264A,Arrest035_x264A.mp4,data\raw\ucf-crime\Augmented_Anomaly-Videos-Part-1\Anomaly-Videos-Part-1\Arrest\Arrest035_x264A.mp4,ucf-crime\Augmented_Anomaly-Videos-Part-1\Anomaly-Videos-Part-1\Arrest\Arrest035_x264A.mp4,Arrest,Arrest,1,.mp4,36.439,True,30.0,6187,320,240,206.233,3.437,True,train
Arrest036_x264,Arrest036_x264.mp4,data\raw\ucf-crime\Anomaly-Videos-Part-1\Anomaly-Videos-Part-1\Arrest\Arrest036_x264.mp4,ucf-crime\Anomaly-Videos-Part-1\Anomaly-Videos-Part-1\Arrest\Arrest036_x264.mp4,Arrest,Arrest,1,.mp4,22.006,True,30.0,3827,320,240,127.567,2.126,True,train
Arrest036_x264A,Arrest036_x264A.mp4,data\raw\ucf-crime\Augmented_Anomaly-Videos-Part-1\Anomaly-Videos-Part-1\Arrest\Arrest036_x264A.mp4,ucf-crime\Augmented_Anomaly-Videos-Part-1\Anomaly-Videos-Part-1\Arrest\Arrest036_x264A.mp4,Arrest,Arrest,1,.mp4,16.857,True,30.0,3827,320,240,127.567,2.126,True,train
Arrest037_x264A,Arrest037_x264A.mp4,data\raw\ucf-crime\Augmented_Anomaly-Videos-Part-1\Anomaly-Videos-Part-1\Arrest\Arrest037_x264A.mp4,ucf-crime\Augmented_Anomaly-Videos-Part-1\Anomaly-Videos-Part-1\Arrest\Arrest037_x264A.mp4,Arrest,Arrest,1,.mp4,16.984,True,30.0,2132,320,240,71.067,1.184,True,train
Arrest038_x264,Arrest038_x264.mp4,data\raw\ucf-crime\Anomaly-Videos-Part-1\Anomaly-Videos-Part-1\Arrest\Arrest038_x264.mp4,ucf-crime\Anomaly-Videos-Part-1\Anomaly-Videos-Part-1\Arrest\Arrest038_x264.mp4,Arrest,Arrest,1,.mp4,7.731,True,30.0,2193,320,240,73.1,1.218,True,train
Arrest038_x264A,Arrest038_x264A.mp4,data\raw\ucf-crime\Augmented_Anomaly-Videos-Part-1\Anomaly-Videos-Part-1\Arrest\Arrest038_x264A.mp4,ucf-crime\Augmented_Anomaly-Videos-Part-1\Anomaly-Videos-Part-1\Arrest\Arrest038_x264A.mp4,Arrest,Arrest,1,.mp4,5.572,True,30.0,2193,320,240,73.1,1.218,True,train
Arrest039_x264,Arrest039_x264.mp4,data\raw\ucf-crime\Anomaly-Videos-Part-1\Anomaly-Videos-Part-1\Arrest\Arrest039_x264.mp4,ucf-crime\Anomaly-Videos-Part-1\Anomaly-Videos-Part-1\Arrest\Arrest039_x264.mp4,Arrest,Arrest,1,.mp4,108.39,True,30.0,15835,320,240,527.833,8.797,True,train
Arrest039_x264A,Arrest039_x264A.mp4,data\raw\ucf-crime\Augmented_Anomaly-Videos-Part-1\Anomaly-Videos-Part-1\Arrest\Arrest039_x264A.mp4,ucf-crime\Augmented_Anomaly-Videos-Part-1\Anomaly-Videos-Part-1\Arrest\Arrest039_x264A.mp4,Arrest,Arrest,1,.mp4,75.324,True,30.0,15835,320,240,527.833,8.797,True,train
Arrest040_x264,Arrest040_x264.mp4,data\raw\ucf-crime\Anomaly-Videos-Part-1\Anomaly-Videos-Part-1\Arrest\Arrest040_x264.mp4,ucf-crime\Anomaly-Videos-Part-1\Anomaly-Videos-Part-1\Arrest\Arrest040_x264.mp4,Arrest,Arrest,1,.mp4,7.963,True,30.0,1774,320,240,59.133,0.986,True,train
Arrest040_x264A,Arrest040_x264A.mp4,data\raw\ucf-crime\Augmented_Anomaly-Videos-Part-1\Anomaly-Videos-Part-1\Arrest\Arrest040_x264A.mp4,ucf-crime\Augmented_Anomaly-Videos-Part-1\Anomaly-Videos-Part-1\Arrest\Arrest040_x264A.mp4,Arrest,Arrest,1,.mp4,5.412,True,30.0,1774,320,240,59.133,0.986,True,train
Arrest041_x264A,Arrest041_x264A.mp4,data\raw\ucf-crime\Augmented_Anomaly-Videos-Part-1\Anomaly-Videos-Part-1\Arrest\Arrest041_x264A.mp4,ucf-crime\Augmented_Anomaly-Videos-Part-1\Anomaly-Videos-Part-1\Arrest\Arrest041_x264A.mp4,Arrest,Arrest,1,.mp4,15.013,True,30.0,3847,320,240,128.233,2.137,True,train
Arrest042_x264A,Arrest042_x264A.mp4,data\raw\ucf-crime\Augmented_Anomaly-Videos-Part-1\Anomaly-Videos-Part-1\Arrest\Arrest042_x264A.mp4,ucf-crime\Augmented_Anomaly-Videos-Part-1\Anomaly-Videos-Part-1\Arrest\Arrest042_x264A.mp4,Arrest,Arrest,1,.mp4,9.282,True,30.0,1590,320,240,53.0,0.883,True,train
Arrest043_x264,Arrest043_x264.mp4,data\raw\ucf-crime\Anomaly-Videos-Part-1\Anomaly-Videos-Part-1\Arrest\Arrest043_x264.mp4,ucf-crime\Anomaly-Videos-Part-1\Anomaly-Videos-Part-1\Arrest\Arrest043_x264.mp4,Arrest,Arrest,1,.mp4,60.887,True,30.0,10799,320,240,359.967,5.999,True,train
Arrest043_x264A,Arrest043_x264A.mp4,data\raw\ucf-crime\Augmented_Anomaly-Videos-Part-1\Anomaly-Videos-Part-1\Arrest\Arrest043_x264A.mp4,ucf-crime\Augmented_Anomaly-Videos-Part-1\Anomaly-Videos-Part-1\Arrest\Arrest043_x264A.mp4,Arrest,Arrest,1,.mp4,43.951,True,30.0,10799,320,240,359.967,5.999,True,train
Arrest044_x264A,Arrest044_x264A.mp4,data\raw\ucf-crime\Augmented_Anomaly-Videos-Part-1\Anomaly-Videos-Part-1\Arrest\Arrest044_x264A.mp4,ucf-crime\Augmented_Anomaly-Videos-Part-1\Anomaly-Videos-Part-1\Arrest\Arrest044_x264A.mp4,Arrest,Arrest,1,.mp4,17.49,True,30.0,3411,320,240,113.7,1.895,True,train
Arrest046_x264,Arrest046_x264.mp4,data\raw\ucf-crime\Anomaly-Videos-Part-1\Anomaly-Videos-Part-1\Arrest\Arrest046_x264.mp4,ucf-crime\Anomaly-Videos-Part-1\Anomaly-Videos-Part-1\Arrest\Arrest046_x264.mp4,Arrest,Arrest,1,.mp4,44.906,True,30.0,7883,320,240,262.767,4.379,True,train
Arrest046_x264A,Arrest046_x264A.mp4,data\raw\ucf-crime\Augmented_Anomaly-Videos-Part-1\Anomaly-Videos-Part-1\Arrest\Arrest046_x264A.mp4,ucf-crime\Augmented_Anomaly-Videos-Part-1\Anomaly-Videos-Part-1\Arrest\Arrest046_x264A.mp4,Arrest,Arrest,1,.mp4,34.851,True,30.0,7883,320,240,262.767,4.379,True,train
Arrest047_x264,Arrest047_x264.mp4,data\raw\ucf-crime\Anomaly-Videos-Part-1\Anomaly-Videos-Part-1\Arrest\Arrest047_x264.mp4,ucf-crime\Anomaly-Videos-Part-1\Anomaly-Videos-Part-1\Arrest\Arrest047_x264.mp4,Arrest,Arrest,1,.mp4,503.378,True,30.0,63060,320,240,2102.0,35.033,True,train
Arrest047_x264A,Arrest047_x264A.mp4,data\raw\ucf-crime\Augmented_Anomaly-Videos-Part-1\Anomaly-Videos-Part-1\Arrest\Arrest047_x264A.mp4,ucf-crime\Augmented_Anomaly-Videos-Part-1\Anomaly-Videos-Part-1\Arrest\Arrest047_x264A.mp4,Arrest,Arrest,1,.mp4,681.803,True,30.0,63060,320,240,2102.0,35.033,True,train
Arrest048_x264A,Arrest048_x264A.mp4,data\raw\ucf-crime\Augmented_Anomaly-Videos-Part-1\Anomaly-Videos-Part-1\Arrest\Arrest048_x264A.mp4,ucf-crime\Augmented_Anomaly-Videos-Part-1\Anomaly-Videos-Part-1\Arrest\Arrest048_x264A.mp4,Arrest,Arrest,1,.mp4,25.464,True,30.0,4077,320,240,135.9,2.265,True,train
Arrest049_x264A,Arrest049_x264A.mp4,data\raw\ucf-crime\Augmented_Anomaly-Videos-Part-1\Anomaly-Videos-Part-1\Arrest\Arrest049_x264A.mp4,ucf-crime\Augmented_Anomaly-Videos-Part-1\Anomaly-Videos-Part-1\Arrest\Arrest049_x264A.mp4,Arrest,Arrest,1,.mp4,99.785,True,30.0,11799,320,240,393.3,6.555,True,train
Arrest050_x264,Arrest050_x264.mp4,data\raw\ucf-crime\Anomaly-Videos-Part-1\Anomaly-Videos-Part-1\Arrest\Arrest050_x264.mp4,ucf-crime\Anomaly-Videos-Part-1\Anomaly-Videos-Part-1\Arrest\Arrest050_x264.mp4,Arrest,Arrest,1,.mp4,92.669,True,29.97,7111,320,240,237.27,3.955,True,train
Arrest051_x264,Arrest051_x264.mp4,data\raw\ucf-crime\Anomaly-Videos-Part-1\Anomaly-Videos-Part-1\Arrest\Arrest051_x264.mp4,ucf-crime\Anomaly-Videos-Part-1\Anomaly-Videos-Part-1\Arrest\Arrest051_x264.mp4,Arrest,Arrest,1,.mp4,87.585,True,30.0,10800,320,240,360.0,6.0,True,train
Arson001_x264,Arson001_x264.mp4,data\raw\ucf-crime\Anomaly-Videos-Part-1\Anomaly-Videos-Part-1\Arson\Arson001_x264.mp4,ucf-crime\Anomaly-Videos-Part-1\Anomaly-Videos-Part-1\Arson\Arson001_x264.mp4,Arson,Arson,1,.mp4,27.67,True,30.0,4187,320,240,139.567,2.326,True,train
Arson001_x264A,Arson001_x264A.mp4,data\raw\ucf-crime\Augmented_Anomaly-Videos-Part-1\Anomaly-Videos-Part-1\Arson\Arson001_x264A.mp4,ucf-crime\Augmented_Anomaly-Videos-Part-1\Anomaly-Videos-Part-1\Arson\Arson001_x264A.mp4,Arson,Arson,1,.mp4,17.277,True,30.0,4187,320,240,139.567,2.326,True,train
Arson002_x264A,Arson002_x264A.mp4,data\raw\ucf-crime\Augmented_Anomaly-Videos-Part-1\Anomaly-Videos-Part-1\Arson\Arson002_x264A.mp4,ucf-crime\Augmented_Anomaly-Videos-Part-1\Anomaly-Videos-Part-1\Arson\Arson002_x264A.mp4,Arson,Arson,1,.mp4,60.842,True,30.0,4439,320,240,147.967,2.466,True,train
Arson005_x264,Arson005_x264.mp4,data\raw\ucf-crime\Anomaly-Videos-Part-1\Anomaly-Videos-Part-1\Arson\Arson005_x264.mp4,ucf-crime\Anomaly-Videos-Part-1\Anomaly-Videos-Part-1\Arson\Arson005_x264.mp4,Arson,Arson,1,.mp4,9.95,True,30.0,1174,320,240,39.133,0.652,True,train
Arson005_x264A,Arson005_x264A.mp4,data\raw\ucf-crime\Augmented_Anomaly-Videos-Part-1\Anomaly-Videos-Part-1\Arson\Arson005_x264A.mp4,ucf-crime\Augmented_Anomaly-Videos-Part-1\Anomaly-Videos-Part-1\Arson\Arson005_x264A.mp4,Arson,Arson,1,.mp4,8.565,True,30.0,1174,320,240,39.133,0.652,True,train
Arson006_x264,Arson006_x264.mp4,data\raw\ucf-crime\Anomaly-Videos-Part-1\Anomaly-Videos-Part-1\Arson\Arson006_x264.mp4,ucf-crime\Anomaly-Videos-Part-1\Anomaly-Videos-Part-1\Arson\Arson006_x264.mp4,Arson,Arson,1,.mp4,12.49,True,30.0,2815,320,240,93.833,1.564,True,train
Arson007_x264,Arson007_x264.mp4,data\raw\ucf-crime\Anomaly-Videos-Part-1\Anomaly-Videos-Part-1\Arson\Arson007_x264.mp4,ucf-crime\Anomaly-Videos-Part-1\Anomaly-Videos-Part-1\Arson\Arson007_x264.mp4,Arson,Arson,1,.mp4,56.045,True,30.0,6252,320,240,208.4,3.473,True,train
Arson008_x264,Arson008_x264.mp4,data\raw\ucf-crime\Anomaly-Videos-Part-1\Anomaly-Videos-Part-1\Arson\Arson008_x264.mp4,ucf-crime\Anomaly-Videos-Part-1\Anomaly-Videos-Part-1\Arson\Arson008_x264.mp4,Arson,Arson,1,.mp4,6.672,True,30.0,1220,320,240,40.667,0.678,True,train
Arson008_x264A,Arson008_x264A.mp4,data\raw\ucf-crime\Augmented_Anomaly-Videos-Part-1\Anomaly-Videos-Part-1\Arson\Arson008_x264A.mp4,ucf-crime\Augmented_Anomaly-Videos-Part-1\Anomaly-Videos-Part-1\Arson\Arson008_x264A.mp4,Arson,Arson,1,.mp4,5.653,True,30.0,1220,320,240,40.667,0.678,True,train
Arson009_x264,Arson009_x264.mp4,data\raw\ucf-crime\Anomaly-Videos-Part-1\Anomaly-Videos-Part-1\Arson\Arson009_x264.mp4,ucf-crime\Anomaly-Videos-Part-1\Anomaly-Videos-Part-1\Arson\Arson009_x264.mp4,Arson,Arson,1,.mp4,5.927,True,30.0,743,320,240,24.767,0.413,True,train
Arson009_x264A,Arson009_x264A.mp4,data\raw\ucf-crime\Augmented_Anomaly-Videos-Part-1\Anomaly-Videos-Part-1\Arson\Arson009_x264A.mp4,ucf-crime\Augmented_Anomaly-Videos-Part-1\Anomaly-Videos-Part-1\Arson\Arson009_x264A.mp4,Arson,Arson,1,.mp4,4.899,True,30.0,743,320,240,24.767,0.413,True,train
Arson010_x264,Arson010_x264.mp4,data\raw\ucf-crime\Anomaly-Videos-Part-1\Anomaly-Videos-Part-1\Arson\Arson010_x264.mp4,ucf-crime\Anomaly-Videos-Part-1\Anomaly-Videos-Part-1\Arson\Arson010_x264.mp4,Arson,Arson,1,.mp4,12.106,True,30.0,3159,320,240,105.3,1.755,True,train
Arson011_x264,Arson011_x264.mp4,data\raw\ucf-crime\Anomaly-Videos-Part-1\Anomaly-Videos-Part-1\Arson\Arson011_x264.mp4,ucf-crime\Anomaly-Videos-Part-1\Anomaly-Videos-Part-1\Arson\Arson011_x264.mp4,Arson,Arson,1,.mp4,8.029,True,30.0,1266,320,240,42.2,0.703,True,train
Arson011_x264A,Arson011_x264A.mp4,data\raw\ucf-crime\Augmented_Anomaly-Videos-Part-1\Anomaly-Videos-Part-1\Arson\Arson011_x264A.mp4,ucf-crime\Augmented_Anomaly-Videos-Part-1\Anomaly-Videos-Part-1\Arson\Arson011_x264A.mp4,Arson,Arson,1,.mp4,6.618,True,30.0,1266,320,240,42.2,0.703,True,train
Arson012_x264A,Arson012_x264A.mp4,data\raw\ucf-crime\Augmented_Anomaly-Videos-Part-1\Anomaly-Videos-Part-1\Arson\Arson012_x264A.mp4,ucf-crime\Augmented_Anomaly-Videos-Part-1\Anomaly-Videos-Part-1\Arson\Arson012_x264A.mp4,Arson,Arson,1,.mp4,3.145,True,30.0,894,320,240,29.8,0.497,True,train
Arson013_x264,Arson013_x264.mp4,data\raw\ucf-crime\Anomaly-Videos-Part-1\Anomaly-Videos-Part-1\Arson\Arson013_x264.mp4,ucf-crime\Anomaly-Videos-Part-1\Anomaly-Videos-Part-1\Arson\Arson013_x264.mp4,Arson,Arson,1,.mp4,31.881,True,30.0,6379,320,240,212.633,3.544,True,train
Arson013_x264A,Arson013_x264A.mp4,data\raw\ucf-crime\Augmented_Anomaly-Videos-Part-1\Anomaly-Videos-Part-1\Arson\Arson013_x264A.mp4,ucf-crime\Augmented_Anomaly-Videos-Part-1\Anomaly-Videos-Part-1\Arson\Arson013_x264A.mp4,Arson,Arson,1,.mp4,22.257,True,30.0,6379,320,240,212.633,3.544,True,train
Arson014_x264,Arson014_x264.mp4,data\raw\ucf-crime\Anomaly-Videos-Part-1\Anomaly-Videos-Part-1\Arson\Arson014_x264.mp4,ucf-crime\Anomaly-Videos-Part-1\Anomaly-Videos-Part-1\Arson\Arson014_x264.mp4,Arson,Arson,1,.mp4,16.172,True,30.0,2634,320,240,87.8,1.463,True,train
Arson014_x264A,Arson014_x264A.mp4,data\raw\ucf-crime\Augmented_Anomaly-Videos-Part-1\Anomaly-Videos-Part-1\Arson\Arson014_x264A.mp4,ucf-crime\Augmented_Anomaly-Videos-Part-1\Anomaly-Videos-Part-1\Arson\Arson014_x264A.mp4,Arson,Arson,1,.mp4,12.978,True,30.0,2634,320,240,87.8,1.463,True,train
Arson015_x264,Arson015_x264.mp4,data\raw\ucf-crime\Anomaly-Videos-Part-1\Anomaly-Videos-Part-1\Arson\Arson015_x264.mp4,ucf-crime\Anomaly-Videos-Part-1\Anomaly-Videos-Part-1\Arson\Arson015_x264.mp4,Arson,Arson,1,.mp4,79.401,True,30.0,10230,320,240,341.0,5.683,True,train
Arson015_x264A,Arson015_x264A.mp4,data\raw\ucf-crime\Augmented_Anomaly-Videos-Part-1\Anomaly-Videos-Part-1\Arson\Arson015_x264A.mp4,ucf-crime\Augmented_Anomaly-Videos-Part-1\Anomaly-Videos-Part-1\Arson\Arson015_x264A.mp4,Arson,Arson,1,.mp4,67.666,True,30.0,10230,320,240,341.0,5.683,True,train
Arson016_x264,Arson016_x264.mp4,data\raw\ucf-crime\Anomaly-Videos-Part-1\Anomaly-Videos-Part-1\Arson\Arson016_x264.mp4,ucf-crime\Anomaly-Videos-Part-1\Anomaly-Videos-Part-1\Arson\Arson016_x264.mp4,Arson,Arson,1,.mp4,11.811,True,30.0,1795,320,240,59.833,0.997,True,train
Arson016_x264A,Arson016_x264A.mp4,data\raw\ucf-crime\Augmented_Anomaly-Videos-Part-1\Anomaly-Videos-Part-1\Arson\Arson016_x264A.mp4,ucf-crime\Augmented_Anomaly-Videos-Part-1\Anomaly-Videos-Part-1\Arson\Arson016_x264A.mp4,Arson,Arson,1,.mp4,9.489,True,30.0,1795,320,240,59.833,0.997,True,train
Arson017_x264A,Arson017_x264A.mp4,data\raw\ucf-crime\Augmented_Anomaly-Videos-Part-1\Anomaly-Videos-Part-1\Arson\Arson017_x264A.mp4,ucf-crime\Augmented_Anomaly-Videos-Part-1\Anomaly-Videos-Part-1\Arson\Arson017_x264A.mp4,Arson,Arson,1,.mp4,3.368,True,30.0,1382,320,240,46.067,0.768,True,train
Arson019_x264,Arson019_x264.mp4,data\raw\ucf-crime\Anomaly-Videos-Part-1\Anomaly-Videos-Part-1\Arson\Arson019_x264.mp4,ucf-crime\Anomaly-Videos-Part-1\Anomaly-Videos-Part-1\Arson\Arson019_x264.mp4,Arson,Arson,1,.mp4,946.184,True,30.0,126553,320,240,4218.433,70.307,True,train
Arson022_x264,Arson022_x264.mp4,data\raw\ucf-crime\Anomaly-Videos-Part-1\Anomaly-Videos-Part-1\Arson\Arson022_x264.mp4,ucf-crime\Anomaly-Videos-Part-1\Anomaly-Videos-Part-1\Arson\Arson022_x264.mp4,Arson,Arson,1,.mp4,68.977,True,30.0,8640,320,240,288.0,4.8,True,train
Arson022_x264A,Arson022_x264A.mp4,data\raw\ucf-crime\Augmented_Anomaly-Videos-Part-1\Anomaly-Videos-Part-1\Arson\Arson022_x264A.mp4,ucf-crime\Augmented_Anomaly-Videos-Part-1\Anomaly-Videos-Part-1\Arson\Arson022_x264A.mp4,Arson,Arson,1,.mp4,73.538,True,30.0,8640,320,240,288.0,4.8,True,train
Arson023_x264,Arson023_x264.mp4,data\raw\ucf-crime\Anomaly-Videos-Part-1\Anomaly-Videos-Part-1\Arson\Arson023_x264.mp4,ucf-crime\Anomaly-Videos-Part-1\Anomaly-Videos-Part-1\Arson\Arson023_x264.mp4,Arson,Arson,1,.mp4,7.79,True,30.0,1360,320,240,45.333,0.756,True,train
Arson023_x264A,Arson023_x264A.mp4,data\raw\ucf-crime\Augmented_Anomaly-Videos-Part-1\Anomaly-Videos-Part-1\Arson\Arson023_x264A.mp4,ucf-crime\Augmented_Anomaly-Videos-Part-1\Anomaly-Videos-Part-1\Arson\Arson023_x264A.mp4,Arson,Arson,1,.mp4,6.252,True,30.0,1360,320,240,45.333,0.756,True,train
Arson024_x264,Arson024_x264.mp4,data\raw\ucf-crime\Anomaly-Videos-Part-1\Anomaly-Videos-Part-1\Arson\Arson024_x264.mp4,ucf-crime\Anomaly-Videos-Part-1\Anomaly-Videos-Part-1\Arson\Arson024_x264.mp4,Arson,Arson,1,.mp4,22.399,True,30.0,3366,320,240,112.2,1.87,True,train
Arson026_x264,Arson026_x264.mp4,data\raw\ucf-crime\Anomaly-Videos-Part-1\Anomaly-Videos-Part-1\Arson\Arson026_x264.mp4,ucf-crime\Anomaly-Videos-Part-1\Anomaly-Videos-Part-1\Arson\Arson026_x264.mp4,Arson,Arson,1,.mp4,49.021,True,30.0,5899,320,240,196.633,3.277,True,train
Arson027_x264,Arson027_x264.mp4,data\raw\ucf-crime\Anomaly-Videos-Part-1\Anomaly-Videos-Part-1\Arson\Arson027_x264.mp4,ucf-crime\Anomaly-Videos-Part-1\Anomaly-Videos-Part-1\Arson\Arson027_x264.mp4,Arson,Arson,1,.mp4,13.396,True,30.0,2697,320,240,89.9,1.498,True,train
Arson027_x264A,Arson027_x264A.mp4,data\raw\ucf-crime\Augmented_Anomaly-Videos-Part-1\Anomaly-Videos-Part-1\Arson\Arson027_x264A.mp4,ucf-crime\Augmented_Anomaly-Videos-Part-1\Anomaly-Videos-Part-1\Arson\Arson027_x264A.mp4,Arson,Arson,1,.mp4,11.027,True,30.0,2697,320,240,89.9,1.498,True,train
Arson028_x264,Arson028_x264.mp4,data\raw\ucf-crime\Anomaly-Videos-Part-1\Anomaly-Videos-Part-1\Arson\Arson028_x264.mp4,ucf-crime\Anomaly-Videos-Part-1\Anomaly-Videos-Part-1\Arson\Arson028_x264.mp4,Arson,Arson,1,.mp4,11.307,True,30.0,2409,320,240,80.3,1.338,True,train
Arson029_x264,Arson029_x264.mp4,data\raw\ucf-crime\Anomaly-Videos-Part-1\Anomaly-Videos-Part-1\Arson\Arson029_x264.mp4,ucf-crime\Anomaly-Videos-Part-1\Anomaly-Videos-Part-1\Arson\Arson029_x264.mp4,Arson,Arson,1,.mp4,12.767,True,30.0,1349,320,240,44.967,0.749,True,train
Arson029_x264A,Arson029_x264A.mp4,data\raw\ucf-crime\Augmented_Anomaly-Videos-Part-1\Anomaly-Videos-Part-1\Arson\Arson029_x264A.mp4,ucf-crime\Augmented_Anomaly-Videos-Part-1\Anomaly-Videos-Part-1\Arson\Arson029_x264A.mp4,Arson,Arson,1,.mp4,12.361,True,30.0,1349,320,240,44.967,0.749,True,train
Arson030_x264,Arson030_x264.mp4,data\raw\ucf-crime\Anomaly-Videos-Part-1\Anomaly-Videos-Part-1\Arson\Arson030_x264.mp4,ucf-crime\Anomaly-Videos-Part-1\Anomaly-Videos-Part-1\Arson\Arson030_x264.mp4,Arson,Arson,1,.mp4,7.268,True,30.0,5053,320,240,168.433,2.807,True,train
Arson030_x264A,Arson030_x264A.mp4,data\raw\ucf-crime\Augmented_Anomaly-Videos-Part-1\Anomaly-Videos-Part-1\Arson\Arson030_x264A.mp4,ucf-crime\Augmented_Anomaly-Videos-Part-1\Anomaly-Videos-Part-1\Arson\Arson030_x264A.mp4,Arson,Arson,1,.mp4,4.699,True,30.0,5053,320,240,168.433,2.807,True,train
Arson031_x264,Arson031_x264.mp4,data\raw\ucf-crime\Anomaly-Videos-Part-1\Anomaly-Videos-Part-1\Arson\Arson031_x264.mp4,ucf-crime\Anomaly-Videos-Part-1\Anomaly-Videos-Part-1\Arson\Arson031_x264.mp4,Arson,Arson,1,.mp4,11.994,True,30.0,2884,320,240,96.133,1.602,True,train
Arson032_x264,Arson032_x264.mp4,data\raw\ucf-crime\Anomaly-Videos-Part-1\Anomaly-Videos-Part-1\Arson\Arson032_x264.mp4,ucf-crime\Anomaly-Videos-Part-1\Anomaly-Videos-Part-1\Arson\Arson032_x264.mp4,Arson,Arson,1,.mp4,20.82,True,30.0,2781,320,240,92.7,1.545,True,train
Arson032_x264A,Arson032_x264A.mp4,data\raw\ucf-crime\Augmented_Anomaly-Videos-Part-1\Anomaly-Videos-Part-1\Arson\Arson032_x264A.mp4,ucf-crime\Augmented_Anomaly-Videos-Part-1\Anomaly-Videos-Part-1\Arson\Arson032_x264A.mp4,Arson,Arson,1,.mp4,17.876,True,30.0,2781,320,240,92.7,1.545,True,train
Arson034_x264A,Arson034_x264A.mp4,data\raw\ucf-crime\Augmented_Anomaly-Videos-Part-1\Anomaly-Videos-Part-1\Arson\Arson034_x264A.mp4,ucf-crime\Augmented_Anomaly-Videos-Part-1\Anomaly-Videos-Part-1\Arson\Arson034_x264A.mp4,Arson,Arson,1,.mp4,9.378,True,30.0,2388,320,240,79.6,1.327,True,train
Arson035_x264,Arson035_x264.mp4,data\raw\ucf-crime\Anomaly-Videos-Part-1\Anomaly-Videos-Part-1\Arson\Arson035_x264.mp4,ucf-crime\Anomaly-Videos-Part-1\Anomaly-Videos-Part-1\Arson\Arson035_x264.mp4,Arson,Arson,1,.mp4,12.17,True,30.0,1437,320,240,47.9,0.798,True,train
Arson035_x264A,Arson035_x264A.mp4,data\raw\ucf-crime\Augmented_Anomaly-Videos-Part-1\Anomaly-Videos-Part-1\Arson\Arson035_x264A.mp4,ucf-crime\Augmented_Anomaly-Videos-Part-1\Anomaly-Videos-Part-1\Arson\Arson035_x264A.mp4,Arson,Arson,1,.mp4,15.095,True,30.0,1437,320,240,47.9,0.798,True,train
Arson036_x264,Arson036_x264.mp4,data\raw\ucf-crime\Anomaly-Videos-Part-1\Anomaly-Videos-Part-1\Arson\Arson036_x264.mp4,ucf-crime\Anomaly-Videos-Part-1\Anomaly-Videos-Part-1\Arson\Arson036_x264.mp4,Arson,Arson,1,.mp4,8.528,True,30.0,1695,320,240,56.5,0.942,True,train
Arson037_x264,Arson037_x264.mp4,data\raw\ucf-crime\Anomaly-Videos-Part-1\Anomaly-Videos-Part-1\Arson\Arson037_x264.mp4,ucf-crime\Anomaly-Videos-Part-1\Anomaly-Videos-Part-1\Arson\Arson037_x264.mp4,Arson,Arson,1,.mp4,7.226,True,30.0,803,320,240,26.767,0.446,True,train
Arson037_x264A,Arson037_x264A.mp4,data\raw\ucf-crime\Augmented_Anomaly-Videos-Part-1\Anomaly-Videos-Part-1\Arson\Arson037_x264A.mp4,ucf-crime\Augmented_Anomaly-Videos-Part-1\Anomaly-Videos-Part-1\Arson\Arson037_x264A.mp4,Arson,Arson,1,.mp4,8.023,True,30.0,803,320,240,26.767,0.446,True,train
Arson038_x264A,Arson038_x264A.mp4,data\raw\ucf-crime\Augmented_Anomaly-Videos-Part-1\Anomaly-Videos-Part-1\Arson\Arson038_x264A.mp4,ucf-crime\Augmented_Anomaly-Videos-Part-1\Anomaly-Videos-Part-1\Arson\Arson038_x264A.mp4,Arson,Arson,1,.mp4,5.262,True,30.0,737,320,240,24.567,0.409,True,train
Arson039_x264,Arson039_x264.mp4,data\raw\ucf-crime\Anomaly-Videos-Part-1\Anomaly-Videos-Part-1\Arson\Arson039_x264.mp4,ucf-crime\Anomaly-Videos-Part-1\Anomaly-Videos-Part-1\Arson\Arson039_x264.mp4,Arson,Arson,1,.mp4,23.101,True,30.0,3376,320,240,112.533,1.876,True,train
Arson039_x264A,Arson039_x264A.mp4,data\raw\ucf-crime\Augmented_Anomaly-Videos-Part-1\Anomaly-Videos-Part-1\Arson\Arson039_x264A.mp4,ucf-crime\Augmented_Anomaly-Videos-Part-1\Anomaly-Videos-Part-1\Arson\Arson039_x264A.mp4,Arson,Arson,1,.mp4,19.707,True,30.0,3376,320,240,112.533,1.876,True,train
Arson040_x264A,Arson040_x264A.mp4,data\raw\ucf-crime\Augmented_Anomaly-Videos-Part-1\Anomaly-Videos-Part-1\Arson\Arson040_x264A.mp4,ucf-crime\Augmented_Anomaly-Videos-Part-1\Anomaly-Videos-Part-1\Arson\Arson040_x264A.mp4,Arson,Arson,1,.mp4,13.237,True,30.0,2835,320,240,94.5,1.575,True,train
Arson041_x264,Arson041_x264.mp4,data\raw\ucf-crime\Anomaly-Videos-Part-1\Anomaly-Videos-Part-1\Arson\Arson041_x264.mp4,ucf-crime\Anomaly-Videos-Part-1\Anomaly-Videos-Part-1\Arson\Arson041_x264.mp4,Arson,Arson,1,.mp4,14.547,True,30.0,3754,320,240,125.133,2.086,True,train
Arson041_x264A,Arson041_x264A.mp4,data\raw\ucf-crime\Augmented_Anomaly-Videos-Part-1\Anomaly-Videos-Part-1\Arson\Arson041_x264A.mp4,ucf-crime\Augmented_Anomaly-Videos-Part-1\Anomaly-Videos-Part-1\Arson\Arson041_x264A.mp4,Arson,Arson,1,.mp4,11.329,True,30.0,3754,320,240,125.133,2.086,True,train
Arson042_x264,Arson042_x264.mp4,data\raw\ucf-crime\Anomaly-Videos-Part-1\Anomaly-Videos-Part-1\Arson\Arson042_x264.mp4,ucf-crime\Anomaly-Videos-Part-1\Anomaly-Videos-Part-1\Arson\Arson042_x264.mp4,Arson,Arson,1,.mp4,25.597,True,30.0,5873,320,240,195.767,3.263,True,train
Arson044_x264,Arson044_x264.mp4,data\raw\ucf-crime\Anomaly-Videos-Part-1\Anomaly-Videos-Part-1\Arson\Arson044_x264.mp4,ucf-crime\Anomaly-Videos-Part-1\Anomaly-Videos-Part-1\Arson\Arson044_x264.mp4,Arson,Arson,1,.mp4,9.52,True,30.0,1196,320,240,39.867,0.664,True,train
Arson044_x264A,Arson044_x264A.mp4,data\raw\ucf-crime\Augmented_Anomaly-Videos-Part-1\Anomaly-Videos-Part-1\Arson\Arson044_x264A.mp4,ucf-crime\Augmented_Anomaly-Videos-Part-1\Anomaly-Videos-Part-1\Arson\Arson044_x264A.mp4,Arson,Arson,1,.mp4,7.298,True,30.0,1196,320,240,39.867,0.664,True,train
Arson045_x264,Arson045_x264.mp4,data\raw\ucf-crime\Anomaly-Videos-Part-1\Anomaly-Videos-Part-1\Arson\Arson045_x264.mp4,ucf-crime\Anomaly-Videos-Part-1\Anomaly-Videos-Part-1\Arson\Arson045_x264.mp4,Arson,Arson,1,.mp4,30.011,True,30.0,3753,320,240,125.1,2.085,True,train
Arson045_x264A,Arson045_x264A.mp4,data\raw\ucf-crime\Augmented_Anomaly-Videos-Part-1\Anomaly-Videos-Part-1\Arson\Arson045_x264A.mp4,ucf-crime\Augmented_Anomaly-Videos-Part-1\Anomaly-Videos-Part-1\Arson\Arson045_x264A.mp4,Arson,Arson,1,.mp4,36.656,True,30.0,3753,320,240,125.1,2.085,True,train
Arson046_x264,Arson046_x264.mp4,data\raw\ucf-crime\Anomaly-Videos-Part-1\Anomaly-Videos-Part-1\Arson\Arson046_x264.mp4,ucf-crime\Anomaly-Videos-Part-1\Anomaly-Videos-Part-1\Arson\Arson046_x264.mp4,Arson,Arson,1,.mp4,16.329,True,30.0,2073,320,240,69.1,1.152,True,train
Arson046_x264A,Arson046_x264A.mp4,data\raw\ucf-crime\Augmented_Anomaly-Videos-Part-1\Anomaly-Videos-Part-1\Arson\Arson046_x264A.mp4,ucf-crime\Augmented_Anomaly-Videos-Part-1\Anomaly-Videos-Part-1\Arson\Arson046_x264A.mp4,Arson,Arson,1,.mp4,13.332,True,30.0,2073,320,240,69.1,1.152,True,train
Arson048_x264,Arson048_x264.mp4,data\raw\ucf-crime\Anomaly-Videos-Part-1\Anomaly-Videos-Part-1\Arson\Arson048_x264.mp4,ucf-crime\Anomaly-Videos-Part-1\Anomaly-Videos-Part-1\Arson\Arson048_x264.mp4,Arson,Arson,1,.mp4,4.117,True,30.0,411,320,240,13.7,0.228,True,train
Arson049_x264,Arson049_x264.mp4,data\raw\ucf-crime\Anomaly-Videos-Part-1\Anomaly-Videos-Part-1\Arson\Arson049_x264.mp4,ucf-crime\Anomaly-Videos-Part-1\Anomaly-Videos-Part-1\Arson\Arson049_x264.mp4,Arson,Arson,1,.mp4,2.996,True,30.0,386,320,240,12.867,0.214,True,train
Arson049_x264A,Arson049_x264A.mp4,data\raw\ucf-crime\Augmented_Anomaly-Videos-Part-1\Anomaly-Videos-Part-1\Arson\Arson049_x264A.mp4,ucf-crime\Augmented_Anomaly-Videos-Part-1\Anomaly-Videos-Part-1\Arson\Arson049_x264A.mp4,Arson,Arson,1,.mp4,2.406,True,30.0,386,320,240,12.867,0.214,True,train
Arson050_x264,Arson050_x264.mp4,data\raw\ucf-crime\Anomaly-Videos-Part-1\Anomaly-Videos-Part-1\Arson\Arson050_x264.mp4,ucf-crime\Anomaly-Videos-Part-1\Anomaly-Videos-Part-1\Arson\Arson050_x264.mp4,Arson,Arson,1,.mp4,11.696,True,30.0,1581,320,240,52.7,0.878,True,train
Arson050_x264A,Arson050_x264A.mp4,data\raw\ucf-crime\Augmented_Anomaly-Videos-Part-1\Anomaly-Videos-Part-1\Arson\Arson050_x264A.mp4,ucf-crime\Augmented_Anomaly-Videos-Part-1\Anomaly-Videos-Part-1\Arson\Arson050_x264A.mp4,Arson,Arson,1,.mp4,11.235,True,30.0,1581,320,240,52.7,0.878,True,train
Arson051_x264,Arson051_x264.mp4,data\raw\ucf-crime\Anomaly-Videos-Part-1\Anomaly-Videos-Part-1\Arson\Arson051_x264.mp4,ucf-crime\Anomaly-Videos-Part-1\Anomaly-Videos-Part-1\Arson\Arson051_x264.mp4,Arson,Arson,1,.mp4,8.152,True,30.0,1056,320,240,35.2,0.587,True,train
Arson051_x264A,Arson051_x264A.mp4,data\raw\ucf-crime\Augmented_Anomaly-Videos-Part-1\Anomaly-Videos-Part-1\Arson\Arson051_x264A.mp4,ucf-crime\Augmented_Anomaly-Videos-Part-1\Anomaly-Videos-Part-1\Arson\Arson051_x264A.mp4,Arson,Arson,1,.mp4,8.913,True,30.0,1056,320,240,35.2,0.587,True,train
Arson052_x264,Arson052_x264.mp4,data\raw\ucf-crime\Anomaly-Videos-Part-1\Anomaly-Videos-Part-1\Arson\Arson052_x264.mp4,ucf-crime\Anomaly-Videos-Part-1\Anomaly-Videos-Part-1\Arson\Arson052_x264.mp4,Arson,Arson,1,.mp4,34.72,True,30.0,4766,320,240,158.867,2.648,True,train
Arson052_x264A,Arson052_x264A.mp4,data\raw\ucf-crime\Augmented_Anomaly-Videos-Part-1\Anomaly-Videos-Part-1\Arson\Arson052_x264A.mp4,ucf-crime\Augmented_Anomaly-Videos-Part-1\Anomaly-Videos-Part-1\Arson\Arson052_x264A.mp4,Arson,Arson,1,.mp4,25.326,True,30.0,4766,320,240,158.867,2.648,True,train
Arson053_x264,Arson053_x264.mp4,data\raw\ucf-crime\Anomaly-Videos-Part-1\Anomaly-Videos-Part-1\Arson\Arson053_x264.mp4,ucf-crime\Anomaly-Videos-Part-1\Anomaly-Videos-Part-1\Arson\Arson053_x264.mp4,Arson,Arson,1,.mp4,55.825,True,30.0,6775,320,240,225.833,3.764,True,train
Assault001_x264,Assault001_x264.mp4,data\raw\ucf-crime\Anomaly-Videos-Part-1\Anomaly-Videos-Part-1\Assault\Assault001_x264.mp4,ucf-crime\Anomaly-Videos-Part-1\Anomaly-Videos-Part-1\Assault\Assault001_x264.mp4,Assault,Assault,1,.mp4,20.09,True,30.0,2486,320,240,82.867,1.381,True,train
Assault002_x264,Assault002_x264.mp4,data\raw\ucf-crime\Anomaly-Videos-Part-1\Anomaly-Videos-Part-1\Assault\Assault002_x264.mp4,ucf-crime\Anomaly-Videos-Part-1\Anomaly-Videos-Part-1\Assault\Assault002_x264.mp4,Assault,Assault,1,.mp4,21.436,True,30.0,2523,320,240,84.1,1.402,True,train
Assault002_x264A,Assault002_x264A.mp4,data\raw\ucf-crime\Augmented_Anomaly-Videos-Part-1\Anomaly-Videos-Part-1\Assault\Assault002_x264A.mp4,ucf-crime\Augmented_Anomaly-Videos-Part-1\Anomaly-Videos-Part-1\Assault\Assault002_x264A.mp4,Assault,Assault,1,.mp4,23.67,True,30.0,2523,320,240,84.1,1.402,True,train
Assault003_x264,Assault003_x264.mp4,data\raw\ucf-crime\Anomaly-Videos-Part-1\Anomaly-Videos-Part-1\Assault\Assault003_x264.mp4,ucf-crime\Anomaly-Videos-Part-1\Anomaly-Videos-Part-1\Assault\Assault003_x264.mp4,Assault,Assault,1,.mp4,35.283,True,30.0,4443,320,240,148.1,2.468,True,train
Assault005_x264,Assault005_x264.mp4,data\raw\ucf-crime\Anomaly-Videos-Part-1\Anomaly-Videos-Part-1\Assault\Assault005_x264.mp4,ucf-crime\Anomaly-Videos-Part-1\Anomaly-Videos-Part-1\Assault\Assault005_x264.mp4,Assault,Assault,1,.mp4,6.812,True,30.0,1217,320,240,40.567,0.676,True,train
Assault005_x264A,Assault005_x264A.mp4,data\raw\ucf-crime\Augmented_Anomaly-Videos-Part-1\Anomaly-Videos-Part-1\Assault\Assault005_x264A.mp4,ucf-crime\Augmented_Anomaly-Videos-Part-1\Anomaly-Videos-Part-1\Assault\Assault005_x264A.mp4,Assault,Assault,1,.mp4,6.285,True,30.0,1217,320,240,40.567,0.676,True,train
Assault006_x264A,Assault006_x264A.mp4,data\raw\ucf-crime\Augmented_Anomaly-Videos-Part-1\Anomaly-Videos-Part-1\Assault\Assault006_x264A.mp4,ucf-crime\Augmented_Anomaly-Videos-Part-1\Anomaly-Videos-Part-1\Assault\Assault006_x264A.mp4,Assault,Assault,1,.mp4,148.412,True,30.0,8096,320,240,269.867,4.498,True,train
Assault007_x264,Assault007_x264.mp4,data\raw\ucf-crime\Anomaly-Videos-Part-1\Anomaly-Videos-Part-1\Assault\Assault007_x264.mp4,ucf-crime\Anomaly-Videos-Part-1\Anomaly-Videos-Part-1\Assault\Assault007_x264.mp4,Assault,Assault,1,.mp4,17.791,True,30.0,1952,320,240,65.067,1.084,True,train
Assault007_x264A,Assault007_x264A.mp4,data\raw\ucf-crime\Augmented_Anomaly-Videos-Part-1\Anomaly-Videos-Part-1\Assault\Assault007_x264A.mp4,ucf-crime\Augmented_Anomaly-Videos-Part-1\Anomaly-Videos-Part-1\Assault\Assault007_x264A.mp4,Assault,Assault,1,.mp4,17.837,True,30.0,1952,320,240,65.067,1.084,True,train
Assault008_x264A,Assault008_x264A.mp4,data\raw\ucf-crime\Augmented_Anomaly-Videos-Part-1\Anomaly-Videos-Part-1\Assault\Assault008_x264A.mp4,ucf-crime\Augmented_Anomaly-Videos-Part-1\Anomaly-Videos-Part-1\Assault\Assault008_x264A.mp4,Assault,Assault,1,.mp4,59.201,True,30.0,7536,320,240,251.2,4.187,True,train
Assault009_x264,Assault009_x264.mp4,data\raw\ucf-crime\Anomaly-Videos-Part-1\Anomaly-Videos-Part-1\Assault\Assault009_x264.mp4,ucf-crime\Anomaly-Videos-Part-1\Anomaly-Videos-Part-1\Assault\Assault009_x264.mp4,Assault,Assault,1,.mp4,29.037,True,30.0,3599,320,240,119.967,1.999,True,train
Assault009_x264A,Assault009_x264A.mp4,data\raw\ucf-crime\Augmented_Anomaly-Videos-Part-1\Anomaly-Videos-Part-1\Assault\Assault009_x264A.mp4,ucf-crime\Augmented_Anomaly-Videos-Part-1\Anomaly-Videos-Part-1\Assault\Assault009_x264A.mp4,Assault,Assault,1,.mp4,45.331,True,30.0,3599,320,240,119.967,1.999,True,train
Assault010_x264,Assault010_x264.mp4,data\raw\ucf-crime\Anomaly-Videos-Part-1\Anomaly-Videos-Part-1\Assault\Assault010_x264.mp4,ucf-crime\Anomaly-Videos-Part-1\Anomaly-Videos-Part-1\Assault\Assault010_x264.mp4,Assault,Assault,1,.mp4,109.906,True,30.0,16177,320,240,539.233,8.987,True,train
Assault010_x264A,Assault010_x264A.mp4,data\raw\ucf-crime\Augmented_Anomaly-Videos-Part-1\Anomaly-Videos-Part-1\Assault\Assault010_x264A.mp4,ucf-crime\Augmented_Anomaly-Videos-Part-1\Anomaly-Videos-Part-1\Assault\Assault010_x264A.mp4,Assault,Assault,1,.mp4,82.902,True,30.0,16177,320,240,539.233,8.987,True,train
Assault011_x264,Assault011_x264.mp4,data\raw\ucf-crime\Anomaly-Videos-Part-1\Anomaly-Videos-Part-1\Assault\Assault011_x264.mp4,ucf-crime\Anomaly-Videos-Part-1\Anomaly-Videos-Part-1\Assault\Assault011_x264.mp4,Assault,Assault,1,.mp4,19.182,True,30.0,2288,320,240,76.267,1.271,True,train
Assault012_x264,Assault012_x264.mp4,data\raw\ucf-crime\Anomaly-Videos-Part-1\Anomaly-Videos-Part-1\Assault\Assault012_x264.mp4,ucf-crime\Anomaly-Videos-Part-1\Anomaly-Videos-Part-1\Assault\Assault012_x264.mp4,Assault,Assault,1,.mp4,4.759,True,30.0,783,320,240,26.1,0.435,True,train
Assault012_x264A,Assault012_x264A.mp4,data\raw\ucf-crime\Augmented_Anomaly-Videos-Part-1\Anomaly-Videos-Part-1\Assault\Assault012_x264A.mp4,ucf-crime\Augmented_Anomaly-Videos-Part-1\Anomaly-Videos-Part-1\Assault\Assault012_x264A.mp4,Assault,Assault,1,.mp4,3.51,True,30.0,783,320,240,26.1,0.435,True,train
Assault013_x264,Assault013_x264.mp4,data\raw\ucf-crime\Anomaly-Videos-Part-1\Anomaly-Videos-Part-1\Assault\Assault013_x264.mp4,ucf-crime\Anomaly-Videos-Part-1\Anomaly-Videos-Part-1\Assault\Assault013_x264.mp4,Assault,Assault,1,.mp4,14.654,True,30.0,2379,320,240,79.3,1.322,True,train
Assault013_x264A,Assault013_x264A.mp4,data\raw\ucf-crime\Augmented_Anomaly-Videos-Part-1\Anomaly-Videos-Part-1\Assault\Assault013_x264A.mp4,ucf-crime\Augmented_Anomaly-Videos-Part-1\Anomaly-Videos-Part-1\Assault\Assault013_x264A.mp4,Assault,Assault,1,.mp4,10.594,True,30.0,2379,320,240,79.3,1.322,True,train
Assault014_x264,Assault014_x264.mp4,data\raw\ucf-crime\Anomaly-Videos-Part-1\Anomaly-Videos-Part-1\Assault\Assault014_x264.mp4,ucf-crime\Anomaly-Videos-Part-1\Anomaly-Videos-Part-1\Assault\Assault014_x264.mp4,Assault,Assault,1,.mp4,10.57,True,30.0,1907,320,240,63.567,1.059,True,train
Assault015_x264,Assault015_x264.mp4,data\raw\ucf-crime\Anomaly-Videos-Part-1\Anomaly-Videos-Part-1\Assault\Assault015_x264.mp4,ucf-crime\Anomaly-Videos-Part-1\Anomaly-Videos-Part-1\Assault\Assault015_x264.mp4,Assault,Assault,1,.mp4,12.468,True,30.0,1481,320,240,49.367,0.823,True,train
Assault015_x264A,Assault015_x264A.mp4,data\raw\ucf-crime\Augmented_Anomaly-Videos-Part-1\Anomaly-Videos-Part-1\Assault\Assault015_x264A.mp4,ucf-crime\Augmented_Anomaly-Videos-Part-1\Anomaly-Videos-Part-1\Assault\Assault015_x264A.mp4,Assault,Assault,1,.mp4,20.062,True,30.0,1481,320,240,49.367,0.823,True,train
Assault016_x264,Assault016_x264.mp4,data\raw\ucf-crime\Anomaly-Videos-Part-1\Anomaly-Videos-Part-1\Assault\Assault016_x264.mp4,ucf-crime\Anomaly-Videos-Part-1\Anomaly-Videos-Part-1\Assault\Assault016_x264.mp4,Assault,Assault,1,.mp4,41.793,True,30.0,6613,320,240,220.433,3.674,True,train
Assault016_x264A,Assault016_x264A.mp4,data\raw\ucf-crime\Augmented_Anomaly-Videos-Part-1\Anomaly-Videos-Part-1\Assault\Assault016_x264A.mp4,ucf-crime\Augmented_Anomaly-Videos-Part-1\Anomaly-Videos-Part-1\Assault\Assault016_x264A.mp4,Assault,Assault,1,.mp4,30.29,True,30.0,6613,320,240,220.433,3.674,True,train
Assault017_x264A,Assault017_x264A.mp4,data\raw\ucf-crime\Augmented_Anomaly-Videos-Part-1\Anomaly-Videos-Part-1\Assault\Assault017_x264A.mp4,ucf-crime\Augmented_Anomaly-Videos-Part-1\Anomaly-Videos-Part-1\Assault\Assault017_x264A.mp4,Assault,Assault,1,.mp4,13.458,True,30.0,2450,320,240,81.667,1.361,True,train
Assault018_x264,Assault018_x264.mp4,data\raw\ucf-crime\Anomaly-Videos-Part-1\Anomaly-Videos-Part-1\Assault\Assault018_x264.mp4,ucf-crime\Anomaly-Videos-Part-1\Anomaly-Videos-Part-1\Assault\Assault018_x264.mp4,Assault,Assault,1,.mp4,1.012,True,30.0,361,320,240,12.033,0.201,True,train
Assault018_x264A,Assault018_x264A.mp4,data\raw\ucf-crime\Augmented_Anomaly-Videos-Part-1\Anomaly-Videos-Part-1\Assault\Assault018_x264A.mp4,ucf-crime\Augmented_Anomaly-Videos-Part-1\Anomaly-Videos-Part-1\Assault\Assault018_x264A.mp4,Assault,Assault,1,.mp4,0.744,True,30.0,361,320,240,12.033,0.201,True,train
Assault020_x264,Assault020_x264.mp4,data\raw\ucf-crime\Anomaly-Videos-Part-1\Anomaly-Videos-Part-1\Assault\Assault020_x264.mp4,ucf-crime\Anomaly-Videos-Part-1\Anomaly-Videos-Part-1\Assault\Assault020_x264.mp4,Assault,Assault,1,.mp4,3.731,True,30.0,474,320,240,15.8,0.263,True,train
Assault020_x264A,Assault020_x264A.mp4,data\raw\ucf-crime\Augmented_Anomaly-Videos-Part-1\Anomaly-Videos-Part-1\Assault\Assault020_x264A.mp4,ucf-crime\Augmented_Anomaly-Videos-Part-1\Anomaly-Videos-Part-1\Assault\Assault020_x264A.mp4,Assault,Assault,1,.mp4,3.78,True,30.0,474,320,240,15.8,0.263,True,train
Assault022_x264A,Assault022_x264A.mp4,data\raw\ucf-crime\Augmented_Anomaly-Videos-Part-1\Anomaly-Videos-Part-1\Assault\Assault022_x264A.mp4,ucf-crime\Augmented_Anomaly-Videos-Part-1\Anomaly-Videos-Part-1\Assault\Assault022_x264A.mp4,Assault,Assault,1,.mp4,12.417,True,30.0,2520,320,240,84.0,1.4,True,train
Assault023_x264A,Assault023_x264A.mp4,data\raw\ucf-crime\Augmented_Anomaly-Videos-Part-1\Anomaly-Videos-Part-1\Assault\Assault023_x264A.mp4,ucf-crime\Augmented_Anomaly-Videos-Part-1\Anomaly-Videos-Part-1\Assault\Assault023_x264A.mp4,Assault,Assault,1,.mp4,5.23,True,30.0,1013,320,240,33.767,0.563,True,train
Assault024_x264,Assault024_x264.mp4,data\raw\ucf-crime\Anomaly-Videos-Part-1\Anomaly-Videos-Part-1\Assault\Assault024_x264.mp4,ucf-crime\Anomaly-Videos-Part-1\Anomaly-Videos-Part-1\Assault\Assault024_x264.mp4,Assault,Assault,1,.mp4,3.826,True,30.0,446,320,240,14.867,0.248,True,train
Assault024_x264A,Assault024_x264A.mp4,data\raw\ucf-crime\Augmented_Anomaly-Videos-Part-1\Anomaly-Videos-Part-1\Assault\Assault024_x264A.mp4,ucf-crime\Augmented_Anomaly-Videos-Part-1\Anomaly-Videos-Part-1\Assault\Assault024_x264A.mp4,Assault,Assault,1,.mp4,3.482,True,30.0,446,320,240,14.867,0.248,True,train
Assault025_x264A,Assault025_x264A.mp4,data\raw\ucf-crime\Augmented_Anomaly-Videos-Part-1\Anomaly-Videos-Part-1\Assault\Assault025_x264A.mp4,ucf-crime\Augmented_Anomaly-Videos-Part-1\Anomaly-Videos-Part-1\Assault\Assault025_x264A.mp4,Assault,Assault,1,.mp4,9.481,True,30.0,1160,320,240,38.667,0.644,True,train
Assault026_x264,Assault026_x264.mp4,data\raw\ucf-crime\Anomaly-Videos-Part-1\Anomaly-Videos-Part-1\Assault\Assault026_x264.mp4,ucf-crime\Anomaly-Videos-Part-1\Anomaly-Videos-Part-1\Assault\Assault026_x264.mp4,Assault,Assault,1,.mp4,4.151,True,30.0,842,320,240,28.067,0.468,True,train
Assault026_x264A,Assault026_x264A.mp4,data\raw\ucf-crime\Augmented_Anomaly-Videos-Part-1\Anomaly-Videos-Part-1\Assault\Assault026_x264A.mp4,ucf-crime\Augmented_Anomaly-Videos-Part-1\Anomaly-Videos-Part-1\Assault\Assault026_x264A.mp4,Assault,Assault,1,.mp4,2.99,True,30.0,842,320,240,28.067,0.468,True,train
Assault027_x264,Assault027_x264.mp4,data\raw\ucf-crime\Anomaly-Videos-Part-1\Anomaly-Videos-Part-1\Assault\Assault027_x264.mp4,ucf-crime\Anomaly-Videos-Part-1\Anomaly-Videos-Part-1\Assault\Assault027_x264.mp4,Assault,Assault,1,.mp4,49.088,True,30.0,6949,320,240,231.633,3.861,True,train
Assault028_x264A,Assault028_x264A.mp4,data\raw\ucf-crime\Augmented_Anomaly-Videos-Part-1\Anomaly-Videos-Part-1\Assault\Assault028_x264A.mp4,ucf-crime\Augmented_Anomaly-Videos-Part-1\Anomaly-Videos-Part-1\Assault\Assault028_x264A.mp4,Assault,Assault,1,.mp4,28.829,True,30.0,2635,320,240,87.833,1.464,True,train
Assault029_x264A,Assault029_x264A.mp4,data\raw\ucf-crime\Augmented_Anomaly-Videos-Part-1\Anomaly-Videos-Part-1\Assault\Assault029_x264A.mp4,ucf-crime\Augmented_Anomaly-Videos-Part-1\Anomaly-Videos-Part-1\Assault\Assault029_x264A.mp4,Assault,Assault,1,.mp4,6.741,True,30.0,609,320,240,20.3,0.338,True,train
Assault030_x264,Assault030_x264.mp4,data\raw\ucf-crime\Anomaly-Videos-Part-1\Anomaly-Videos-Part-1\Assault\Assault030_x264.mp4,ucf-crime\Anomaly-Videos-Part-1\Anomaly-Videos-Part-1\Assault\Assault030_x264.mp4,Assault,Assault,1,.mp4,13.699,True,30.0,1767,320,240,58.9,0.982,True,train
Assault030_x264A,Assault030_x264A.mp4,data\raw\ucf-crime\Augmented_Anomaly-Videos-Part-1\Anomaly-Videos-Part-1\Assault\Assault030_x264A.mp4,ucf-crime\Augmented_Anomaly-Videos-Part-1\Anomaly-Videos-Part-1\Assault\Assault030_x264A.mp4,Assault,Assault,1,.mp4,12.489,True,30.0,1767,320,240,58.9,0.982,True,train
Assault031_x264A,Assault031_x264A.mp4,data\raw\ucf-crime\Augmented_Anomaly-Videos-Part-1\Anomaly-Videos-Part-1\Assault\Assault031_x264A.mp4,ucf-crime\Augmented_Anomaly-Videos-Part-1\Anomaly-Videos-Part-1\Assault\Assault031_x264A.mp4,Assault,Assault,1,.mp4,10.935,True,30.0,756,320,240,25.2,0.42,True,train
Assault032_x264,Assault032_x264.mp4,data\raw\ucf-crime\Anomaly-Videos-Part-1\Anomaly-Videos-Part-1\Assault\Assault032_x264.mp4,ucf-crime\Anomaly-Videos-Part-1\Anomaly-Videos-Part-1\Assault\Assault032_x264.mp4,Assault,Assault,1,.mp4,4.083,True,30.0,572,320,240,19.067,0.318,True,train
Assault032_x264A,Assault032_x264A.mp4,data\raw\ucf-crime\Augmented_Anomaly-Videos-Part-1\Anomaly-Videos-Part-1\Assault\Assault032_x264A.mp4,ucf-crime\Augmented_Anomaly-Videos-Part-1\Anomaly-Videos-Part-1\Assault\Assault032_x264A.mp4,Assault,Assault,1,.mp4,3.155,True,30.0,572,320,240,19.067,0.318,True,train
Assault033_x264,Assault033_x264.mp4,data\raw\ucf-crime\Anomaly-Videos-Part-1\Anomaly-Videos-Part-1\Assault\Assault033_x264.mp4,ucf-crime\Anomaly-Videos-Part-1\Anomaly-Videos-Part-1\Assault\Assault033_x264.mp4,Assault,Assault,1,.mp4,10.703,True,30.0,1278,320,240,42.6,0.71,True,train
Assault033_x264A,Assault033_x264A.mp4,data\raw\ucf-crime\Augmented_Anomaly-Videos-Part-1\Anomaly-Videos-Part-1\Assault\Assault033_x264A.mp4,ucf-crime\Augmented_Anomaly-Videos-Part-1\Anomaly-Videos-Part-1\Assault\Assault033_x264A.mp4,Assault,Assault,1,.mp4,10.218,True,30.0,1278,320,240,42.6,0.71,True,train
Assault034_x264,Assault034_x264.mp4,data\raw\ucf-crime\Anomaly-Videos-Part-1\Anomaly-Videos-Part-1\Assault\Assault034_x264.mp4,ucf-crime\Anomaly-Videos-Part-1\Anomaly-Videos-Part-1\Assault\Assault034_x264.mp4,Assault,Assault,1,.mp4,15.364,True,30.0,2319,320,240,77.3,1.288,True,train
Assault034_x264A,Assault034_x264A.mp4,data\raw\ucf-crime\Augmented_Anomaly-Videos-Part-1\Anomaly-Videos-Part-1\Assault\Assault034_x264A.mp4,ucf-crime\Augmented_Anomaly-Videos-Part-1\Anomaly-Videos-Part-1\Assault\Assault034_x264A.mp4,Assault,Assault,1,.mp4,10.028,True,30.0,2319,320,240,77.3,1.288,True,train
Assault035_x264,Assault035_x264.mp4,data\raw\ucf-crime\Anomaly-Videos-Part-1\Anomaly-Videos-Part-1\Assault\Assault035_x264.mp4,ucf-crime\Anomaly-Videos-Part-1\Anomaly-Videos-Part-1\Assault\Assault035_x264.mp4,Assault,Assault,1,.mp4,5.921,True,30.0,897,320,240,29.9,0.498,True,train
Assault035_x264A,Assault035_x264A.mp4,data\raw\ucf-crime\Augmented_Anomaly-Videos-Part-1\Anomaly-Videos-Part-1\Assault\Assault035_x264A.mp4,ucf-crime\Augmented_Anomaly-Videos-Part-1\Anomaly-Videos-Part-1\Assault\Assault035_x264A.mp4,Assault,Assault,1,.mp4,5.425,True,30.0,897,320,240,29.9,0.498,True,train
Assault036_x264A,Assault036_x264A.mp4,data\raw\ucf-crime\Augmented_Anomaly-Videos-Part-1\Anomaly-Videos-Part-1\Assault\Assault036_x264A.mp4,ucf-crime\Augmented_Anomaly-Videos-Part-1\Anomaly-Videos-Part-1\Assault\Assault036_x264A.mp4,Assault,Assault,1,.mp4,4.041,True,30.0,912,320,240,30.4,0.507,True,train
Assault037_x264,Assault037_x264.mp4,data\raw\ucf-crime\Anomaly-Videos-Part-1\Anomaly-Videos-Part-1\Assault\Assault037_x264.mp4,ucf-crime\Anomaly-Videos-Part-1\Anomaly-Videos-Part-1\Assault\Assault037_x264.mp4,Assault,Assault,1,.mp4,25.501,True,30.0,3208,320,240,106.933,1.782,True,train
Assault038_x264A,Assault038_x264A.mp4,data\raw\ucf-crime\Augmented_Anomaly-Videos-Part-1\Anomaly-Videos-Part-1\Assault\Assault038_x264A.mp4,ucf-crime\Augmented_Anomaly-Videos-Part-1\Anomaly-Videos-Part-1\Assault\Assault038_x264A.mp4,Assault,Assault,1,.mp4,2.22,True,30.0,137,320,240,4.567,0.076,True,train
Assault040_x264,Assault040_x264.mp4,data\raw\ucf-crime\Anomaly-Videos-Part-1\Anomaly-Videos-Part-1\Assault\Assault040_x264.mp4,ucf-crime\Anomaly-Videos-Part-1\Anomaly-Videos-Part-1\Assault\Assault040_x264.mp4,Assault,Assault,1,.mp4,20.266,True,30.0,3779,320,240,125.967,2.099,True,train
Assault040_x264A,Assault040_x264A.mp4,data\raw\ucf-crime\Augmented_Anomaly-Videos-Part-1\Anomaly-Videos-Part-1\Assault\Assault040_x264A.mp4,ucf-crime\Augmented_Anomaly-Videos-Part-1\Anomaly-Videos-Part-1\Assault\Assault040_x264A.mp4,Assault,Assault,1,.mp4,15.013,True,30.0,3779,320,240,125.967,2.099,True,train
Assault041_x264,Assault041_x264.mp4,data\raw\ucf-crime\Anomaly-Videos-Part-1\Anomaly-Videos-Part-1\Assault\Assault041_x264.mp4,ucf-crime\Anomaly-Videos-Part-1\Anomaly-Videos-Part-1\Assault\Assault041_x264.mp4,Assault,Assault,1,.mp4,33.47,True,30.0,5023,320,240,167.433,2.791,True,train
Assault042_x264,Assault042_x264.mp4,data\raw\ucf-crime\Anomaly-Videos-Part-1\Anomaly-Videos-Part-1\Assault\Assault042_x264.mp4,ucf-crime\Anomaly-Videos-Part-1\Anomaly-Videos-Part-1\Assault\Assault042_x264.mp4,Assault,Assault,1,.mp4,76.141,True,30.0,8994,320,240,299.8,4.997,True,train
Assault042_x264A,Assault042_x264A.mp4,data\raw\ucf-crime\Augmented_Anomaly-Videos-Part-1\Anomaly-Videos-Part-1\Assault\Assault042_x264A.mp4,ucf-crime\Augmented_Anomaly-Videos-Part-1\Anomaly-Videos-Part-1\Assault\Assault042_x264A.mp4,Assault,Assault,1,.mp4,72.823,True,30.0,8994,320,240,299.8,4.997,True,train
Assault044_x264,Assault044_x264.mp4,data\raw\ucf-crime\Anomaly-Videos-Part-1\Anomaly-Videos-Part-1\Assault\Assault044_x264.mp4,ucf-crime\Anomaly-Videos-Part-1\Anomaly-Videos-Part-1\Assault\Assault044_x264.mp4,Assault,Assault,1,.mp4,6.354,True,30.0,764,320,240,25.467,0.424,True,train
Assault044_x264A,Assault044_x264A.mp4,data\raw\ucf-crime\Augmented_Anomaly-Videos-Part-1\Anomaly-Videos-Part-1\Assault\Assault044_x264A.mp4,ucf-crime\Augmented_Anomaly-Videos-Part-1\Anomaly-Videos-Part-1\Assault\Assault044_x264A.mp4,Assault,Assault,1,.mp4,6.813,True,30.0,764,320,240,25.467,0.424,True,train
Assault045_x264,Assault045_x264.mp4,data\raw\ucf-crime\Anomaly-Videos-Part-1\Anomaly-Videos-Part-1\Assault\Assault045_x264.mp4,ucf-crime\Anomaly-Videos-Part-1\Anomaly-Videos-Part-1\Assault\Assault045_x264.mp4,Assault,Assault,1,.mp4,5.976,True,30.0,1119,320,240,37.3,0.622,True,train
Assault046_x264A,Assault046_x264A.mp4,data\raw\ucf-crime\Augmented_Anomaly-Videos-Part-1\Anomaly-Videos-Part-1\Assault\Assault046_x264A.mp4,ucf-crime\Augmented_Anomaly-Videos-Part-1\Anomaly-Videos-Part-1\Assault\Assault046_x264A.mp4,Assault,Assault,1,.mp4,4.955,True,30.0,952,320,240,31.733,0.529,True,train
Assault047_x264,Assault047_x264.mp4,data\raw\ucf-crime\Anomaly-Videos-Part-1\Anomaly-Videos-Part-1\Assault\Assault047_x264.mp4,ucf-crime\Anomaly-Videos-Part-1\Anomaly-Videos-Part-1\Assault\Assault047_x264.mp4,Assault,Assault,1,.mp4,17.108,True,30.0,3336,320,240,111.2,1.853,True,train
Assault047_x264A,Assault047_x264A.mp4,data\raw\ucf-crime\Augmented_Anomaly-Videos-Part-1\Anomaly-Videos-Part-1\Assault\Assault047_x264A.mp4,ucf-crime\Augmented_Anomaly-Videos-Part-1\Anomaly-Videos-Part-1\Assault\Assault047_x264A.mp4,Assault,Assault,1,.mp4,10.352,True,30.0,3336,320,240,111.2,1.853,True,train
Assault048_x264A,Assault048_x264A.mp4,data\raw\ucf-crime\Augmented_Anomaly-Videos-Part-1\Anomaly-Videos-Part-1\Assault\Assault048_x264A.mp4,ucf-crime\Augmented_Anomaly-Videos-Part-1\Anomaly-Videos-Part-1\Assault\Assault048_x264A.mp4,Assault,Assault,1,.mp4,34.261,True,30.0,1801,320,240,60.033,1.001,True,train
Assault049_x264,Assault049_x264.mp4,data\raw\ucf-crime\Anomaly-Videos-Part-1\Anomaly-Videos-Part-1\Assault\Assault049_x264.mp4,ucf-crime\Anomaly-Videos-Part-1\Anomaly-Videos-Part-1\Assault\Assault049_x264.mp4,Assault,Assault,1,.mp4,4.763,True,30.0,1324,320,240,44.133,0.736,True,train
Assault049_x264A,Assault049_x264A.mp4,data\raw\ucf-crime\Augmented_Anomaly-Videos-Part-1\Anomaly-Videos-Part-1\Assault\Assault049_x264A.mp4,ucf-crime\Augmented_Anomaly-Videos-Part-1\Anomaly-Videos-Part-1\Assault\Assault049_x264A.mp4,Assault,Assault,1,.mp4,3.544,True,30.0,1324,320,240,44.133,0.736,True,train
Assault051_x264A,Assault051_x264A.mp4,data\raw\ucf-crime\Augmented_Anomaly-Videos-Part-1\Anomaly-Videos-Part-1\Assault\Assault051_x264A.mp4,ucf-crime\Augmented_Anomaly-Videos-Part-1\Anomaly-Videos-Part-1\Assault\Assault051_x264A.mp4,Assault,Assault,1,.mp4,3.722,True,30.0,601,320,240,20.033,0.334,True,train
Assault052_x264,Assault052_x264.mp4,data\raw\ucf-crime\Anomaly-Videos-Part-1\Anomaly-Videos-Part-1\Assault\Assault052_x264.mp4,ucf-crime\Anomaly-Videos-Part-1\Anomaly-Videos-Part-1\Assault\Assault052_x264.mp4,Assault,Assault,1,.mp4,4.855,True,30.0,789,320,240,26.3,0.438,True,train
Assault052_x264A,Assault052_x264A.mp4,data\raw\ucf-crime\Augmented_Anomaly-Videos-Part-1\Anomaly-Videos-Part-1\Assault\Assault052_x264A.mp4,ucf-crime\Augmented_Anomaly-Videos-Part-1\Anomaly-Videos-Part-1\Assault\Assault052_x264A.mp4,Assault,Assault,1,.mp4,4.066,True,30.0,789,320,240,26.3,0.438,True,train
Burglary001_x264A,Burglary001_x264A.mp4,data\raw\ucf-crime\Burglary\Burglary001_x264A.mp4,ucf-crime\Burglary\Burglary001_x264A.mp4,Burglary,Burglary,1,.mp4,30.447,True,30.0,3969,320,240,132.3,2.205,True,train
Burglary002_x264,Burglary002_x264.mp4,data\raw\ucf-crime\Anomaly-Videos-Part_2\Anomaly-Videos-Part-2\Burglary\Burglary002_x264.mp4,ucf-crime\Anomaly-Videos-Part_2\Anomaly-Videos-Part-2\Burglary\Burglary002_x264.mp4,Burglary,Burglary,1,.mp4,10.793,True,30.0,3064,320,240,102.133,1.702,True,train
Burglary002_x264A,Burglary002_x264A.mp4,data\raw\ucf-crime\Burglary\Burglary002_x264A.mp4,ucf-crime\Burglary\Burglary002_x264A.mp4,Burglary,Burglary,1,.mp4,6.221,True,30.0,3064,320,240,102.133,1.702,True,train
Burglary003_x264,Burglary003_x264.mp4,data\raw\ucf-crime\Anomaly-Videos-Part_2\Anomaly-Videos-Part-2\Burglary\Burglary003_x264.mp4,ucf-crime\Anomaly-Videos-Part_2\Anomaly-Videos-Part-2\Burglary\Burglary003_x264.mp4,Burglary,Burglary,1,.mp4,9.401,True,30.0,1173,320,240,39.1,0.652,True,train
Burglary004_x264,Burglary004_x264.mp4,data\raw\ucf-crime\Anomaly-Videos-Part_2\Anomaly-Videos-Part-2\Burglary\Burglary004_x264.mp4,ucf-crime\Anomaly-Videos-Part_2\Anomaly-Videos-Part-2\Burglary\Burglary004_x264.mp4,Burglary,Burglary,1,.mp4,14.93,True,30.0,1787,320,240,59.567,0.993,True,train
Burglary005_x264,Burglary005_x264.mp4,data\raw\ucf-crime\Anomaly-Videos-Part_2\Anomaly-Videos-Part-2\Burglary\Burglary005_x264.mp4,ucf-crime\Anomaly-Videos-Part_2\Anomaly-Videos-Part-2\Burglary\Burglary005_x264.mp4,Burglary,Burglary,1,.mp4,47.072,True,30.0,7729,320,240,257.633,4.294,True,train
Burglary005_x264A,Burglary005_x264A.mp4,data\raw\ucf-crime\Burglary\Burglary005_x264A.mp4,ucf-crime\Burglary\Burglary005_x264A.mp4,Burglary,Burglary,1,.mp4,30.62,True,30.0,7729,320,240,257.633,4.294,True,train
Burglary006_x264,Burglary006_x264.mp4,data\raw\ucf-crime\Anomaly-Videos-Part_2\Anomaly-Videos-Part-2\Burglary\Burglary006_x264.mp4,ucf-crime\Anomaly-Videos-Part_2\Anomaly-Videos-Part-2\Burglary\Burglary006_x264.mp4,Burglary,Burglary,1,.mp4,70.268,True,30.0,8937,320,240,297.9,4.965,True,train
Burglary007_x264,Burglary007_x264.mp4,data\raw\ucf-crime\Anomaly-Videos-Part_2\Anomaly-Videos-Part-2\Burglary\Burglary007_x264.mp4,ucf-crime\Anomaly-Videos-Part_2\Anomaly-Videos-Part-2\Burglary\Burglary007_x264.mp4,Burglary,Burglary,1,.mp4,9.061,True,30.0,1085,320,240,36.167,0.603,True,train
Burglary007_x264A,Burglary007_x264A.mp4,data\raw\ucf-crime\Burglary\Burglary007_x264A.mp4,ucf-crime\Burglary\Burglary007_x264A.mp4,Burglary,Burglary,1,.mp4,17.46,True,30.0,1085,320,240,36.167,0.603,True,train
Burglary008_x264,Burglary008_x264.mp4,data\raw\ucf-crime\Anomaly-Videos-Part_2\Anomaly-Videos-Part-2\Burglary\Burglary008_x264.mp4,ucf-crime\Anomaly-Videos-Part_2\Anomaly-Videos-Part-2\Burglary\Burglary008_x264.mp4,Burglary,Burglary,1,.mp4,23.524,True,30.0,4920,320,240,164.0,2.733,True,train
Burglary008_x264A,Burglary008_x264A.mp4,data\raw\ucf-crime\Burglary\Burglary008_x264A.mp4,ucf-crime\Burglary\Burglary008_x264A.mp4,Burglary,Burglary,1,.mp4,15.762,True,30.0,4920,320,240,164.0,2.733,True,train
Burglary009_x264,Burglary009_x264.mp4,data\raw\ucf-crime\Anomaly-Videos-Part_2\Anomaly-Videos-Part-2\Burglary\Burglary009_x264.mp4,ucf-crime\Anomaly-Videos-Part_2\Anomaly-Videos-Part-2\Burglary\Burglary009_x264.mp4,Burglary,Burglary,1,.mp4,9.382,True,30.0,2557,320,240,85.233,1.421,True,train
Burglary010_x264,Burglary010_x264.mp4,data\raw\ucf-crime\Anomaly-Videos-Part_2\Anomaly-Videos-Part-2\Burglary\Burglary010_x264.mp4,ucf-crime\Anomaly-Videos-Part_2\Anomaly-Videos-Part-2\Burglary\Burglary010_x264.mp4,Burglary,Burglary,1,.mp4,47.48,True,30.0,5888,320,240,196.267,3.271,True,train
Burglary010_x264A,Burglary010_x264A.mp4,data\raw\ucf-crime\Burglary\Burglary010_x264A.mp4,ucf-crime\Burglary\Burglary010_x264A.mp4,Burglary,Burglary,1,.mp4,72.684,True,30.0,5888,320,240,196.267,3.271,True,train
Burglary011_x264,Burglary011_x264.mp4,data\raw\ucf-crime\Anomaly-Videos-Part_2\Anomaly-Videos-Part-2\Burglary\Burglary011_x264.mp4,ucf-crime\Anomaly-Videos-Part_2\Anomaly-Videos-Part-2\Burglary\Burglary011_x264.mp4,Burglary,Burglary,1,.mp4,6.534,True,30.0,1964,320,240,65.467,1.091,True,train
Burglary012_x264,Burglary012_x264.mp4,data\raw\ucf-crime\Anomaly-Videos-Part_2\Anomaly-Videos-Part-2\Burglary\Burglary012_x264.mp4,ucf-crime\Anomaly-Videos-Part_2\Anomaly-Videos-Part-2\Burglary\Burglary012_x264.mp4,Burglary,Burglary,1,.mp4,9.043,True,30.0,1698,320,240,56.6,0.943,True,train
Burglary012_x264A,Burglary012_x264A.mp4,data\raw\ucf-crime\Burglary\Burglary012_x264A.mp4,ucf-crime\Burglary\Burglary012_x264A.mp4,Burglary,Burglary,1,.mp4,8.214,True,30.0,1698,320,240,56.6,0.943,True,train
Burglary013_x264A,Burglary013_x264A.mp4,data\raw\ucf-crime\Burglary\Burglary013_x264A.mp4,ucf-crime\Burglary\Burglary013_x264A.mp4,Burglary,Burglary,1,.mp4,20.059,True,30.0,2234,320,240,74.467,1.241,True,train
Burglary014_x264,Burglary014_x264.mp4,data\raw\ucf-crime\Anomaly-Videos-Part_2\Anomaly-Videos-Part-2\Burglary\Burglary014_x264.mp4,ucf-crime\Anomaly-Videos-Part_2\Anomaly-Videos-Part-2\Burglary\Burglary014_x264.mp4,Burglary,Burglary,1,.mp4,18.812,True,30.0,2575,320,240,85.833,1.431,True,train
Burglary015_x264,Burglary015_x264.mp4,data\raw\ucf-crime\Anomaly-Videos-Part_2\Anomaly-Videos-Part-2\Burglary\Burglary015_x264.mp4,ucf-crime\Anomaly-Videos-Part_2\Anomaly-Videos-Part-2\Burglary\Burglary015_x264.mp4,Burglary,Burglary,1,.mp4,8.633,True,30.0,1121,320,240,37.367,0.623,True,train
Burglary015_x264A,Burglary015_x264A.mp4,data\raw\ucf-crime\Burglary\Burglary015_x264A.mp4,ucf-crime\Burglary\Burglary015_x264A.mp4,Burglary,Burglary,1,.mp4,9.515,True,30.0,1121,320,240,37.367,0.623,True,train
Burglary016_x264A,Burglary016_x264A.mp4,data\raw\ucf-crime\Burglary\Burglary016_x264A.mp4,ucf-crime\Burglary\Burglary016_x264A.mp4,Burglary,Burglary,1,.mp4,40.882,True,30.0,5258,320,240,175.267,2.921,True,train
Burglary017_x264,Burglary017_x264.mp4,data\raw\ucf-crime\Anomaly-Videos-Part_2\Anomaly-Videos-Part-2\Burglary\Burglary017_x264.mp4,ucf-crime\Anomaly-Videos-Part_2\Anomaly-Videos-Part-2\Burglary\Burglary017_x264.mp4,Burglary,Burglary,1,.mp4,18.058,True,30.0,2113,320,240,70.433,1.174,True,train
Burglary018_x264,Burglary018_x264.mp4,data\raw\ucf-crime\Anomaly-Videos-Part_2\Anomaly-Videos-Part-2\Burglary\Burglary018_x264.mp4,ucf-crime\Anomaly-Videos-Part_2\Anomaly-Videos-Part-2\Burglary\Burglary018_x264.mp4,Burglary,Burglary,1,.mp4,2.484,True,30.0,1125,320,240,37.5,0.625,True,train
Burglary019_x264A,Burglary019_x264A.mp4,data\raw\ucf-crime\Burglary\Burglary019_x264A.mp4,ucf-crime\Burglary\Burglary019_x264A.mp4,Burglary,Burglary,1,.mp4,15.689,True,30.0,2891,320,240,96.367,1.606,True,train
Burglary020_x264,Burglary020_x264.mp4,data\raw\ucf-crime\Anomaly-Videos-Part_2\Anomaly-Videos-Part-2\Burglary\Burglary020_x264.mp4,ucf-crime\Anomaly-Videos-Part_2\Anomaly-Videos-Part-2\Burglary\Burglary020_x264.mp4,Burglary,Burglary,1,.mp4,22.401,True,30.0,3310,320,240,110.333,1.839,True,train
Burglary021_x264,Burglary021_x264.mp4,data\raw\ucf-crime\Anomaly-Videos-Part_2\Anomaly-Videos-Part-2\Burglary\Burglary021_x264.mp4,ucf-crime\Anomaly-Videos-Part_2\Anomaly-Videos-Part-2\Burglary\Burglary021_x264.mp4,Burglary,Burglary,1,.mp4,9.894,True,30.0,1537,320,240,51.233,0.854,True,train
Burglary021_x264A,Burglary021_x264A.mp4,data\raw\ucf-crime\Burglary\Burglary021_x264A.mp4,ucf-crime\Burglary\Burglary021_x264A.mp4,Burglary,Burglary,1,.mp4,8.411,True,30.0,1537,320,240,51.233,0.854,True,train
Burglary023_x264A,Burglary023_x264A.mp4,data\raw\ucf-crime\Burglary\Burglary023_x264A.mp4,ucf-crime\Burglary\Burglary023_x264A.mp4,Burglary,Burglary,1,.mp4,116.875,True,30.0,9944,320,240,331.467,5.524,True,train
Burglary024_x264,Burglary024_x264.mp4,data\raw\ucf-crime\Anomaly-Videos-Part_2\Anomaly-Videos-Part-2\Burglary\Burglary024_x264.mp4,ucf-crime\Anomaly-Videos-Part_2\Anomaly-Videos-Part-2\Burglary\Burglary024_x264.mp4,Burglary,Burglary,1,.mp4,28.441,True,30.0,3605,320,240,120.167,2.003,True,train
Burglary025_x264,Burglary025_x264.mp4,data\raw\ucf-crime\Anomaly-Videos-Part_2\Anomaly-Videos-Part-2\Burglary\Burglary025_x264.mp4,ucf-crime\Anomaly-Videos-Part_2\Anomaly-Videos-Part-2\Burglary\Burglary025_x264.mp4,Burglary,Burglary,1,.mp4,27.252,True,30.0,6214,320,240,207.133,3.452,True,train
Burglary026_x264A,Burglary026_x264A.mp4,data\raw\ucf-crime\Burglary\Burglary026_x264A.mp4,ucf-crime\Burglary\Burglary026_x264A.mp4,Burglary,Burglary,1,.mp4,9.766,True,30.0,1534,320,240,51.133,0.852,True,train
Burglary027_x264,Burglary027_x264.mp4,data\raw\ucf-crime\Anomaly-Videos-Part_2\Anomaly-Videos-Part-2\Burglary\Burglary027_x264.mp4,ucf-crime\Anomaly-Videos-Part_2\Anomaly-Videos-Part-2\Burglary\Burglary027_x264.mp4,Burglary,Burglary,1,.mp4,15.587,True,30.0,3096,320,240,103.2,1.72,True,train
Burglary028_x264,Burglary028_x264.mp4,data\raw\ucf-crime\Anomaly-Videos-Part_2\Anomaly-Videos-Part-2\Burglary\Burglary028_x264.mp4,ucf-crime\Anomaly-Videos-Part_2\Anomaly-Videos-Part-2\Burglary\Burglary028_x264.mp4,Burglary,Burglary,1,.mp4,7.393,True,30.0,954,320,240,31.8,0.53,True,train
Burglary028_x264A,Burglary028_x264A.mp4,data\raw\ucf-crime\Burglary\Burglary028_x264A.mp4,ucf-crime\Burglary\Burglary028_x264A.mp4,Burglary,Burglary,1,.mp4,6.74,True,30.0,954,320,240,31.8,0.53,True,train
Burglary029_x264,Burglary029_x264.mp4,data\raw\ucf-crime\Anomaly-Videos-Part_2\Anomaly-Videos-Part-2\Burglary\Burglary029_x264.mp4,ucf-crime\Anomaly-Videos-Part_2\Anomaly-Videos-Part-2\Burglary\Burglary029_x264.mp4,Burglary,Burglary,1,.mp4,21.26,True,30.0,5021,320,240,167.367,2.789,True,train
Burglary030_x264,Burglary030_x264.mp4,data\raw\ucf-crime\Anomaly-Videos-Part_2\Anomaly-Videos-Part-2\Burglary\Burglary030_x264.mp4,ucf-crime\Anomaly-Videos-Part_2\Anomaly-Videos-Part-2\Burglary\Burglary030_x264.mp4,Burglary,Burglary,1,.mp4,3.469,True,30.0,899,320,240,29.967,0.499,True,train
Burglary030_x264A,Burglary030_x264A.mp4,data\raw\ucf-crime\Burglary\Burglary030_x264A.mp4,ucf-crime\Burglary\Burglary030_x264A.mp4,Burglary,Burglary,1,.mp4,2.651,True,30.0,899,320,240,29.967,0.499,True,train
Burglary031_x264,Burglary031_x264.mp4,data\raw\ucf-crime\Anomaly-Videos-Part_2\Anomaly-Videos-Part-2\Burglary\Burglary031_x264.mp4,ucf-crime\Anomaly-Videos-Part_2\Anomaly-Videos-Part-2\Burglary\Burglary031_x264.mp4,Burglary,Burglary,1,.mp4,28.727,True,30.0,6257,320,240,208.567,3.476,True,train
Burglary032_x264,Burglary032_x264.mp4,data\raw\ucf-crime\Anomaly-Videos-Part_2\Anomaly-Videos-Part-2\Burglary\Burglary032_x264.mp4,ucf-crime\Anomaly-Videos-Part_2\Anomaly-Videos-Part-2\Burglary\Burglary032_x264.mp4,Burglary,Burglary,1,.mp4,130.754,True,30.0,15795,320,240,526.5,8.775,True,train
Burglary033_x264,Burglary033_x264.mp4,data\raw\ucf-crime\Anomaly-Videos-Part_2\Anomaly-Videos-Part-2\Burglary\Burglary033_x264.mp4,ucf-crime\Anomaly-Videos-Part_2\Anomaly-Videos-Part-2\Burglary\Burglary033_x264.mp4,Burglary,Burglary,1,.mp4,11.767,True,30.0,1259,320,240,41.967,0.699,True,train
Burglary035_x264,Burglary035_x264.mp4,data\raw\ucf-crime\Anomaly-Videos-Part_2\Anomaly-Videos-Part-2\Burglary\Burglary035_x264.mp4,ucf-crime\Anomaly-Videos-Part_2\Anomaly-Videos-Part-2\Burglary\Burglary035_x264.mp4,Burglary,Burglary,1,.mp4,14.48,True,30.0,4050,320,240,135.0,2.25,True,train
Burglary036_x264,Burglary036_x264.mp4,data\raw\ucf-crime\Anomaly-Videos-Part_2\Anomaly-Videos-Part-2\Burglary\Burglary036_x264.mp4,ucf-crime\Anomaly-Videos-Part_2\Anomaly-Videos-Part-2\Burglary\Burglary036_x264.mp4,Burglary,Burglary,1,.mp4,7.46,True,30.0,1003,320,240,33.433,0.557,True,train
Burglary037_x264,Burglary037_x264.mp4,data\raw\ucf-crime\Anomaly-Videos-Part_2\Anomaly-Videos-Part-2\Burglary\Burglary037_x264.mp4,ucf-crime\Anomaly-Videos-Part_2\Anomaly-Videos-Part-2\Burglary\Burglary037_x264.mp4,Burglary,Burglary,1,.mp4,16.182,True,30.0,1920,320,240,64.0,1.067,True,train
Burglary038_x264,Burglary038_x264.mp4,data\raw\ucf-crime\Anomaly-Videos-Part_2\Anomaly-Videos-Part-2\Burglary\Burglary038_x264.mp4,ucf-crime\Anomaly-Videos-Part_2\Anomaly-Videos-Part-2\Burglary\Burglary038_x264.mp4,Burglary,Burglary,1,.mp4,6.138,True,30.0,899,320,240,29.967,0.499,True,train
Burglary039_x264,Burglary039_x264.mp4,data\raw\ucf-crime\Anomaly-Videos-Part_2\Anomaly-Videos-Part-2\Burglary\Burglary039_x264.mp4,ucf-crime\Anomaly-Videos-Part_2\Anomaly-Videos-Part-2\Burglary\Burglary039_x264.mp4,Burglary,Burglary,1,.mp4,63.842,True,30.0,9421,320,240,314.033,5.234,True,train
Burglary040_x264,Burglary040_x264.mp4,data\raw\ucf-crime\Anomaly-Videos-Part_2\Anomaly-Videos-Part-2\Burglary\Burglary040_x264.mp4,ucf-crime\Anomaly-Videos-Part_2\Anomaly-Videos-Part-2\Burglary\Burglary040_x264.mp4,Burglary,Burglary,1,.mp4,23.704,True,30.0,5702,320,240,190.067,3.168,True,train
Burglary041_x264,Burglary041_x264.mp4,data\raw\ucf-crime\Anomaly-Videos-Part_2\Anomaly-Videos-Part-2\Burglary\Burglary041_x264.mp4,ucf-crime\Anomaly-Videos-Part_2\Anomaly-Videos-Part-2\Burglary\Burglary041_x264.mp4,Burglary,Burglary,1,.mp4,14.677,True,30.0,1814,320,240,60.467,1.008,True,train
Burglary042_x264,Burglary042_x264.mp4,data\raw\ucf-crime\Anomaly-Videos-Part_2\Anomaly-Videos-Part-2\Burglary\Burglary042_x264.mp4,ucf-crime\Anomaly-Videos-Part_2\Anomaly-Videos-Part-2\Burglary\Burglary042_x264.mp4,Burglary,Burglary,1,.mp4,22.754,True,30.0,4233,320,240,141.1,2.352,True,train
Burglary043_x264,Burglary043_x264.mp4,data\raw\ucf-crime\Anomaly-Videos-Part_2\Anomaly-Videos-Part-2\Burglary\Burglary043_x264.mp4,ucf-crime\Anomaly-Videos-Part_2\Anomaly-Videos-Part-2\Burglary\Burglary043_x264.mp4,Burglary,Burglary,1,.mp4,2.017,True,30.0,539,320,240,17.967,0.299,True,train
Burglary044_x264,Burglary044_x264.mp4,data\raw\ucf-crime\Anomaly-Videos-Part_2\Anomaly-Videos-Part-2\Burglary\Burglary044_x264.mp4,ucf-crime\Anomaly-Videos-Part_2\Anomaly-Videos-Part-2\Burglary\Burglary044_x264.mp4,Burglary,Burglary,1,.mp4,54.748,True,30.0,6860,320,240,228.667,3.811,True,train
Burglary045_x264,Burglary045_x264.mp4,data\raw\ucf-crime\Anomaly-Videos-Part_2\Anomaly-Videos-Part-2\Burglary\Burglary045_x264.mp4,ucf-crime\Anomaly-Videos-Part_2\Anomaly-Videos-Part-2\Burglary\Burglary045_x264.mp4,Burglary,Burglary,1,.mp4,46.228,True,30.0,10957,320,240,365.233,6.087,True,train
Burglary046_x264,Burglary046_x264.mp4,data\raw\ucf-crime\Anomaly-Videos-Part_2\Anomaly-Videos-Part-2\Burglary\Burglary046_x264.mp4,ucf-crime\Anomaly-Videos-Part_2\Anomaly-Videos-Part-2\Burglary\Burglary046_x264.mp4,Burglary,Burglary,1,.mp4,11.306,True,30.0,2289,320,240,76.3,1.272,True,train
Burglary047_x264,Burglary047_x264.mp4,data\raw\ucf-crime\Anomaly-Videos-Part_2\Anomaly-Videos-Part-2\Burglary\Burglary047_x264.mp4,ucf-crime\Anomaly-Videos-Part_2\Anomaly-Videos-Part-2\Burglary\Burglary047_x264.mp4,Burglary,Burglary,1,.mp4,13.82,True,30.0,2760,320,240,92.0,1.533,True,train
Burglary049_x264,Burglary049_x264.mp4,data\raw\ucf-crime\Anomaly-Videos-Part_2\Anomaly-Videos-Part-2\Burglary\Burglary049_x264.mp4,ucf-crime\Anomaly-Videos-Part_2\Anomaly-Videos-Part-2\Burglary\Burglary049_x264.mp4,Burglary,Burglary,1,.mp4,29.897,True,30.0,9218,320,240,307.267,5.121,True,train
Burglary050_x264,Burglary050_x264.mp4,data\raw\ucf-crime\Anomaly-Videos-Part_2\Anomaly-Videos-Part-2\Burglary\Burglary050_x264.mp4,ucf-crime\Anomaly-Videos-Part_2\Anomaly-Videos-Part-2\Burglary\Burglary050_x264.mp4,Burglary,Burglary,1,.mp4,6.153,True,30.0,1143,320,240,38.1,0.635,True,train
Burglary053_x264,Burglary053_x264.mp4,data\raw\ucf-crime\Anomaly-Videos-Part_2\Anomaly-Videos-Part-2\Burglary\Burglary053_x264.mp4,ucf-crime\Anomaly-Videos-Part_2\Anomaly-Videos-Part-2\Burglary\Burglary053_x264.mp4,Burglary,Burglary,1,.mp4,20.378,True,30.0,3271,320,240,109.033,1.817,True,train
Burglary054_x264,Burglary054_x264.mp4,data\raw\ucf-crime\Anomaly-Videos-Part_2\Anomaly-Videos-Part-2\Burglary\Burglary054_x264.mp4,ucf-crime\Anomaly-Videos-Part_2\Anomaly-Videos-Part-2\Burglary\Burglary054_x264.mp4,Burglary,Burglary,1,.mp4,2.048,True,30.0,450,320,240,15.0,0.25,True,train
Burglary056_x264,Burglary056_x264.mp4,data\raw\ucf-crime\Anomaly-Videos-Part_2\Anomaly-Videos-Part-2\Burglary\Burglary056_x264.mp4,ucf-crime\Anomaly-Videos-Part_2\Anomaly-Videos-Part-2\Burglary\Burglary056_x264.mp4,Burglary,Burglary,1,.mp4,6.352,True,30.0,1415,320,240,47.167,0.786,True,train
Burglary057_x264,Burglary057_x264.mp4,data\raw\ucf-crime\Anomaly-Videos-Part_2\Anomaly-Videos-Part-2\Burglary\Burglary057_x264.mp4,ucf-crime\Anomaly-Videos-Part_2\Anomaly-Videos-Part-2\Burglary\Burglary057_x264.mp4,Burglary,Burglary,1,.mp4,47.066,True,30.0,5537,320,240,184.567,3.076,True,train
Burglary059_x264,Burglary059_x264.mp4,data\raw\ucf-crime\Anomaly-Videos-Part_2\Anomaly-Videos-Part-2\Burglary\Burglary059_x264.mp4,ucf-crime\Anomaly-Videos-Part_2\Anomaly-Videos-Part-2\Burglary\Burglary059_x264.mp4,Burglary,Burglary,1,.mp4,1.853,True,30.0,445,320,240,14.833,0.247,True,train
Burglary060_x264,Burglary060_x264.mp4,data\raw\ucf-crime\Anomaly-Videos-Part_2\Anomaly-Videos-Part-2\Burglary\Burglary060_x264.mp4,ucf-crime\Anomaly-Videos-Part_2\Anomaly-Videos-Part-2\Burglary\Burglary060_x264.mp4,Burglary,Burglary,1,.mp4,3.743,True,30.0,766,320,240,25.533,0.426,True,train
Burglary065_x264,Burglary065_x264.mp4,data\raw\ucf-crime\Anomaly-Videos-Part_2\Anomaly-Videos-Part-2\Burglary\Burglary065_x264.mp4,ucf-crime\Anomaly-Videos-Part_2\Anomaly-Videos-Part-2\Burglary\Burglary065_x264.mp4,Burglary,Burglary,1,.mp4,52.366,True,30.0,9372,320,240,312.4,5.207,True,train
Burglary066_x264,Burglary066_x264.mp4,data\raw\ucf-crime\Anomaly-Videos-Part_2\Anomaly-Videos-Part-2\Burglary\Burglary066_x264.mp4,ucf-crime\Anomaly-Videos-Part_2\Anomaly-Videos-Part-2\Burglary\Burglary066_x264.mp4,Burglary,Burglary,1,.mp4,14.081,True,30.0,2208,320,240,73.6,1.227,True,train
Burglary068_x264,Burglary068_x264.mp4,data\raw\ucf-crime\Anomaly-Videos-Part_2\Anomaly-Videos-Part-2\Burglary\Burglary068_x264.mp4,ucf-crime\Anomaly-Videos-Part_2\Anomaly-Videos-Part-2\Burglary\Burglary068_x264.mp4,Burglary,Burglary,1,.mp4,3.913,True,30.0,664,320,240,22.133,0.369,True,train
Burglary070_x264,Burglary070_x264.mp4,data\raw\ucf-crime\Anomaly-Videos-Part_2\Anomaly-Videos-Part-2\Burglary\Burglary070_x264.mp4,ucf-crime\Anomaly-Videos-Part_2\Anomaly-Videos-Part-2\Burglary\Burglary070_x264.mp4,Burglary,Burglary,1,.mp4,5.481,True,30.0,798,320,240,26.6,0.443,True,train
Burglary071_x264,Burglary071_x264.mp4,data\raw\ucf-crime\Anomaly-Videos-Part_2\Anomaly-Videos-Part-2\Burglary\Burglary071_x264.mp4,ucf-crime\Anomaly-Videos-Part_2\Anomaly-Videos-Part-2\Burglary\Burglary071_x264.mp4,Burglary,Burglary,1,.mp4,20.156,True,30.0,3583,320,240,119.433,1.991,True,train
Burglary072_x264,Burglary072_x264.mp4,data\raw\ucf-crime\Anomaly-Videos-Part_2\Anomaly-Videos-Part-2\Burglary\Burglary072_x264.mp4,ucf-crime\Anomaly-Videos-Part_2\Anomaly-Videos-Part-2\Burglary\Burglary072_x264.mp4,Burglary,Burglary,1,.mp4,20.314,True,30.0,2544,320,240,84.8,1.413,True,train
Burglary073_x264,Burglary073_x264.mp4,data\raw\ucf-crime\Anomaly-Videos-Part_2\Anomaly-Videos-Part-2\Burglary\Burglary073_x264.mp4,ucf-crime\Anomaly-Videos-Part_2\Anomaly-Videos-Part-2\Burglary\Burglary073_x264.mp4,Burglary,Burglary,1,.mp4,10.334,True,30.0,2769,320,240,92.3,1.538,True,train
Burglary074_x264,Burglary074_x264.mp4,data\raw\ucf-crime\Anomaly-Videos-Part_2\Anomaly-Videos-Part-2\Burglary\Burglary074_x264.mp4,ucf-crime\Anomaly-Videos-Part_2\Anomaly-Videos-Part-2\Burglary\Burglary074_x264.mp4,Burglary,Burglary,1,.mp4,18.724,True,30.0,2236,320,240,74.533,1.242,True,train
Burglary075_x264,Burglary075_x264.mp4,data\raw\ucf-crime\Anomaly-Videos-Part_2\Anomaly-Videos-Part-2\Burglary\Burglary075_x264.mp4,ucf-crime\Anomaly-Videos-Part_2\Anomaly-Videos-Part-2\Burglary\Burglary075_x264.mp4,Burglary,Burglary,1,.mp4,121.983,True,30.0,15599,320,240,519.967,8.666,True,train
Burglary077_x264,Burglary077_x264.mp4,data\raw\ucf-crime\Anomaly-Videos-Part_2\Anomaly-Videos-Part-2\Burglary\Burglary077_x264.mp4,ucf-crime\Anomaly-Videos-Part_2\Anomaly-Videos-Part-2\Burglary\Burglary077_x264.mp4,Burglary,Burglary,1,.mp4,10.256,True,30.0,1906,320,240,63.533,1.059,True,train
Burglary078_x264,Burglary078_x264.mp4,data\raw\ucf-crime\Anomaly-Videos-Part_2\Anomaly-Videos-Part-2\Burglary\Burglary078_x264.mp4,ucf-crime\Anomaly-Videos-Part_2\Anomaly-Videos-Part-2\Burglary\Burglary078_x264.mp4,Burglary,Burglary,1,.mp4,1.314,True,30.0,300,320,240,10.0,0.167,True,train
Burglary079_x264,Burglary079_x264.mp4,data\raw\ucf-crime\Anomaly-Videos-Part_2\Anomaly-Videos-Part-2\Burglary\Burglary079_x264.mp4,ucf-crime\Anomaly-Videos-Part_2\Anomaly-Videos-Part-2\Burglary\Burglary079_x264.mp4,Burglary,Burglary,1,.mp4,56.13,True,30.0,14853,320,240,495.1,8.252,True,train
Burglary080_x264,Burglary080_x264.mp4,data\raw\ucf-crime\Anomaly-Videos-Part_2\Anomaly-Videos-Part-2\Burglary\Burglary080_x264.mp4,ucf-crime\Anomaly-Videos-Part_2\Anomaly-Videos-Part-2\Burglary\Burglary080_x264.mp4,Burglary,Burglary,1,.mp4,4.493,True,30.0,1159,320,240,38.633,0.644,True,train
Burglary081_x264,Burglary081_x264.mp4,data\raw\ucf-crime\Anomaly-Videos-Part_2\Anomaly-Videos-Part-2\Burglary\Burglary081_x264.mp4,ucf-crime\Anomaly-Videos-Part_2\Anomaly-Videos-Part-2\Burglary\Burglary081_x264.mp4,Burglary,Burglary,1,.mp4,0.991,True,30.0,415,320,240,13.833,0.231,True,train
Burglary081_x264A,Burglary081_x264A.mp4,data\raw\ucf-crime\Burglary\Burglary081_x264A.mp4,ucf-crime\Burglary\Burglary081_x264A.mp4,Burglary,Burglary,1,.mp4,0.523,True,30.0,415,320,240,13.833,0.231,True,train
Burglary082_x264,Burglary082_x264.mp4,data\raw\ucf-crime\Anomaly-Videos-Part_2\Anomaly-Videos-Part-2\Burglary\Burglary082_x264.mp4,ucf-crime\Anomaly-Videos-Part_2\Anomaly-Videos-Part-2\Burglary\Burglary082_x264.mp4,Burglary,Burglary,1,.mp4,15.786,True,30.0,2777,320,240,92.567,1.543,True,train
Burglary083_x264,Burglary083_x264.mp4,data\raw\ucf-crime\Anomaly-Videos-Part_2\Anomaly-Videos-Part-2\Burglary\Burglary083_x264.mp4,ucf-crime\Anomaly-Videos-Part_2\Anomaly-Videos-Part-2\Burglary\Burglary083_x264.mp4,Burglary,Burglary,1,.mp4,38.129,True,30.0,5880,320,240,196.0,3.267,True,train
Burglary083_x264A,Burglary083_x264A.mp4,data\raw\ucf-crime\Burglary\Burglary083_x264A.mp4,ucf-crime\Burglary\Burglary083_x264A.mp4,Burglary,Burglary,1,.mp4,21.297,True,30.0,5880,320,240,196.0,3.267,True,train
Burglary084_x264,Burglary084_x264.mp4,data\raw\ucf-crime\Anomaly-Videos-Part_2\Anomaly-Videos-Part-2\Burglary\Burglary084_x264.mp4,ucf-crime\Anomaly-Videos-Part_2\Anomaly-Videos-Part-2\Burglary\Burglary084_x264.mp4,Burglary,Burglary,1,.mp4,34.068,True,30.0,4513,320,240,150.433,2.507,True,train
Burglary084_x264A,Burglary084_x264A.mp4,data\raw\ucf-crime\Burglary\Burglary084_x264A.mp4,ucf-crime\Burglary\Burglary084_x264A.mp4,Burglary,Burglary,1,.mp4,31.479,True,30.0,4513,320,240,150.433,2.507,True,train
Burglary085_x264,Burglary085_x264.mp4,data\raw\ucf-crime\Anomaly-Videos-Part_2\Anomaly-Videos-Part-2\Burglary\Burglary085_x264.mp4,ucf-crime\Anomaly-Videos-Part_2\Anomaly-Videos-Part-2\Burglary\Burglary085_x264.mp4,Burglary,Burglary,1,.mp4,21.088,True,30.0,2880,320,240,96.0,1.6,True,train
Burglary085_x264A,Burglary085_x264A.mp4,data\raw\ucf-crime\Burglary\Burglary085_x264A.mp4,ucf-crime\Burglary\Burglary085_x264A.mp4,Burglary,Burglary,1,.mp4,12.887,True,30.0,2880,320,240,96.0,1.6,True,train
Burglary086_x264,Burglary086_x264.mp4,data\raw\ucf-crime\Anomaly-Videos-Part_2\Anomaly-Videos-Part-2\Burglary\Burglary086_x264.mp4,ucf-crime\Anomaly-Videos-Part_2\Anomaly-Videos-Part-2\Burglary\Burglary086_x264.mp4,Burglary,Burglary,1,.mp4,22.82,True,30.0,3247,320,240,108.233,1.804,True,train
Burglary087_x264,Burglary087_x264.mp4,data\raw\ucf-crime\Anomaly-Videos-Part_2\Anomaly-Videos-Part-2\Burglary\Burglary087_x264.mp4,ucf-crime\Anomaly-Videos-Part_2\Anomaly-Videos-Part-2\Burglary\Burglary087_x264.mp4,Burglary,Burglary,1,.mp4,17.212,True,30.0,2217,320,240,73.9,1.232,True,train
Burglary087_x264A,Burglary087_x264A.mp4,data\raw\ucf-crime\Burglary\Burglary087_x264A.mp4,ucf-crime\Burglary\Burglary087_x264A.mp4,Burglary,Burglary,1,.mp4,12.479,True,30.0,2217,320,240,73.9,1.232,True,train
Burglary088_x264,Burglary088_x264.mp4,data\raw\ucf-crime\Anomaly-Videos-Part_2\Anomaly-Videos-Part-2\Burglary\Burglary088_x264.mp4,ucf-crime\Anomaly-Videos-Part_2\Anomaly-Videos-Part-2\Burglary\Burglary088_x264.mp4,Burglary,Burglary,1,.mp4,35.187,True,30.0,4879,320,240,162.633,2.711,True,train
Burglary089_x264A,Burglary089_x264A.mp4,data\raw\ucf-crime\Burglary\Burglary089_x264A.mp4,ucf-crime\Burglary\Burglary089_x264A.mp4,Burglary,Burglary,1,.mp4,17.67,True,30.0,3357,320,240,111.9,1.865,True,train
Burglary090_x264A,Burglary090_x264A.mp4,data\raw\ucf-crime\Burglary\Burglary090_x264A.mp4,ucf-crime\Burglary\Burglary090_x264A.mp4,Burglary,Burglary,1,.mp4,20.539,True,30.0,2766,320,240,92.2,1.537,True,train
Burglary091_x264,Burglary091_x264.mp4,data\raw\ucf-crime\Anomaly-Videos-Part_2\Anomaly-Videos-Part-2\Burglary\Burglary091_x264.mp4,ucf-crime\Anomaly-Videos-Part_2\Anomaly-Videos-Part-2\Burglary\Burglary091_x264.mp4,Burglary,Burglary,1,.mp4,18.688,True,30.0,3323,320,240,110.767,1.846,True,train
Burglary092_x264A,Burglary092_x264A.mp4,data\raw\ucf-crime\Burglary\Burglary092_x264A.mp4,ucf-crime\Burglary\Burglary092_x264A.mp4,Burglary,Burglary,1,.mp4,3.564,True,30.0,625,320,240,20.833,0.347,True,train
Burglary093_x264A,Burglary093_x264A.mp4,data\raw\ucf-crime\Burglary\Burglary093_x264A.mp4,ucf-crime\Burglary\Burglary093_x264A.mp4,Burglary,Burglary,1,.mp4,3.057,True,30.0,762,320,240,25.4,0.423,True,train
Burglary094_x264,Burglary094_x264.mp4,data\raw\ucf-crime\Anomaly-Videos-Part_2\Anomaly-Videos-Part-2\Burglary\Burglary094_x264.mp4,ucf-crime\Anomaly-Videos-Part_2\Anomaly-Videos-Part-2\Burglary\Burglary094_x264.mp4,Burglary,Burglary,1,.mp4,5.677,True,30.0,1441,320,240,48.033,0.801,True,train
Burglary095_x264,Burglary095_x264.mp4,data\raw\ucf-crime\Anomaly-Videos-Part_2\Anomaly-Videos-Part-2\Burglary\Burglary095_x264.mp4,ucf-crime\Anomaly-Videos-Part_2\Anomaly-Videos-Part-2\Burglary\Burglary095_x264.mp4,Burglary,Burglary,1,.mp4,139.843,True,30.0,40655,320,240,1355.167,22.586,True,train
Burglary095_x264A,Burglary095_x264A.mp4,data\raw\ucf-crime\Burglary\Burglary095_x264A.mp4,ucf-crime\Burglary\Burglary095_x264A.mp4,Burglary,Burglary,1,.mp4,74.127,True,30.0,40655,320,240,1355.167,22.586,True,train
Burglary096_x264A,Burglary096_x264A.mp4,data\raw\ucf-crime\Burglary\Burglary096_x264A.mp4,ucf-crime\Burglary\Burglary096_x264A.mp4,Burglary,Burglary,1,.mp4,68.222,True,30.0,6629,320,240,220.967,3.683,True,train
Burglary097_x264,Burglary097_x264.mp4,data\raw\ucf-crime\Anomaly-Videos-Part_2\Anomaly-Videos-Part-2\Burglary\Burglary097_x264.mp4,ucf-crime\Anomaly-Videos-Part_2\Anomaly-Videos-Part-2\Burglary\Burglary097_x264.mp4,Burglary,Burglary,1,.mp4,2.006,True,30.0,300,320,240,10.0,0.167,True,train
Burglary097_x264A,Burglary097_x264A.mp4,data\raw\ucf-crime\Burglary\Burglary097_x264A.mp4,ucf-crime\Burglary\Burglary097_x264A.mp4,Burglary,Burglary,1,.mp4,2.154,True,30.0,300,320,240,10.0,0.167,True,train
Burglary098_x264,Burglary098_x264.mp4,data\raw\ucf-crime\Anomaly-Videos-Part_2\Anomaly-Videos-Part-2\Burglary\Burglary098_x264.mp4,ucf-crime\Anomaly-Videos-Part_2\Anomaly-Videos-Part-2\Burglary\Burglary098_x264.mp4,Burglary,Burglary,1,.mp4,4.952,True,30.0,901,320,240,30.033,0.501,True,train
Burglary098_x264A,Burglary098_x264A.mp4,data\raw\ucf-crime\Burglary\Burglary098_x264A.mp4,ucf-crime\Burglary\Burglary098_x264A.mp4,Burglary,Burglary,1,.mp4,3.372,True,30.0,901,320,240,30.033,0.501,True,train
Burglary099_x264A,Burglary099_x264A.mp4,data\raw\ucf-crime\Burglary\Burglary099_x264A.mp4,ucf-crime\Burglary\Burglary099_x264A.mp4,Burglary,Burglary,1,.mp4,7.079,True,30.0,1333,320,240,44.433,0.741,True,train
Burglary100_x264,Burglary100_x264.mp4,data\raw\ucf-crime\Anomaly-Videos-Part_2\Anomaly-Videos-Part-2\Burglary\Burglary100_x264.mp4,ucf-crime\Anomaly-Videos-Part_2\Anomaly-Videos-Part-2\Burglary\Burglary100_x264.mp4,Burglary,Burglary,1,.mp4,33.802,True,30.0,7405,320,240,246.833,4.114,True,train
Burglary100_x264A,Burglary100_x264A.mp4,data\raw\ucf-crime\Burglary\Burglary100_x264A.mp4,ucf-crime\Burglary\Burglary100_x264A.mp4,Burglary,Burglary,1,.mp4,18.458,True,30.0,7405,320,240,246.833,4.114,True,train
Explosion001_x264,Explosion001_x264.mp4,data\raw\ucf-crime\Anomaly-Videos-Part_2\Anomaly-Videos-Part-2\Explosion\Explosion001_x264.mp4,ucf-crime\Anomaly-Videos-Part_2\Anomaly-Videos-Part-2\Explosion\Explosion001_x264.mp4,Explosion,Explosion,1,.mp4,1.132,True,30.0,635,320,240,21.167,0.353,True,train
Explosion001_x264A,Explosion001_x264A.mp4,data\raw\ucf-crime\Explosion\Explosion\Explosion001_x264A.mp4,ucf-crime\Explosion\Explosion\Explosion001_x264A.mp4,Explosion,Explosion,1,.mp4,0.866,True,30.0,635,320,240,21.167,0.353,True,train
Explosion002_x264,Explosion002_x264.mp4,data\raw\ucf-crime\Anomaly-Videos-Part_2\Anomaly-Videos-Part-2\Explosion\Explosion002_x264.mp4,ucf-crime\Anomaly-Videos-Part_2\Anomaly-Videos-Part-2\Explosion\Explosion002_x264.mp4,Explosion,Explosion,1,.mp4,18.325,True,30.0,4013,320,240,133.767,2.229,True,train
Explosion003_x264,Explosion003_x264.mp4,data\raw\ucf-crime\Anomaly-Videos-Part_2\Anomaly-Videos-Part-2\Explosion\Explosion003_x264.mp4,ucf-crime\Anomaly-Videos-Part_2\Anomaly-Videos-Part-2\Explosion\Explosion003_x264.mp4,Explosion,Explosion,1,.mp4,4.425,True,30.0,576,320,240,19.2,0.32,True,train
Explosion004_x264,Explosion004_x264.mp4,data\raw\ucf-crime\Anomaly-Videos-Part_2\Anomaly-Videos-Part-2\Explosion\Explosion004_x264.mp4,ucf-crime\Anomaly-Videos-Part_2\Anomaly-Videos-Part-2\Explosion\Explosion004_x264.mp4,Explosion,Explosion,1,.mp4,8.04,True,30.0,1902,320,240,63.4,1.057,True,train
Explosion004_x264A,Explosion004_x264A.mp4,data\raw\ucf-crime\Explosion\Explosion\Explosion004_x264A.mp4,ucf-crime\Explosion\Explosion\Explosion004_x264A.mp4,Explosion,Explosion,1,.mp4,6.028,True,30.0,1902,320,240,63.4,1.057,True,train
Explosion005_x264,Explosion005_x264.mp4,data\raw\ucf-crime\Anomaly-Videos-Part_2\Anomaly-Videos-Part-2\Explosion\Explosion005_x264.mp4,ucf-crime\Anomaly-Videos-Part_2\Anomaly-Videos-Part-2\Explosion\Explosion005_x264.mp4,Explosion,Explosion,1,.mp4,5.465,True,30.0,693,320,240,23.1,0.385,True,train
Explosion005_x264A,Explosion005_x264A.mp4,data\raw\ucf-crime\Explosion\Explosion\Explosion005_x264A.mp4,ucf-crime\Explosion\Explosion\Explosion005_x264A.mp4,Explosion,Explosion,1,.mp4,7.536,True,30.0,693,320,240,23.1,0.385,True,train
Explosion006_x264,Explosion006_x264.mp4,data\raw\ucf-crime\Anomaly-Videos-Part_2\Anomaly-Videos-Part-2\Explosion\Explosion006_x264.mp4,ucf-crime\Anomaly-Videos-Part_2\Anomaly-Videos-Part-2\Explosion\Explosion006_x264.mp4,Explosion,Explosion,1,.mp4,13.512,True,30.0,1920,320,240,64.0,1.067,True,train
Explosion006_x264A,Explosion006_x264A.mp4,data\raw\ucf-crime\Explosion\Explosion\Explosion006_x264A.mp4,ucf-crime\Explosion\Explosion\Explosion006_x264A.mp4,Explosion,Explosion,1,.mp4,8.999,True,30.0,1920,320,240,64.0,1.067,True,train
Explosion007_x264,Explosion007_x264.mp4,data\raw\ucf-crime\Anomaly-Videos-Part_2\Anomaly-Videos-Part-2\Explosion\Explosion007_x264.mp4,ucf-crime\Anomaly-Videos-Part_2\Anomaly-Videos-Part-2\Explosion\Explosion007_x264.mp4,Explosion,Explosion,1,.mp4,128.367,True,30.0,16289,320,240,542.967,9.049,True,train
Explosion008_x264,Explosion008_x264.mp4,data\raw\ucf-crime\Anomaly-Videos-Part_2\Anomaly-Videos-Part-2\Explosion\Explosion008_x264.mp4,ucf-crime\Anomaly-Videos-Part_2\Anomaly-Videos-Part-2\Explosion\Explosion008_x264.mp4,Explosion,Explosion,1,.mp4,9.929,True,30.0,1748,320,240,58.267,0.971,True,train
Explosion010_x264,Explosion010_x264.mp4,data\raw\ucf-crime\Anomaly-Videos-Part_2\Anomaly-Videos-Part-2\Explosion\Explosion010_x264.mp4,ucf-crime\Anomaly-Videos-Part_2\Anomaly-Videos-Part-2\Explosion\Explosion010_x264.mp4,Explosion,Explosion,1,.mp4,11.584,True,30.0,2498,320,240,83.267,1.388,True,train
Explosion010_x264A,Explosion010_x264A.mp4,data\raw\ucf-crime\Explosion\Explosion\Explosion010_x264A.mp4,ucf-crime\Explosion\Explosion\Explosion010_x264A.mp4,Explosion,Explosion,1,.mp4,9.248,True,30.0,2498,320,240,83.267,1.388,True,train
Explosion011_x264,Explosion011_x264.mp4,data\raw\ucf-crime\Anomaly-Videos-Part_2\Anomaly-Videos-Part-2\Explosion\Explosion011_x264.mp4,ucf-crime\Anomaly-Videos-Part_2\Anomaly-Videos-Part-2\Explosion\Explosion011_x264.mp4,Explosion,Explosion,1,.mp4,12.515,True,30.0,1571,320,240,52.367,0.873,True,train
Explosion012_x264A,Explosion012_x264A.mp4,data\raw\ucf-crime\Explosion\Explosion\Explosion012_x264A.mp4,ucf-crime\Explosion\Explosion\Explosion012_x264A.mp4,Explosion,Explosion,1,.mp4,3.584,True,30.0,734,320,240,24.467,0.408,True,train
Explosion013_x264A,Explosion013_x264A.mp4,data\raw\ucf-crime\Explosion\Explosion\Explosion013_x264A.mp4,ucf-crime\Explosion\Explosion\Explosion013_x264A.mp4,Explosion,Explosion,1,.mp4,12.625,True,30.0,3317,320,240,110.567,1.843,True,train
Explosion014_x264,Explosion014_x264.mp4,data\raw\ucf-crime\Anomaly-Videos-Part_2\Anomaly-Videos-Part-2\Explosion\Explosion014_x264.mp4,ucf-crime\Anomaly-Videos-Part_2\Anomaly-Videos-Part-2\Explosion\Explosion014_x264.mp4,Explosion,Explosion,1,.mp4,6.24,True,30.0,1292,320,240,43.067,0.718,True,train
Explosion014_x264A,Explosion014_x264A.mp4,data\raw\ucf-crime\Explosion\Explosion\Explosion014_x264A.mp4,ucf-crime\Explosion\Explosion\Explosion014_x264A.mp4,Explosion,Explosion,1,.mp4,4.744,True,30.0,1292,320,240,43.067,0.718,True,train
Explosion015_x264,Explosion015_x264.mp4,data\raw\ucf-crime\Anomaly-Videos-Part_2\Anomaly-Videos-Part-2\Explosion\Explosion015_x264.mp4,ucf-crime\Anomaly-Videos-Part_2\Anomaly-Videos-Part-2\Explosion\Explosion015_x264.mp4,Explosion,Explosion,1,.mp4,6.726,True,30.0,880,320,240,29.333,0.489,True,train
Explosion015_x264A,Explosion015_x264A.mp4,data\raw\ucf-crime\Explosion\Explosion\Explosion015_x264A.mp4,ucf-crime\Explosion\Explosion\Explosion015_x264A.mp4,Explosion,Explosion,1,.mp4,6.683,True,30.0,880,320,240,29.333,0.489,True,train
Explosion016_x264A,Explosion016_x264A.mp4,data\raw\ucf-crime\Explosion\Explosion\Explosion016_x264A.mp4,ucf-crime\Explosion\Explosion\Explosion016_x264A.mp4,Explosion,Explosion,1,.mp4,2.76,True,30.0,963,320,240,32.1,0.535,True,train
Explosion017_x264,Explosion017_x264.mp4,data\raw\ucf-crime\Anomaly-Videos-Part_2\Anomaly-Videos-Part-2\Explosion\Explosion017_x264.mp4,ucf-crime\Anomaly-Videos-Part_2\Anomaly-Videos-Part-2\Explosion\Explosion017_x264.mp4,Explosion,Explosion,1,.mp4,12.308,True,30.0,1643,320,240,54.767,0.913,True,train
Explosion017_x264A,Explosion017_x264A.mp4,data\raw\ucf-crime\Explosion\Explosion\Explosion017_x264A.mp4,ucf-crime\Explosion\Explosion\Explosion017_x264A.mp4,Explosion,Explosion,1,.mp4,9.919,True,30.0,1643,320,240,54.767,0.913,True,train
Explosion018_x264,Explosion018_x264.mp4,data\raw\ucf-crime\Anomaly-Videos-Part_2\Anomaly-Videos-Part-2\Explosion\Explosion018_x264.mp4,ucf-crime\Anomaly-Videos-Part_2\Anomaly-Videos-Part-2\Explosion\Explosion018_x264.mp4,Explosion,Explosion,1,.mp4,11.869,True,30.0,1532,320,240,51.067,0.851,True,train
Explosion018_x264A,Explosion018_x264A.mp4,data\raw\ucf-crime\Explosion\Explosion\Explosion018_x264A.mp4,ucf-crime\Explosion\Explosion\Explosion018_x264A.mp4,Explosion,Explosion,1,.mp4,9.242,True,30.0,1532,320,240,51.067,0.851,True,train
Explosion020_x264,Explosion020_x264.mp4,data\raw\ucf-crime\Anomaly-Videos-Part_2\Anomaly-Videos-Part-2\Explosion\Explosion020_x264.mp4,ucf-crime\Anomaly-Videos-Part_2\Anomaly-Videos-Part-2\Explosion\Explosion020_x264.mp4,Explosion,Explosion,1,.mp4,9.83,True,30.0,1291,320,240,43.033,0.717,True,train
Explosion020_x264A,Explosion020_x264A.mp4,data\raw\ucf-crime\Explosion\Explosion\Explosion020_x264A.mp4,ucf-crime\Explosion\Explosion\Explosion020_x264A.mp4,Explosion,Explosion,1,.mp4,11.657,True,30.0,1291,320,240,43.033,0.717,True,train
Explosion021_x264,Explosion021_x264.mp4,data\raw\ucf-crime\Anomaly-Videos-Part_2\Anomaly-Videos-Part-2\Explosion\Explosion021_x264.mp4,ucf-crime\Anomaly-Videos-Part_2\Anomaly-Videos-Part-2\Explosion\Explosion021_x264.mp4,Explosion,Explosion,1,.mp4,6.726,True,30.0,782,320,240,26.067,0.434,True,train
Explosion022_x264,Explosion022_x264.mp4,data\raw\ucf-crime\Anomaly-Videos-Part_2\Anomaly-Videos-Part-2\Explosion\Explosion022_x264.mp4,ucf-crime\Anomaly-Videos-Part_2\Anomaly-Videos-Part-2\Explosion\Explosion022_x264.mp4,Explosion,Explosion,1,.mp4,12.45,True,30.0,3594,320,240,119.8,1.997,True,train
Explosion022_x264A,Explosion022_x264A.mp4,data\raw\ucf-crime\Explosion\Explosion\Explosion022_x264A.mp4,ucf-crime\Explosion\Explosion\Explosion022_x264A.mp4,Explosion,Explosion,1,.mp4,9.113,True,30.0,3594,320,240,119.8,1.997,True,train
Explosion023_x264A,Explosion023_x264A.mp4,data\raw\ucf-crime\Explosion\Explosion\Explosion023_x264A.mp4,ucf-crime\Explosion\Explosion\Explosion023_x264A.mp4,Explosion,Explosion,1,.mp4,8.208,True,30.0,2335,320,240,77.833,1.297,True,train
Explosion024_x264,Explosion024_x264.mp4,data\raw\ucf-crime\Anomaly-Videos-Part_2\Anomaly-Videos-Part-2\Explosion\Explosion024_x264.mp4,ucf-crime\Anomaly-Videos-Part_2\Anomaly-Videos-Part-2\Explosion\Explosion024_x264.mp4,Explosion,Explosion,1,.mp4,6.201,True,30.0,1259,320,240,41.967,0.699,True,train
Explosion025_x264A,Explosion025_x264A.mp4,data\raw\ucf-crime\Explosion\Explosion\Explosion025_x264A.mp4,ucf-crime\Explosion\Explosion\Explosion025_x264A.mp4,Explosion,Explosion,1,.mp4,3.311,True,30.0,505,320,240,16.833,0.281,True,train
Explosion026_x264,Explosion026_x264.mp4,data\raw\ucf-crime\Anomaly-Videos-Part_2\Anomaly-Videos-Part-2\Explosion\Explosion026_x264.mp4,ucf-crime\Anomaly-Videos-Part_2\Anomaly-Videos-Part-2\Explosion\Explosion026_x264.mp4,Explosion,Explosion,1,.mp4,17.901,True,30.0,2587,320,240,86.233,1.437,True,train
Explosion027_x264,Explosion027_x264.mp4,data\raw\ucf-crime\Anomaly-Videos-Part_2\Anomaly-Videos-Part-2\Explosion\Explosion027_x264.mp4,ucf-crime\Anomaly-Videos-Part_2\Anomaly-Videos-Part-2\Explosion\Explosion027_x264.mp4,Explosion,Explosion,1,.mp4,6.456,True,30.0,776,320,240,25.867,0.431,True,train
Explosion027_x264A,Explosion027_x264A.mp4,data\raw\ucf-crime\Explosion\Explosion\Explosion027_x264A.mp4,ucf-crime\Explosion\Explosion\Explosion027_x264A.mp4,Explosion,Explosion,1,.mp4,5.962,True,30.0,776,320,240,25.867,0.431,True,train
Explosion029_x264,Explosion029_x264.mp4,data\raw\ucf-crime\Anomaly-Videos-Part_2\Anomaly-Videos-Part-2\Explosion\Explosion029_x264.mp4,ucf-crime\Anomaly-Videos-Part_2\Anomaly-Videos-Part-2\Explosion\Explosion029_x264.mp4,Explosion,Explosion,1,.mp4,6.549,True,30.0,2410,320,240,80.333,1.339,True,train
Explosion029_x264A,Explosion029_x264A.mp4,data\raw\ucf-crime\Explosion\Explosion\Explosion029_x264A.mp4,ucf-crime\Explosion\Explosion\Explosion029_x264A.mp4,Explosion,Explosion,1,.mp4,4.559,True,30.0,2410,320,240,80.333,1.339,True,train
Explosion030_x264,Explosion030_x264.mp4,data\raw\ucf-crime\Anomaly-Videos-Part_2\Anomaly-Videos-Part-2\Explosion\Explosion030_x264.mp4,ucf-crime\Anomaly-Videos-Part_2\Anomaly-Videos-Part-2\Explosion\Explosion030_x264.mp4,Explosion,Explosion,1,.mp4,27.19,True,30.0,3244,320,240,108.133,1.802,True,train
Explosion030_x264A,Explosion030_x264A.mp4,data\raw\ucf-crime\Explosion\Explosion\Explosion030_x264A.mp4,ucf-crime\Explosion\Explosion\Explosion030_x264A.mp4,Explosion,Explosion,1,.mp4,68.773,True,30.0,3244,320,240,108.133,1.802,True,train
Explosion032_x264,Explosion032_x264.mp4,data\raw\ucf-crime\Anomaly-Videos-Part_2\Anomaly-Videos-Part-2\Explosion\Explosion032_x264.mp4,ucf-crime\Anomaly-Videos-Part_2\Anomaly-Videos-Part-2\Explosion\Explosion032_x264.mp4,Explosion,Explosion,1,.mp4,15.631,True,30.0,2118,320,240,70.6,1.177,True,train
Explosion032_x264A,Explosion032_x264A.mp4,data\raw\ucf-crime\Explosion\Explosion\Explosion032_x264A.mp4,ucf-crime\Explosion\Explosion\Explosion032_x264A.mp4,Explosion,Explosion,1,.mp4,12.976,True,30.0,2118,320,240,70.6,1.177,True,train
Explosion033_x264,Explosion033_x264.mp4,data\raw\ucf-crime\Anomaly-Videos-Part_2\Anomaly-Videos-Part-2\Explosion\Explosion033_x264.mp4,ucf-crime\Anomaly-Videos-Part_2\Anomaly-Videos-Part-2\Explosion\Explosion033_x264.mp4,Explosion,Explosion,1,.mp4,25.224,True,30.0,3154,320,240,105.133,1.752,True,train
Explosion033_x264A,Explosion033_x264A.mp4,data\raw\ucf-crime\Explosion\Explosion\Explosion033_x264A.mp4,ucf-crime\Explosion\Explosion\Explosion033_x264A.mp4,Explosion,Explosion,1,.mp4,19.94,True,30.0,3154,320,240,105.133,1.752,True,train
Explosion034_x264,Explosion034_x264.mp4,data\raw\ucf-crime\Anomaly-Videos-Part_2\Anomaly-Videos-Part-2\Explosion\Explosion034_x264.mp4,ucf-crime\Anomaly-Videos-Part_2\Anomaly-Videos-Part-2\Explosion\Explosion034_x264.mp4,Explosion,Explosion,1,.mp4,1.007,True,30.0,414,320,240,13.8,0.23,True,train
Explosion035_x264,Explosion035_x264.mp4,data\raw\ucf-crime\Anomaly-Videos-Part_2\Anomaly-Videos-Part-2\Explosion\Explosion035_x264.mp4,ucf-crime\Anomaly-Videos-Part_2\Anomaly-Videos-Part-2\Explosion\Explosion035_x264.mp4,Explosion,Explosion,1,.mp4,16.314,True,30.0,2865,320,240,95.5,1.592,True,train
Explosion036_x264,Explosion036_x264.mp4,data\raw\ucf-crime\Anomaly-Videos-Part_2\Anomaly-Videos-Part-2\Explosion\Explosion036_x264.mp4,ucf-crime\Anomaly-Videos-Part_2\Anomaly-Videos-Part-2\Explosion\Explosion036_x264.mp4,Explosion,Explosion,1,.mp4,40.449,True,30.0,5327,320,240,177.567,2.959,True,train
Explosion037_x264,Explosion037_x264.mp4,data\raw\ucf-crime\Anomaly-Videos-Part_2\Anomaly-Videos-Part-2\Explosion\Explosion037_x264.mp4,ucf-crime\Anomaly-Videos-Part_2\Anomaly-Videos-Part-2\Explosion\Explosion037_x264.mp4,Explosion,Explosion,1,.mp4,7.315,True,30.0,962,320,240,32.067,0.534,True,train
Explosion038_x264,Explosion038_x264.mp4,data\raw\ucf-crime\Anomaly-Videos-Part_2\Anomaly-Videos-Part-2\Explosion\Explosion038_x264.mp4,ucf-crime\Anomaly-Videos-Part_2\Anomaly-Videos-Part-2\Explosion\Explosion038_x264.mp4,Explosion,Explosion,1,.mp4,22.84,True,30.0,2703,320,240,90.1,1.502,True,train
Explosion038_x264A,Explosion038_x264A.mp4,data\raw\ucf-crime\Explosion\Explosion\Explosion038_x264A.mp4,ucf-crime\Explosion\Explosion\Explosion038_x264A.mp4,Explosion,Explosion,1,.mp4,19.903,True,30.0,2703,320,240,90.1,1.502,True,train
Explosion039_x264,Explosion039_x264.mp4,data\raw\ucf-crime\Anomaly-Videos-Part_2\Anomaly-Videos-Part-2\Explosion\Explosion039_x264.mp4,ucf-crime\Anomaly-Videos-Part_2\Anomaly-Videos-Part-2\Explosion\Explosion039_x264.mp4,Explosion,Explosion,1,.mp4,8.006,True,30.0,998,320,240,33.267,0.554,True,train
Explosion039_x264A,Explosion039_x264A.mp4,data\raw\ucf-crime\Explosion\Explosion\Explosion039_x264A.mp4,ucf-crime\Explosion\Explosion\Explosion039_x264A.mp4,Explosion,Explosion,1,.mp4,10.948,True,30.0,998,320,240,33.267,0.554,True,train
Explosion041_x264,Explosion041_x264.mp4,data\raw\ucf-crime\Anomaly-Videos-Part_2\Anomaly-Videos-Part-2\Explosion\Explosion041_x264.mp4,ucf-crime\Anomaly-Videos-Part_2\Anomaly-Videos-Part-2\Explosion\Explosion041_x264.mp4,Explosion,Explosion,1,.mp4,21.67,True,30.0,2755,320,240,91.833,1.531,True,train
Explosion041_x264A,Explosion041_x264A.mp4,data\raw\ucf-crime\Explosion\Explosion\Explosion041_x264A.mp4,ucf-crime\Explosion\Explosion\Explosion041_x264A.mp4,Explosion,Explosion,1,.mp4,18.03,True,30.0,2755,320,240,91.833,1.531,True,train
Explosion042_x264,Explosion042_x264.mp4,data\raw\ucf-crime\Anomaly-Videos-Part_2\Anomaly-Videos-Part-2\Explosion\Explosion042_x264.mp4,ucf-crime\Anomaly-Videos-Part_2\Anomaly-Videos-Part-2\Explosion\Explosion042_x264.mp4,Explosion,Explosion,1,.mp4,22.722,True,30.0,2765,320,240,92.167,1.536,True,train
Explosion042_x264A,Explosion042_x264A.mp4,data\raw\ucf-crime\Explosion\Explosion\Explosion042_x264A.mp4,ucf-crime\Explosion\Explosion\Explosion042_x264A.mp4,Explosion,Explosion,1,.mp4,20.658,True,30.0,2765,320,240,92.167,1.536,True,train
Explosion043_x264A,Explosion043_x264A.mp4,data\raw\ucf-crime\Explosion\Explosion\Explosion043_x264A.mp4,ucf-crime\Explosion\Explosion\Explosion043_x264A.mp4,Explosion,Explosion,1,.mp4,33.438,True,30.0,7646,320,240,254.867,4.248,True,train
Explosion044_x264,Explosion044_x264.mp4,data\raw\ucf-crime\Anomaly-Videos-Part_2\Anomaly-Videos-Part-2\Explosion\Explosion044_x264.mp4,ucf-crime\Anomaly-Videos-Part_2\Anomaly-Videos-Part-2\Explosion\Explosion044_x264.mp4,Explosion,Explosion,1,.mp4,4.181,True,30.0,720,320,240,24.0,0.4,True,train
Explosion045_x264,Explosion045_x264.mp4,data\raw\ucf-crime\Anomaly-Videos-Part_2\Anomaly-Videos-Part-2\Explosion\Explosion045_x264.mp4,ucf-crime\Anomaly-Videos-Part_2\Anomaly-Videos-Part-2\Explosion\Explosion045_x264.mp4,Explosion,Explosion,1,.mp4,6.419,True,30.0,757,320,240,25.233,0.421,True,train
Explosion045_x264A,Explosion045_x264A.mp4,data\raw\ucf-crime\Explosion\Explosion\Explosion045_x264A.mp4,ucf-crime\Explosion\Explosion\Explosion045_x264A.mp4,Explosion,Explosion,1,.mp4,10.592,True,30.0,757,320,240,25.233,0.421,True,train
Explosion046_x264,Explosion046_x264.mp4,data\raw\ucf-crime\Anomaly-Videos-Part_2\Anomaly-Videos-Part-2\Explosion\Explosion046_x264.mp4,ucf-crime\Anomaly-Videos-Part_2\Anomaly-Videos-Part-2\Explosion\Explosion046_x264.mp4,Explosion,Explosion,1,.mp4,1135.53,True,30.0,141900,320,240,4730.0,78.833,True,train
Explosion047_x264,Explosion047_x264.mp4,data\raw\ucf-crime\Anomaly-Videos-Part_2\Anomaly-Videos-Part-2\Explosion\Explosion047_x264.mp4,ucf-crime\Anomaly-Videos-Part_2\Anomaly-Videos-Part-2\Explosion\Explosion047_x264.mp4,Explosion,Explosion,1,.mp4,6.237,True,30.0,1387,320,240,46.233,0.771,True,train
Explosion048_x264,Explosion048_x264.mp4,data\raw\ucf-crime\Anomaly-Videos-Part_2\Anomaly-Videos-Part-2\Explosion\Explosion048_x264.mp4,ucf-crime\Anomaly-Videos-Part_2\Anomaly-Videos-Part-2\Explosion\Explosion048_x264.mp4,Explosion,Explosion,1,.mp4,3.226,True,30.0,459,320,240,15.3,0.255,True,train
Explosion048_x264A,Explosion048_x264A.mp4,data\raw\ucf-crime\Explosion\Explosion\Explosion048_x264A.mp4,ucf-crime\Explosion\Explosion\Explosion048_x264A.mp4,Explosion,Explosion,1,.mp4,3.469,True,30.0,459,320,240,15.3,0.255,True,train
Explosion050_x264,Explosion050_x264.mp4,data\raw\ucf-crime\Anomaly-Videos-Part_2\Anomaly-Videos-Part-2\Explosion\Explosion050_x264.mp4,ucf-crime\Anomaly-Videos-Part_2\Anomaly-Videos-Part-2\Explosion\Explosion050_x264.mp4,Explosion,Explosion,1,.mp4,1.833,True,30.0,276,320,240,9.2,0.153,True,train
Explosion050_x264A,Explosion050_x264A.mp4,data\raw\ucf-crime\Explosion\Explosion\Explosion050_x264A.mp4,ucf-crime\Explosion\Explosion\Explosion050_x264A.mp4,Explosion,Explosion,1,.mp4,2.249,True,30.0,276,320,240,9.2,0.153,True,train
Explosion052_x264,Explosion052_x264.mp4,data\raw\ucf-crime\Anomaly-Videos-Part_2\Anomaly-Videos-Part-2\Explosion\Explosion052_x264.mp4,ucf-crime\Anomaly-Videos-Part_2\Anomaly-Videos-Part-2\Explosion\Explosion052_x264.mp4,Explosion,Explosion,1,.mp4,31.656,True,30.0,3653,320,240,121.767,2.029,True,train
Explosion052_x264A,Explosion052_x264A.mp4,data\raw\ucf-crime\Explosion\Explosion\Explosion052_x264A.mp4,ucf-crime\Explosion\Explosion\Explosion052_x264A.mp4,Explosion,Explosion,1,.mp4,28.251,True,30.0,3653,320,240,121.767,2.029,True,train
Fighting002_x264A,Fighting002_x264A.mp4,data\raw\ucf-crime\FightingA_Part11\Fighting002_x264A.mp4,ucf-crime\FightingA_Part11\Fighting002_x264A.mp4,FightingA_Part11,Fighting,1,.mp4,12.567,True,30.0,2688,320,240,89.6,1.493,True,train
Fighting003_x264,Fighting003_x264.mp4,data\raw\ucf-crime\Anomaly-Videos-Part_2\Anomaly-Videos-Part-2\Fighting\Fighting003_x264.mp4,ucf-crime\Anomaly-Videos-Part_2\Anomaly-Videos-Part-2\Fighting\Fighting003_x264.mp4,Fighting,Fighting,1,.mp4,26.776,True,30.0,3102,320,240,103.4,1.723,True,train
Fighting003_x264A,Fighting003_x264A.mp4,data\raw\ucf-crime\FightingA_Part11\Fighting003_x264A.mp4,ucf-crime\FightingA_Part11\Fighting003_x264A.mp4,FightingA_Part11,Fighting,1,.mp4,24.952,True,30.0,3102,320,240,103.4,1.723,True,train
Fighting004_x264A,Fighting004_x264A.mp4,data\raw\ucf-crime\FightingA_Part11\Fighting004_x264A.mp4,ucf-crime\FightingA_Part11\Fighting004_x264A.mp4,FightingA_Part11,Fighting,1,.mp4,93.572,True,30.0,16777,320,240,559.233,9.321,True,train
Fighting005_x264,Fighting005_x264.mp4,data\raw\ucf-crime\Anomaly-Videos-Part_2\Anomaly-Videos-Part-2\Fighting\Fighting005_x264.mp4,ucf-crime\Anomaly-Videos-Part_2\Anomaly-Videos-Part-2\Fighting\Fighting005_x264.mp4,Fighting,Fighting,1,.mp4,8.139,True,30.0,1784,320,240,59.467,0.991,True,train
Fighting005_x264A,Fighting005_x264A.mp4,data\raw\ucf-crime\FightingA_Part11\Fighting005_x264A.mp4,ucf-crime\FightingA_Part11\Fighting005_x264A.mp4,FightingA_Part11,Fighting,1,.mp4,7.174,True,30.0,1784,320,240,59.467,0.991,True,train
Fighting006_x264,Fighting006_x264.mp4,data\raw\ucf-crime\Anomaly-Videos-Part_2\Anomaly-Videos-Part-2\Fighting\Fighting006_x264.mp4,ucf-crime\Anomaly-Videos-Part_2\Anomaly-Videos-Part-2\Fighting\Fighting006_x264.mp4,Fighting,Fighting,1,.mp4,8.723,True,30.0,944,320,240,31.467,0.524,True,train
Fighting007_x264,Fighting007_x264.mp4,data\raw\ucf-crime\Anomaly-Videos-Part_2\Anomaly-Videos-Part-2\Fighting\Fighting007_x264.mp4,ucf-crime\Anomaly-Videos-Part_2\Anomaly-Videos-Part-2\Fighting\Fighting007_x264.mp4,Fighting,Fighting,1,.mp4,29.892,True,30.0,3794,320,240,126.467,2.108,True,train
Fighting007_x264A,Fighting007_x264A.mp4,data\raw\ucf-crime\FightingA_Part11\Fighting007_x264A.mp4,ucf-crime\FightingA_Part11\Fighting007_x264A.mp4,FightingA_Part11,Fighting,1,.mp4,86.446,True,30.0,3794,320,240,126.467,2.108,True,train
Fighting008_x264,Fighting008_x264.mp4,data\raw\ucf-crime\Anomaly-Videos-Part_2\Anomaly-Videos-Part-2\Fighting\Fighting008_x264.mp4,ucf-crime\Anomaly-Videos-Part_2\Anomaly-Videos-Part-2\Fighting\Fighting008_x264.mp4,Fighting,Fighting,1,.mp4,105.707,True,30.0,13134,320,240,437.8,7.297,True,train
Fighting010_x264,Fighting010_x264.mp4,data\raw\ucf-crime\Anomaly-Videos-Part_2\Anomaly-Videos-Part-2\Fighting\Fighting010_x264.mp4,ucf-crime\Anomaly-Videos-Part_2\Anomaly-Videos-Part-2\Fighting\Fighting010_x264.mp4,Fighting,Fighting,1,.mp4,43.494,True,30.0,5865,320,240,195.5,3.258,True,train
Fighting011_x264,Fighting011_x264.mp4,data\raw\ucf-crime\Anomaly-Videos-Part_2\Anomaly-Videos-Part-2\Fighting\Fighting011_x264.mp4,ucf-crime\Anomaly-Videos-Part_2\Anomaly-Videos-Part-2\Fighting\Fighting011_x264.mp4,Fighting,Fighting,1,.mp4,65.824,True,30.0,8240,320,240,274.667,4.578,True,train
Fighting011_x264A,Fighting011_x264A.mp4,data\raw\ucf-crime\FightingA_Part11\Fighting011_x264A.mp4,ucf-crime\FightingA_Part11\Fighting011_x264A.mp4,FightingA_Part11,Fighting,1,.mp4,61.366,True,30.0,8240,320,240,274.667,4.578,True,train
Fighting012_x264,Fighting012_x264.mp4,data\raw\ucf-crime\Anomaly-Videos-Part_2\Anomaly-Videos-Part-2\Fighting\Fighting012_x264.mp4,ucf-crime\Anomaly-Videos-Part_2\Anomaly-Videos-Part-2\Fighting\Fighting012_x264.mp4,Fighting,Fighting,1,.mp4,9.067,True,30.0,1169,320,240,38.967,0.649,True,train
Fighting012_x264A,Fighting012_x264A.mp4,data\raw\ucf-crime\FightingA_Part11\Fighting012_x264A.mp4,ucf-crime\FightingA_Part11\Fighting012_x264A.mp4,FightingA_Part11,Fighting,1,.mp4,14.794,True,30.0,1169,320,240,38.967,0.649,True,train
Fighting013_x264A,Fighting013_x264A.mp4,data\raw\ucf-crime\FightingA_Part1\Fighting013_x264A.mp4,ucf-crime\FightingA_Part1\Fighting013_x264A.mp4,FightingA_Part1,Fighting,1,.mp4,17.61,True,30.0,1434,320,240,47.8,0.797,True,train
Fighting014_x264,Fighting014_x264.mp4,data\raw\ucf-crime\Anomaly-Videos-Part_2\Anomaly-Videos-Part-2\Fighting\Fighting014_x264.mp4,ucf-crime\Anomaly-Videos-Part_2\Anomaly-Videos-Part-2\Fighting\Fighting014_x264.mp4,Fighting,Fighting,1,.mp4,36.899,True,30.0,4704,320,240,156.8,2.613,True,train
Fighting014_x264A,Fighting014_x264A.mp4,data\raw\ucf-crime\FightingA_Part1\Fighting014_x264A.mp4,ucf-crime\FightingA_Part1\Fighting014_x264A.mp4,FightingA_Part1,Fighting,1,.mp4,37.665,True,30.0,4704,320,240,156.8,2.613,True,train
Fighting015_x264A,Fighting015_x264A.mp4,data\raw\ucf-crime\FightingA_Part1\Fighting015_x264A.mp4,ucf-crime\FightingA_Part1\Fighting015_x264A.mp4,FightingA_Part1,Fighting,1,.mp4,157.964,True,30.0,9925,320,240,330.833,5.514,True,train
Fighting017_x264A,Fighting017_x264A.mp4,data\raw\ucf-crime\FightingA_Part1\Fighting017_x264A.mp4,ucf-crime\FightingA_Part1\Fighting017_x264A.mp4,FightingA_Part1,Fighting,1,.mp4,15.99,True,30.0,2078,320,240,69.267,1.154,True,train
Fighting018_x264,Fighting018_x264.mp4,data\raw\ucf-crime\Anomaly-Videos-Part_2\Anomaly-Videos-Part-2\Fighting\Fighting018_x264.mp4,ucf-crime\Anomaly-Videos-Part_2\Anomaly-Videos-Part-2\Fighting\Fighting018_x264.mp4,Fighting,Fighting,1,.mp4,5.263,True,30.0,1389,320,240,46.3,0.772,True,train
Fighting018_x264A,Fighting018_x264A.mp4,data\raw\ucf-crime\FightingA_Part1\Fighting018_x264A.mp4,ucf-crime\FightingA_Part1\Fighting018_x264A.mp4,FightingA_Part1,Fighting,1,.mp4,4.201,True,30.0,1389,320,240,46.3,0.772,True,train
Fighting020_x264,Fighting020_x264.mp4,data\raw\ucf-crime\Anomaly-Videos-Part_2\Anomaly-Videos-Part-2\Fighting\Fighting020_x264.mp4,ucf-crime\Anomaly-Videos-Part_2\Anomaly-Videos-Part-2\Fighting\Fighting020_x264.mp4,Fighting,Fighting,1,.mp4,17.561,True,30.0,2207,320,240,73.567,1.226,True,train
Fighting021_x264,Fighting021_x264.mp4,data\raw\ucf-crime\Anomaly-Videos-Part_2\Anomaly-Videos-Part-2\Fighting\Fighting021_x264.mp4,ucf-crime\Anomaly-Videos-Part_2\Anomaly-Videos-Part-2\Fighting\Fighting021_x264.mp4,Fighting,Fighting,1,.mp4,28.972,True,30.0,3567,320,240,118.9,1.982,True,train
Fighting021_x264A,Fighting021_x264A.mp4,data\raw\ucf-crime\FightingA_Part1\Fighting021_x264A.mp4,ucf-crime\FightingA_Part1\Fighting021_x264A.mp4,FightingA_Part1,Fighting,1,.mp4,22.831,True,30.0,3567,320,240,118.9,1.982,True,train
Fighting022_x264,Fighting022_x264.mp4,data\raw\ucf-crime\Anomaly-Videos-Part_2\Anomaly-Videos-Part-2\Fighting\Fighting022_x264.mp4,ucf-crime\Anomaly-Videos-Part_2\Anomaly-Videos-Part-2\Fighting\Fighting022_x264.mp4,Fighting,Fighting,1,.mp4,34.382,True,30.0,4353,320,240,145.1,2.418,True,train
Fighting023_x264,Fighting023_x264.mp4,data\raw\ucf-crime\Anomaly-Videos-Part_2\Anomaly-Videos-Part-2\Fighting\Fighting023_x264.mp4,ucf-crime\Anomaly-Videos-Part_2\Anomaly-Videos-Part-2\Fighting\Fighting023_x264.mp4,Fighting,Fighting,1,.mp4,3.286,True,30.0,1025,320,240,34.167,0.569,True,train
Fighting023_x264A,Fighting023_x264A.mp4,data\raw\ucf-crime\FightingA_Part1\Fighting023_x264A.mp4,ucf-crime\FightingA_Part1\Fighting023_x264A.mp4,FightingA_Part1,Fighting,1,.mp4,2.27,True,30.0,1025,320,240,34.167,0.569,True,train
Fighting024_x264,Fighting024_x264.mp4,data\raw\ucf-crime\Anomaly-Videos-Part_2\Anomaly-Videos-Part-2\Fighting\Fighting024_x264.mp4,ucf-crime\Anomaly-Videos-Part_2\Anomaly-Videos-Part-2\Fighting\Fighting024_x264.mp4,Fighting,Fighting,1,.mp4,52.349,True,30.0,6543,320,240,218.1,3.635,True,train
Fighting024_x264A,Fighting024_x264A.mp4,data\raw\ucf-crime\FightingA_Part1\Fighting024_x264A.mp4,ucf-crime\FightingA_Part1\Fighting024_x264A.mp4,FightingA_Part1,Fighting,1,.mp4,81.572,True,30.0,6543,320,240,218.1,3.635,True,train
Fighting025_x264A,Fighting025_x264A.mp4,data\raw\ucf-crime\FightingA_Part1\Fighting025_x264A.mp4,ucf-crime\FightingA_Part1\Fighting025_x264A.mp4,FightingA_Part1,Fighting,1,.mp4,31.884,True,30.0,4781,320,240,159.367,2.656,True,train
Fighting026_x264,Fighting026_x264.mp4,data\raw\ucf-crime\Anomaly-Videos-Part_2\Anomaly-Videos-Part-2\Fighting\Fighting026_x264.mp4,ucf-crime\Anomaly-Videos-Part_2\Anomaly-Videos-Part-2\Fighting\Fighting026_x264.mp4,Fighting,Fighting,1,.mp4,15.379,True,30.0,3501,320,240,116.7,1.945,True,train
Fighting027_x264,Fighting027_x264.mp4,data\raw\ucf-crime\Anomaly-Videos-Part_2\Anomaly-Videos-Part-2\Fighting\Fighting027_x264.mp4,ucf-crime\Anomaly-Videos-Part_2\Anomaly-Videos-Part-2\Fighting\Fighting027_x264.mp4,Fighting,Fighting,1,.mp4,31.914,True,30.0,3851,320,240,128.367,2.139,True,train
Fighting027_x264A,Fighting027_x264A.mp4,data\raw\ucf-crime\FightingA_Part1\Fighting027_x264A.mp4,ucf-crime\FightingA_Part1\Fighting027_x264A.mp4,FightingA_Part1,Fighting,1,.mp4,39.294,True,30.0,3851,320,240,128.367,2.139,True,train
Fighting028_x264,Fighting028_x264.mp4,data\raw\ucf-crime\Anomaly-Videos-Part_2\Anomaly-Videos-Part-2\Fighting\Fighting028_x264.mp4,ucf-crime\Anomaly-Videos-Part_2\Anomaly-Videos-Part-2\Fighting\Fighting028_x264.mp4,Fighting,Fighting,1,.mp4,21.453,True,30.0,2423,320,240,80.767,1.346,True,train
Fighting028_x264A,Fighting028_x264A.mp4,data\raw\ucf-crime\FightingA_Part1\Fighting028_x264A.mp4,ucf-crime\FightingA_Part1\Fighting028_x264A.mp4,FightingA_Part1,Fighting,1,.mp4,21.84,True,30.0,2423,320,240,80.767,1.346,True,train
Fighting029_x264A,Fighting029_x264A.mp4,data\raw\ucf-crime\FightingA_Part1\Fighting029_x264A.mp4,ucf-crime\FightingA_Part1\Fighting029_x264A.mp4,FightingA_Part1,Fighting,1,.mp4,12.541,True,30.0,4375,320,240,145.833,2.431,True,train
Fighting030_x264,Fighting030_x264.mp4,data\raw\ucf-crime\Anomaly-Videos-Part_2\Anomaly-Videos-Part-2\Fighting\Fighting030_x264.mp4,ucf-crime\Anomaly-Videos-Part_2\Anomaly-Videos-Part-2\Fighting\Fighting030_x264.mp4,Fighting,Fighting,1,.mp4,16.236,True,30.0,2241,320,240,74.7,1.245,True,train
Fighting031_x264,Fighting031_x264.mp4,data\raw\ucf-crime\Anomaly-Videos-Part_2\Anomaly-Videos-Part-2\Fighting\Fighting031_x264.mp4,ucf-crime\Anomaly-Videos-Part_2\Anomaly-Videos-Part-2\Fighting\Fighting031_x264.mp4,Fighting,Fighting,1,.mp4,74.318,True,30.0,9001,320,240,300.033,5.001,True,train
Fighting032_x264A,Fighting032_x264A.mp4,data\raw\ucf-crime\FightingA_Part2\Fighting032_x264A.mp4,ucf-crime\FightingA_Part2\Fighting032_x264A.mp4,FightingA_Part2,Fighting,1,.mp4,9.611,True,30.0,1343,320,240,44.767,0.746,True,train
Fighting033_x264,Fighting033_x264.mp4,data\raw\ucf-crime\Anomaly-Videos-Part_2\Anomaly-Videos-Part-2\Fighting\Fighting033_x264.mp4,ucf-crime\Anomaly-Videos-Part_2\Anomaly-Videos-Part-2\Fighting\Fighting033_x264.mp4,Fighting,Fighting,1,.mp4,7.704,True,30.0,1105,320,240,36.833,0.614,True,train
Fighting033_x264A,Fighting033_x264A.mp4,data\raw\ucf-crime\FightingA_Part2\Fighting033_x264A.mp4,ucf-crime\FightingA_Part2\Fighting033_x264A.mp4,FightingA_Part2,Fighting,1,.mp4,6.419,True,30.0,1105,320,240,36.833,0.614,True,train
Fighting034_x264,Fighting034_x264.mp4,data\raw\ucf-crime\Anomaly-Videos-Part_2\Anomaly-Videos-Part-2\Fighting\Fighting034_x264.mp4,ucf-crime\Anomaly-Videos-Part_2\Anomaly-Videos-Part-2\Fighting\Fighting034_x264.mp4,Fighting,Fighting,1,.mp4,43.957,True,30.0,6266,320,240,208.867,3.481,True,train
Fighting034_x264A,Fighting034_x264A.mp4,data\raw\ucf-crime\FightingA_Part2\Fighting034_x264A.mp4,ucf-crime\FightingA_Part2\Fighting034_x264A.mp4,FightingA_Part2,Fighting,1,.mp4,35.55,True,30.0,6266,320,240,208.867,3.481,True,train
Fighting035_x264,Fighting035_x264.mp4,data\raw\ucf-crime\Anomaly-Videos-Part_2\Anomaly-Videos-Part-2\Fighting\Fighting035_x264.mp4,ucf-crime\Anomaly-Videos-Part_2\Anomaly-Videos-Part-2\Fighting\Fighting035_x264.mp4,Fighting,Fighting,1,.mp4,6.479,True,30.0,961,320,240,32.033,0.534,True,train
Fighting035_x264A,Fighting035_x264A.mp4,data\raw\ucf-crime\FightingA_Part2\Fighting035_x264A.mp4,ucf-crime\FightingA_Part2\Fighting035_x264A.mp4,FightingA_Part2,Fighting,1,.mp4,5.239,True,30.0,961,320,240,32.033,0.534,True,train
Fighting036_x264,Fighting036_x264.mp4,data\raw\ucf-crime\Anomaly-Videos-Part_2\Anomaly-Videos-Part-2\Fighting\Fighting036_x264.mp4,ucf-crime\Anomaly-Videos-Part_2\Anomaly-Videos-Part-2\Fighting\Fighting036_x264.mp4,Fighting,Fighting,1,.mp4,30.134,True,30.0,3779,320,240,125.967,2.099,True,train
Fighting036_x264A,Fighting036_x264A.mp4,data\raw\ucf-crime\FightingA_Part2\Fighting036_x264A.mp4,ucf-crime\FightingA_Part2\Fighting036_x264A.mp4,FightingA_Part2,Fighting,1,.mp4,43.589,True,30.0,3779,320,240,125.967,2.099,True,train
Fighting037_x264A,Fighting037_x264A.mp4,data\raw\ucf-crime\FightingA_Part2\Fighting037_x264A.mp4,ucf-crime\FightingA_Part2\Fighting037_x264A.mp4,FightingA_Part2,Fighting,1,.mp4,23.692,True,30.0,4357,320,240,145.233,2.421,True,train
Fighting038_x264,Fighting038_x264.mp4,data\raw\ucf-crime\Anomaly-Videos-Part_2\Anomaly-Videos-Part-2\Fighting\Fighting038_x264.mp4,ucf-crime\Anomaly-Videos-Part_2\Anomaly-Videos-Part-2\Fighting\Fighting038_x264.mp4,Fighting,Fighting,1,.mp4,5.817,True,30.0,803,320,240,26.767,0.446,True,train
Fighting039_x264,Fighting039_x264.mp4,data\raw\ucf-crime\Anomaly-Videos-Part_2\Anomaly-Videos-Part-2\Fighting\Fighting039_x264.mp4,ucf-crime\Anomaly-Videos-Part_2\Anomaly-Videos-Part-2\Fighting\Fighting039_x264.mp4,Fighting,Fighting,1,.mp4,56.917,True,30.0,6822,320,240,227.4,3.79,True,train
Fighting039_x264A,Fighting039_x264A.mp4,data\raw\ucf-crime\FightingA_Part3\Fighting039_x264A.mp4,ucf-crime\FightingA_Part3\Fighting039_x264A.mp4,FightingA_Part3,Fighting,1,.mp4,133.94,True,30.0,6822,320,240,227.4,3.79,True,train
Fighting040_x264,Fighting040_x264.mp4,data\raw\ucf-crime\Anomaly-Videos-Part_2\Anomaly-Videos-Part-2\Fighting\Fighting040_x264.mp4,ucf-crime\Anomaly-Videos-Part_2\Anomaly-Videos-Part-2\Fighting\Fighting040_x264.mp4,Fighting,Fighting,1,.mp4,13.377,True,30.0,2329,320,240,77.633,1.294,True,train
Fighting040_x264A,Fighting040_x264A.mp4,data\raw\ucf-crime\FightingA_Part3\Fighting040_x264A.mp4,ucf-crime\FightingA_Part3\Fighting040_x264A.mp4,FightingA_Part3,Fighting,1,.mp4,11.356,True,30.0,2329,320,240,77.633,1.294,True,train
Fighting041_x264,Fighting041_x264.mp4,data\raw\ucf-crime\Anomaly-Videos-Part_2\Anomaly-Videos-Part-2\Fighting\Fighting041_x264.mp4,ucf-crime\Anomaly-Videos-Part_2\Anomaly-Videos-Part-2\Fighting\Fighting041_x264.mp4,Fighting,Fighting,1,.mp4,195.584,True,30.0,31642,320,240,1054.733,17.579,True,train
Fighting042_x264A,Fighting042_x264A.mp4,data\raw\ucf-crime\FightingA_Part3\Fighting042_x264A.mp4,ucf-crime\FightingA_Part3\Fighting042_x264A.mp4,FightingA_Part3,Fighting,1,.mp4,15.075,True,30.0,2237,320,240,74.567,1.243,True,train
Fighting043_x264,Fighting043_x264.mp4,data\raw\ucf-crime\Anomaly-Videos-Part_2\Anomaly-Videos-Part-2\Fighting\Fighting043_x264.mp4,ucf-crime\Anomaly-Videos-Part_2\Anomaly-Videos-Part-2\Fighting\Fighting043_x264.mp4,Fighting,Fighting,1,.mp4,25.833,True,30.0,3143,320,240,104.767,1.746,True,train
Fighting043_x264A,Fighting043_x264A.mp4,data\raw\ucf-crime\FightingA_Part3\Fighting043_x264A.mp4,ucf-crime\FightingA_Part3\Fighting043_x264A.mp4,FightingA_Part3,Fighting,1,.mp4,21.387,True,30.0,3143,320,240,104.767,1.746,True,train
Fighting044_x264,Fighting044_x264.mp4,data\raw\ucf-crime\Anomaly-Videos-Part_2\Anomaly-Videos-Part-2\Fighting\Fighting044_x264.mp4,ucf-crime\Anomaly-Videos-Part_2\Anomaly-Videos-Part-2\Fighting\Fighting044_x264.mp4,Fighting,Fighting,1,.mp4,51.336,True,30.0,6286,320,240,209.533,3.492,True,train
Fighting044_x264A,Fighting044_x264A.mp4,data\raw\ucf-crime\FightingA_Part3\Fighting044_x264A.mp4,ucf-crime\FightingA_Part3\Fighting044_x264A.mp4,FightingA_Part3,Fighting,1,.mp4,43.928,True,30.0,6286,320,240,209.533,3.492,True,train
Fighting045_x264,Fighting045_x264.mp4,data\raw\ucf-crime\Anomaly-Videos-Part_2\Anomaly-Videos-Part-2\Fighting\Fighting045_x264.mp4,ucf-crime\Anomaly-Videos-Part_2\Anomaly-Videos-Part-2\Fighting\Fighting045_x264.mp4,Fighting,Fighting,1,.mp4,48.69,True,30.0,5915,320,240,197.167,3.286,True,train
Fighting045_x264A,Fighting045_x264A.mp4,data\raw\ucf-crime\FightingA_Part3\Fighting045_x264A.mp4,ucf-crime\FightingA_Part3\Fighting045_x264A.mp4,FightingA_Part3,Fighting,1,.mp4,73.133,True,30.0,5915,320,240,197.167,3.286,True,train
Fighting046_x264,Fighting046_x264.mp4,data\raw\ucf-crime\Anomaly-Videos-Part_2\Anomaly-Videos-Part-2\Fighting\Fighting046_x264.mp4,ucf-crime\Anomaly-Videos-Part_2\Anomaly-Videos-Part-2\Fighting\Fighting046_x264.mp4,Fighting,Fighting,1,.mp4,23.421,True,30.0,2995,320,240,99.833,1.664,True,train
Fighting046_x264A,Fighting046_x264A.mp4,data\raw\ucf-crime\FightingA_Part3\Fighting046_x264A.mp4,ucf-crime\FightingA_Part3\Fighting046_x264A.mp4,FightingA_Part3,Fighting,1,.mp4,39.226,True,30.0,2995,320,240,99.833,1.664,True,train
Fighting047_x264,Fighting047_x264.mp4,data\raw\ucf-crime\Anomaly-Videos-Part_2\Anomaly-Videos-Part-2\Fighting\Fighting047_x264.mp4,ucf-crime\Anomaly-Videos-Part_2\Anomaly-Videos-Part-2\Fighting\Fighting047_x264.mp4,Fighting,Fighting,1,.mp4,25.344,True,30.0,4459,320,240,148.633,2.477,True,train
Fighting047_x264A,Fighting047_x264A.mp4,data\raw\ucf-crime\FightingA_Part3\Fighting047_x264A.mp4,ucf-crime\FightingA_Part3\Fighting047_x264A.mp4,FightingA_Part3,Fighting,1,.mp4,18.333,True,30.0,4459,320,240,148.633,2.477,True,train
Fighting048_x264A,Fighting048_x264A.mp4,data\raw\ucf-crime\FightingA_Part3\Fighting048_x264A.mp4,ucf-crime\FightingA_Part3\Fighting048_x264A.mp4,FightingA_Part3,Fighting,1,.mp4,38.669,True,30.0,6888,320,240,229.6,3.827,True,train
Fighting049_x264,Fighting049_x264.mp4,data\raw\ucf-crime\Anomaly-Videos-Part_2\Anomaly-Videos-Part-2\Fighting\Fighting049_x264.mp4,ucf-crime\Anomaly-Videos-Part_2\Anomaly-Videos-Part-2\Fighting\Fighting049_x264.mp4,Fighting,Fighting,1,.mp4,8.316,True,30.0,1550,320,240,51.667,0.861,True,train
Fighting049_x264A,Fighting049_x264A.mp4,data\raw\ucf-crime\FightingA_Part3\Fighting049_x264A.mp4,ucf-crime\FightingA_Part3\Fighting049_x264A.mp4,FightingA_Part3,Fighting,1,.mp4,5.82,True,30.0,1550,320,240,51.667,0.861,True,train
Fighting050_x264A,Fighting050_x264A.mp4,data\raw\ucf-crime\FightingA_Part3\Fighting050_x264A.mp4,ucf-crime\FightingA_Part3\Fighting050_x264A.mp4,FightingA_Part3,Fighting,1,.mp4,188.651,True,30.0,26264,320,240,875.467,14.591,True,train
Normal_Videos_129_x264,Normal_Videos_129_x264.mp4,data\raw\ucf-crime\Normal_Videos_for_Event_Recognition\Normal_Videos_for_Event_Recognition\Normal_Videos_129_x264.mp4,ucf-crime\Normal_Videos_for_Event_Recognition\Normal_Videos_for_Event_Recognition\Normal_Videos_129_x264.mp4,Normal_Videos_for_Event_Recognition,Normal,0,.mp4,3.564,True,30.0,467,320,240,15.567,0.259,True,train
Normal_Videos_246_x264,Normal_Videos_246_x264.mp4,data\raw\ucf-crime\Normal_Videos_for_Event_Recognition\Normal_Videos_for_Event_Recognition\Normal_Videos_246_x264.mp4,ucf-crime\Normal_Videos_for_Event_Recognition\Normal_Videos_for_Event_Recognition\Normal_Videos_246_x264.mp4,Normal_Videos_for_Event_Recognition,Normal,0,.mp4,41.168,True,30.0,4993,320,240,166.433,2.774,True,train
Normal_Videos_247_x264,Normal_Videos_247_x264.mp4,data\raw\ucf-crime\Normal_Videos_for_Event_Recognition\Normal_Videos_for_Event_Recognition\Normal_Videos_247_x264.mp4,ucf-crime\Normal_Videos_for_Event_Recognition\Normal_Videos_for_Event_Recognition\Normal_Videos_247_x264.mp4,Normal_Videos_for_Event_Recognition,Normal,0,.mp4,68.734,True,30.0,8211,320,240,273.7,4.562,True,train
Normal_Videos_248_x264,Normal_Videos_248_x264.mp4,data\raw\ucf-crime\Normal_Videos_for_Event_Recognition\Normal_Videos_for_Event_Recognition\Normal_Videos_248_x264.mp4,ucf-crime\Normal_Videos_for_Event_Recognition\Normal_Videos_for_Event_Recognition\Normal_Videos_248_x264.mp4,Normal_Videos_for_Event_Recognition,Normal,0,.mp4,9.726,True,30.0,1140,320,240,38.0,0.633,True,train
Normal_Videos_251_x264,Normal_Videos_251_x264.mp4,data\raw\ucf-crime\Normal_Videos_for_Event_Recognition\Normal_Videos_for_Event_Recognition\Normal_Videos_251_x264.mp4,ucf-crime\Normal_Videos_for_Event_Recognition\Normal_Videos_for_Event_Recognition\Normal_Videos_251_x264.mp4,Normal_Videos_for_Event_Recognition,Normal,0,.mp4,2.617,True,30.0,405,320,240,13.5,0.225,True,train
Normal_Videos_289_x264,Normal_Videos_289_x264.mp4,data\raw\ucf-crime\Normal_Videos_for_Event_Recognition\Normal_Videos_for_Event_Recognition\Normal_Videos_289_x264.mp4,ucf-crime\Normal_Videos_for_Event_Recognition\Normal_Videos_for_Event_Recognition\Normal_Videos_289_x264.mp4,Normal_Videos_for_Event_Recognition,Normal,0,.mp4,6.848,True,30.0,863,320,240,28.767,0.479,True,train
Normal_Videos_317_x264,Normal_Videos_317_x264.mp4,data\raw\ucf-crime\Normal_Videos_for_Event_Recognition\Normal_Videos_for_Event_Recognition\Normal_Videos_317_x264.mp4,ucf-crime\Normal_Videos_for_Event_Recognition\Normal_Videos_for_Event_Recognition\Normal_Videos_317_x264.mp4,Normal_Videos_for_Event_Recognition,Normal,0,.mp4,7.798,True,30.0,929,320,240,30.967,0.516,True,train
Normal_Videos_360_x264,Normal_Videos_360_x264.mp4,data\raw\ucf-crime\Normal_Videos_for_Event_Recognition\Normal_Videos_for_Event_Recognition\Normal_Videos_360_x264.mp4,ucf-crime\Normal_Videos_for_Event_Recognition\Normal_Videos_for_Event_Recognition\Normal_Videos_360_x264.mp4,Normal_Videos_for_Event_Recognition,Normal,0,.mp4,7.694,True,30.0,984,320,240,32.8,0.547,True,train
Normal_Videos_401_x264,Normal_Videos_401_x264.mp4,data\raw\ucf-crime\Normal_Videos_for_Event_Recognition\Normal_Videos_for_Event_Recognition\Normal_Videos_401_x264.mp4,ucf-crime\Normal_Videos_for_Event_Recognition\Normal_Videos_for_Event_Recognition\Normal_Videos_401_x264.mp4,Normal_Videos_for_Event_Recognition,Normal,0,.mp4,9.336,True,30.0,1626,320,240,54.2,0.903,True,train
Normal_Videos_417_x264,Normal_Videos_417_x264.mp4,data\raw\ucf-crime\Normal_Videos_for_Event_Recognition\Normal_Videos_for_Event_Recognition\Normal_Videos_417_x264.mp4,ucf-crime\Normal_Videos_for_Event_Recognition\Normal_Videos_for_Event_Recognition\Normal_Videos_417_x264.mp4,Normal_Videos_for_Event_Recognition,Normal,0,.mp4,8.523,True,30.0,1077,320,240,35.9,0.598,True,train
Normal_Videos_439_x264,Normal_Videos_439_x264.mp4,data\raw\ucf-crime\Normal_Videos_for_Event_Recognition\Normal_Videos_for_Event_Recognition\Normal_Videos_439_x264.mp4,ucf-crime\Normal_Videos_for_Event_Recognition\Normal_Videos_for_Event_Recognition\Normal_Videos_439_x264.mp4,Normal_Videos_for_Event_Recognition,Normal,0,.mp4,34.692,True,30.0,4226,320,240,140.867,2.348,True,train
Normal_Videos_453_x264,Normal_Videos_453_x264.mp4,data\raw\ucf-crime\Normal_Videos_for_Event_Recognition\Normal_Videos_for_Event_Recognition\Normal_Videos_453_x264.mp4,ucf-crime\Normal_Videos_for_Event_Recognition\Normal_Videos_for_Event_Recognition\Normal_Videos_453_x264.mp4,Normal_Videos_for_Event_Recognition,Normal,0,.mp4,42.873,True,30.0,5322,320,240,177.4,2.957,True,train
Normal_Videos_576_x264,Normal_Videos_576_x264.mp4,data\raw\ucf-crime\Normal_Videos_for_Event_Recognition\Normal_Videos_for_Event_Recognition\Normal_Videos_576_x264.mp4,ucf-crime\Normal_Videos_for_Event_Recognition\Normal_Videos_for_Event_Recognition\Normal_Videos_576_x264.mp4,Normal_Videos_for_Event_Recognition,Normal,0,.mp4,87.254,True,30.0,11275,320,240,375.833,6.264,True,train
Normal_Videos_597_x264,Normal_Videos_597_x264.mp4,data\raw\ucf-crime\Normal_Videos_for_Event_Recognition\Normal_Videos_for_Event_Recognition\Normal_Videos_597_x264.mp4,ucf-crime\Normal_Videos_for_Event_Recognition\Normal_Videos_for_Event_Recognition\Normal_Videos_597_x264.mp4,Normal_Videos_for_Event_Recognition,Normal,0,.mp4,12.345,True,30.0,2229,320,240,74.3,1.238,True,train
Normal_Videos_603_x264,Normal_Videos_603_x264.mp4,data\raw\ucf-crime\Normal_Videos_for_Event_Recognition\Normal_Videos_for_Event_Recognition\Normal_Videos_603_x264.mp4,ucf-crime\Normal_Videos_for_Event_Recognition\Normal_Videos_for_Event_Recognition\Normal_Videos_603_x264.mp4,Normal_Videos_for_Event_Recognition,Normal,0,.mp4,26.587,True,30.0,3277,320,240,109.233,1.821,True,train
Normal_Videos_606_x264,Normal_Videos_606_x264.mp4,data\raw\ucf-crime\Normal_Videos_for_Event_Recognition\Normal_Videos_for_Event_Recognition\Normal_Videos_606_x264.mp4,ucf-crime\Normal_Videos_for_Event_Recognition\Normal_Videos_for_Event_Recognition\Normal_Videos_606_x264.mp4,Normal_Videos_for_Event_Recognition,Normal,0,.mp4,8.127,True,30.0,1233,320,240,41.1,0.685,True,train
Normal_Videos_621_x264,Normal_Videos_621_x264.mp4,data\raw\ucf-crime\Normal_Videos_for_Event_Recognition\Normal_Videos_for_Event_Recognition\Normal_Videos_621_x264.mp4,ucf-crime\Normal_Videos_for_Event_Recognition\Normal_Videos_for_Event_Recognition\Normal_Videos_621_x264.mp4,Normal_Videos_for_Event_Recognition,Normal,0,.mp4,26.436,True,30.0,4802,320,240,160.067,2.668,True,train
Normal_Videos_634_x264,Normal_Videos_634_x264.mp4,data\raw\ucf-crime\Normal_Videos_for_Event_Recognition\Normal_Videos_for_Event_Recognition\Normal_Videos_634_x264.mp4,ucf-crime\Normal_Videos_for_Event_Recognition\Normal_Videos_for_Event_Recognition\Normal_Videos_634_x264.mp4,Normal_Videos_for_Event_Recognition,Normal,0,.mp4,110.949,True,30.0,13459,320,240,448.633,7.477,True,train
Normal_Videos_656_x264,Normal_Videos_656_x264.mp4,data\raw\ucf-crime\Normal_Videos_for_Event_Recognition\Normal_Videos_for_Event_Recognition\Normal_Videos_656_x264.mp4,ucf-crime\Normal_Videos_for_Event_Recognition\Normal_Videos_for_Event_Recognition\Normal_Videos_656_x264.mp4,Normal_Videos_for_Event_Recognition,Normal,0,.mp4,11.23,True,30.0,1815,320,240,60.5,1.008,True,train
Normal_Videos_696_x264,Normal_Videos_696_x264.mp4,data\raw\ucf-crime\Normal_Videos_for_Event_Recognition\Normal_Videos_for_Event_Recognition\Normal_Videos_696_x264.mp4,ucf-crime\Normal_Videos_for_Event_Recognition\Normal_Videos_for_Event_Recognition\Normal_Videos_696_x264.mp4,Normal_Videos_for_Event_Recognition,Normal,0,.mp4,31.534,True,30.0,3625,320,240,120.833,2.014,True,train
Normal_Videos_704_x264,Normal_Videos_704_x264.mp4,data\raw\ucf-crime\Normal_Videos_for_Event_Recognition\Normal_Videos_for_Event_Recognition\Normal_Videos_704_x264.mp4,ucf-crime\Normal_Videos_for_Event_Recognition\Normal_Videos_for_Event_Recognition\Normal_Videos_704_x264.mp4,Normal_Videos_for_Event_Recognition,Normal,0,.mp4,10.673,True,30.0,1694,320,240,56.467,0.941,True,train
Normal_Videos_722_x264,Normal_Videos_722_x264.mp4,data\raw\ucf-crime\Normal_Videos_for_Event_Recognition\Normal_Videos_for_Event_Recognition\Normal_Videos_722_x264.mp4,ucf-crime\Normal_Videos_for_Event_Recognition\Normal_Videos_for_Event_Recognition\Normal_Videos_722_x264.mp4,Normal_Videos_for_Event_Recognition,Normal,0,.mp4,55.99,True,30.0,8731,320,240,291.033,4.851,True,train
Normal_Videos_745_x264,Normal_Videos_745_x264.mp4,data\raw\ucf-crime\Normal_Videos_for_Event_Recognition\Normal_Videos_for_Event_Recognition\Normal_Videos_745_x264.mp4,ucf-crime\Normal_Videos_for_Event_Recognition\Normal_Videos_for_Event_Recognition\Normal_Videos_745_x264.mp4,Normal_Videos_for_Event_Recognition,Normal,0,.mp4,1.826,True,30.0,305,320,240,10.167,0.169,True,train
Normal_Videos_758_x264,Normal_Videos_758_x264.mp4,data\raw\ucf-crime\Normal_Videos_for_Event_Recognition\Normal_Videos_for_Event_Recognition\Normal_Videos_758_x264.mp4,ucf-crime\Normal_Videos_for_Event_Recognition\Normal_Videos_for_Event_Recognition\Normal_Videos_758_x264.mp4,Normal_Videos_for_Event_Recognition,Normal,0,.mp4,12.819,True,30.0,1589,320,240,52.967,0.883,True,train
Normal_Videos_798_x264,Normal_Videos_798_x264.mp4,data\raw\ucf-crime\Normal_Videos_for_Event_Recognition\Normal_Videos_for_Event_Recognition\Normal_Videos_798_x264.mp4,ucf-crime\Normal_Videos_for_Event_Recognition\Normal_Videos_for_Event_Recognition\Normal_Videos_798_x264.mp4,Normal_Videos_for_Event_Recognition,Normal,0,.mp4,49.07,True,30.0,6001,320,240,200.033,3.334,True,train
Normal_Videos_801_x264,Normal_Videos_801_x264.mp4,data\raw\ucf-crime\Normal_Videos_for_Event_Recognition\Normal_Videos_for_Event_Recognition\Normal_Videos_801_x264.mp4,ucf-crime\Normal_Videos_for_Event_Recognition\Normal_Videos_for_Event_Recognition\Normal_Videos_801_x264.mp4,Normal_Videos_for_Event_Recognition,Normal,0,.mp4,23.414,True,30.0,2744,320,240,91.467,1.524,True,train
Normal_Videos_828_x264,Normal_Videos_828_x264.mp4,data\raw\ucf-crime\Normal_Videos_for_Event_Recognition\Normal_Videos_for_Event_Recognition\Normal_Videos_828_x264.mp4,ucf-crime\Normal_Videos_for_Event_Recognition\Normal_Videos_for_Event_Recognition\Normal_Videos_828_x264.mp4,Normal_Videos_for_Event_Recognition,Normal,0,.mp4,7.328,True,30.0,930,320,240,31.0,0.517,True,train
Normal_Videos_831_x264,Normal_Videos_831_x264.mp4,data\raw\ucf-crime\Normal_Videos_for_Event_Recognition\Normal_Videos_for_Event_Recognition\Normal_Videos_831_x264.mp4,ucf-crime\Normal_Videos_for_Event_Recognition\Normal_Videos_for_Event_Recognition\Normal_Videos_831_x264.mp4,Normal_Videos_for_Event_Recognition,Normal,0,.mp4,3.297,True,30.0,448,320,240,14.933,0.249,True,train
Normal_Videos_877_x264,Normal_Videos_877_x264.mp4,data\raw\ucf-crime\Normal_Videos_for_Event_Recognition\Normal_Videos_for_Event_Recognition\Normal_Videos_877_x264.mp4,ucf-crime\Normal_Videos_for_Event_Recognition\Normal_Videos_for_Event_Recognition\Normal_Videos_877_x264.mp4,Normal_Videos_for_Event_Recognition,Normal,0,.mp4,33.727,True,30.0,10025,320,240,334.167,5.569,True,train
Normal_Videos_881_x264,Normal_Videos_881_x264.mp4,data\raw\ucf-crime\Normal_Videos_for_Event_Recognition\Normal_Videos_for_Event_Recognition\Normal_Videos_881_x264.mp4,ucf-crime\Normal_Videos_for_Event_Recognition\Normal_Videos_for_Event_Recognition\Normal_Videos_881_x264.mp4,Normal_Videos_for_Event_Recognition,Normal,0,.mp4,0.509,True,30.0,224,320,240,7.467,0.124,True,train
Normal_Videos_905_x264,Normal_Videos_905_x264.mp4,data\raw\ucf-crime\Normal_Videos_for_Event_Recognition\Normal_Videos_for_Event_Recognition\Normal_Videos_905_x264.mp4,ucf-crime\Normal_Videos_for_Event_Recognition\Normal_Videos_for_Event_Recognition\Normal_Videos_905_x264.mp4,Normal_Videos_for_Event_Recognition,Normal,0,.mp4,7.367,True,30.0,1196,320,240,39.867,0.664,True,train
Normal_Videos_912_x264,Normal_Videos_912_x264.mp4,data\raw\ucf-crime\Normal_Videos_for_Event_Recognition\Normal_Videos_for_Event_Recognition\Normal_Videos_912_x264.mp4,ucf-crime\Normal_Videos_for_Event_Recognition\Normal_Videos_for_Event_Recognition\Normal_Videos_912_x264.mp4,Normal_Videos_for_Event_Recognition,Normal,0,.mp4,6.197,True,30.0,746,320,240,24.867,0.414,True,train
Normal_Videos_913_x264,Normal_Videos_913_x264.mp4,data\raw\ucf-crime\Normal_Videos_for_Event_Recognition\Normal_Videos_for_Event_Recognition\Normal_Videos_913_x264.mp4,ucf-crime\Normal_Videos_for_Event_Recognition\Normal_Videos_for_Event_Recognition\Normal_Videos_913_x264.mp4,Normal_Videos_for_Event_Recognition,Normal,0,.mp4,6.326,True,30.0,609,320,240,20.3,0.338,True,train
Normal_Videos_914_x264,Normal_Videos_914_x264.mp4,data\raw\ucf-crime\Normal_Videos_for_Event_Recognition\Normal_Videos_for_Event_Recognition\Normal_Videos_914_x264.mp4,ucf-crime\Normal_Videos_for_Event_Recognition\Normal_Videos_for_Event_Recognition\Normal_Videos_914_x264.mp4,Normal_Videos_for_Event_Recognition,Normal,0,.mp4,6.871,True,30.0,880,320,240,29.333,0.489,True,train
Normal_Videos_929_x264,Normal_Videos_929_x264.mp4,data\raw\ucf-crime\Normal_Videos_for_Event_Recognition\Normal_Videos_for_Event_Recognition\Normal_Videos_929_x264.mp4,ucf-crime\Normal_Videos_for_Event_Recognition\Normal_Videos_for_Event_Recognition\Normal_Videos_929_x264.mp4,Normal_Videos_for_Event_Recognition,Normal,0,.mp4,3.395,True,30.0,924,320,240,30.8,0.513,True,train
RoadAccidents002_x264,RoadAccidents002_x264.mp4,data\raw\ucf-crime\Anomaly-Videos-Part-3\Anomaly-Videos-Part-3\RoadAccidents\RoadAccidents002_x264.mp4,ucf-crime\Anomaly-Videos-Part-3\Anomaly-Videos-Part-3\RoadAccidents\RoadAccidents002_x264.mp4,RoadAccidents,RoadAccidents,1,.mp4,2.783,True,30.0,347,320,240,11.567,0.193,True,train
RoadAccidents003_x264,RoadAccidents003_x264.mp4,data\raw\ucf-crime\Anomaly-Videos-Part-3\Anomaly-Videos-Part-3\RoadAccidents\RoadAccidents003_x264.mp4,ucf-crime\Anomaly-Videos-Part-3\Anomaly-Videos-Part-3\RoadAccidents\RoadAccidents003_x264.mp4,RoadAccidents,RoadAccidents,1,.mp4,11.616,True,30.0,1483,320,240,49.433,0.824,True,train
RoadAccidents004_x264,RoadAccidents004_x264.mp4,data\raw\ucf-crime\Anomaly-Videos-Part-3\Anomaly-Videos-Part-3\RoadAccidents\RoadAccidents004_x264.mp4,ucf-crime\Anomaly-Videos-Part-3\Anomaly-Videos-Part-3\RoadAccidents\RoadAccidents004_x264.mp4,RoadAccidents,RoadAccidents,1,.mp4,3.187,True,30.0,389,320,240,12.967,0.216,True,train
RoadAccidents006_x264,RoadAccidents006_x264.mp4,data\raw\ucf-crime\Anomaly-Videos-Part-3\Anomaly-Videos-Part-3\RoadAccidents\RoadAccidents006_x264.mp4,ucf-crime\Anomaly-Videos-Part-3\Anomaly-Videos-Part-3\RoadAccidents\RoadAccidents006_x264.mp4,RoadAccidents,RoadAccidents,1,.mp4,10.15,True,30.0,1691,320,240,56.367,0.939,True,train
RoadAccidents007_x264,RoadAccidents007_x264.mp4,data\raw\ucf-crime\Anomaly-Videos-Part-3\Anomaly-Videos-Part-3\RoadAccidents\RoadAccidents007_x264.mp4,ucf-crime\Anomaly-Videos-Part-3\Anomaly-Videos-Part-3\RoadAccidents\RoadAccidents007_x264.mp4,RoadAccidents,RoadAccidents,1,.mp4,8.647,True,30.0,1101,320,240,36.7,0.612,True,train
RoadAccidents009_x264,RoadAccidents009_x264.mp4,data\raw\ucf-crime\Anomaly-Videos-Part-3\Anomaly-Videos-Part-3\RoadAccidents\RoadAccidents009_x264.mp4,ucf-crime\Anomaly-Videos-Part-3\Anomaly-Videos-Part-3\RoadAccidents\RoadAccidents009_x264.mp4,RoadAccidents,RoadAccidents,1,.mp4,7.117,True,30.0,918,320,240,30.6,0.51,True,train
RoadAccidents010_x264,RoadAccidents010_x264.mp4,data\raw\ucf-crime\Anomaly-Videos-Part-3\Anomaly-Videos-Part-3\RoadAccidents\RoadAccidents010_x264.mp4,ucf-crime\Anomaly-Videos-Part-3\Anomaly-Videos-Part-3\RoadAccidents\RoadAccidents010_x264.mp4,RoadAccidents,RoadAccidents,1,.mp4,3.976,True,30.0,528,320,240,17.6,0.293,True,train
RoadAccidents011_x264,RoadAccidents011_x264.mp4,data\raw\ucf-crime\Anomaly-Videos-Part-3\Anomaly-Videos-Part-3\RoadAccidents\RoadAccidents011_x264.mp4,ucf-crime\Anomaly-Videos-Part-3\Anomaly-Videos-Part-3\RoadAccidents\RoadAccidents011_x264.mp4,RoadAccidents,RoadAccidents,1,.mp4,17.96,True,30.0,2159,320,240,71.967,1.199,True,train
RoadAccidents013_x264,RoadAccidents013_x264.mp4,data\raw\ucf-crime\Anomaly-Videos-Part-3\Anomaly-Videos-Part-3\RoadAccidents\RoadAccidents013_x264.mp4,ucf-crime\Anomaly-Videos-Part-3\Anomaly-Videos-Part-3\RoadAccidents\RoadAccidents013_x264.mp4,RoadAccidents,RoadAccidents,1,.mp4,13.819,True,30.0,1729,320,240,57.633,0.961,True,train
RoadAccidents014_x264,RoadAccidents014_x264.mp4,data\raw\ucf-crime\Anomaly-Videos-Part-3\Anomaly-Videos-Part-3\RoadAccidents\RoadAccidents014_x264.mp4,ucf-crime\Anomaly-Videos-Part-3\Anomaly-Videos-Part-3\RoadAccidents\RoadAccidents014_x264.mp4,RoadAccidents,RoadAccidents,1,.mp4,94.331,True,30.0,11895,320,240,396.5,6.608,True,train
RoadAccidents015_x264,RoadAccidents015_x264.mp4,data\raw\ucf-crime\Anomaly-Videos-Part-3\Anomaly-Videos-Part-3\RoadAccidents\RoadAccidents015_x264.mp4,ucf-crime\Anomaly-Videos-Part-3\Anomaly-Videos-Part-3\RoadAccidents\RoadAccidents015_x264.mp4,RoadAccidents,RoadAccidents,1,.mp4,9.81,True,30.0,1347,320,240,44.9,0.748,True,train
RoadAccidents016_x264,RoadAccidents016_x264.mp4,data\raw\ucf-crime\Anomaly-Videos-Part-3\Anomaly-Videos-Part-3\RoadAccidents\RoadAccidents016_x264.mp4,ucf-crime\Anomaly-Videos-Part-3\Anomaly-Videos-Part-3\RoadAccidents\RoadAccidents016_x264.mp4,RoadAccidents,RoadAccidents,1,.mp4,17.661,True,30.0,2192,320,240,73.067,1.218,True,train
RoadAccidents017_x264,RoadAccidents017_x264.mp4,data\raw\ucf-crime\Anomaly-Videos-Part-3\Anomaly-Videos-Part-3\RoadAccidents\RoadAccidents017_x264.mp4,ucf-crime\Anomaly-Videos-Part-3\Anomaly-Videos-Part-3\RoadAccidents\RoadAccidents017_x264.mp4,RoadAccidents,RoadAccidents,1,.mp4,1.603,True,30.0,243,320,240,8.1,0.135,True,train
RoadAccidents018_x264,RoadAccidents018_x264.mp4,data\raw\ucf-crime\Anomaly-Videos-Part-3\Anomaly-Videos-Part-3\RoadAccidents\RoadAccidents018_x264.mp4,ucf-crime\Anomaly-Videos-Part-3\Anomaly-Videos-Part-3\RoadAccidents\RoadAccidents018_x264.mp4,RoadAccidents,RoadAccidents,1,.mp4,12.535,True,30.0,1518,320,240,50.6,0.843,True,train
RoadAccidents019_x264,RoadAccidents019_x264.mp4,data\raw\ucf-crime\Anomaly-Videos-Part-3\Anomaly-Videos-Part-3\RoadAccidents\RoadAccidents019_x264.mp4,ucf-crime\Anomaly-Videos-Part-3\Anomaly-Videos-Part-3\RoadAccidents\RoadAccidents019_x264.mp4,RoadAccidents,RoadAccidents,1,.mp4,10.748,True,30.0,1314,320,240,43.8,0.73,True,train
RoadAccidents020_x264,RoadAccidents020_x264.mp4,data\raw\ucf-crime\Anomaly-Videos-Part-3\Anomaly-Videos-Part-3\RoadAccidents\RoadAccidents020_x264.mp4,ucf-crime\Anomaly-Videos-Part-3\Anomaly-Videos-Part-3\RoadAccidents\RoadAccidents020_x264.mp4,RoadAccidents,RoadAccidents,1,.mp4,12.602,True,30.0,1773,320,240,59.1,0.985,True,train
RoadAccidents023_x264,RoadAccidents023_x264.mp4,data\raw\ucf-crime\Anomaly-Videos-Part-3\Anomaly-Videos-Part-3\RoadAccidents\RoadAccidents023_x264.mp4,ucf-crime\Anomaly-Videos-Part-3\Anomaly-Videos-Part-3\RoadAccidents\RoadAccidents023_x264.mp4,RoadAccidents,RoadAccidents,1,.mp4,29.508,True,30.0,3510,320,240,117.0,1.95,True,train
RoadAccidents024_x264,RoadAccidents024_x264.mp4,data\raw\ucf-crime\Anomaly-Videos-Part-3\Anomaly-Videos-Part-3\RoadAccidents\RoadAccidents024_x264.mp4,ucf-crime\Anomaly-Videos-Part-3\Anomaly-Videos-Part-3\RoadAccidents\RoadAccidents024_x264.mp4,RoadAccidents,RoadAccidents,1,.mp4,45.525,True,30.0,5946,320,240,198.2,3.303,True,train
RoadAccidents028_x264,RoadAccidents028_x264.mp4,data\raw\ucf-crime\Anomaly-Videos-Part-3\Anomaly-Videos-Part-3\RoadAccidents\RoadAccidents028_x264.mp4,ucf-crime\Anomaly-Videos-Part-3\Anomaly-Videos-Part-3\RoadAccidents\RoadAccidents028_x264.mp4,RoadAccidents,RoadAccidents,1,.mp4,3.634,True,30.0,591,320,240,19.7,0.328,True,train
RoadAccidents029_x264,RoadAccidents029_x264.mp4,data\raw\ucf-crime\Anomaly-Videos-Part-3\Anomaly-Videos-Part-3\RoadAccidents\RoadAccidents029_x264.mp4,ucf-crime\Anomaly-Videos-Part-3\Anomaly-Videos-Part-3\RoadAccidents\RoadAccidents029_x264.mp4,RoadAccidents,RoadAccidents,1,.mp4,3.308,True,30.0,527,320,240,17.567,0.293,True,train
RoadAccidents030_x264,RoadAccidents030_x264.mp4,data\raw\ucf-crime\Anomaly-Videos-Part-3\Anomaly-Videos-Part-3\RoadAccidents\RoadAccidents030_x264.mp4,ucf-crime\Anomaly-Videos-Part-3\Anomaly-Videos-Part-3\RoadAccidents\RoadAccidents030_x264.mp4,RoadAccidents,RoadAccidents,1,.mp4,9.859,True,30.0,1290,320,240,43.0,0.717,True,train
RoadAccidents031_x264,RoadAccidents031_x264.mp4,data\raw\ucf-crime\Anomaly-Videos-Part-3\Anomaly-Videos-Part-3\RoadAccidents\RoadAccidents031_x264.mp4,ucf-crime\Anomaly-Videos-Part-3\Anomaly-Videos-Part-3\RoadAccidents\RoadAccidents031_x264.mp4,RoadAccidents,RoadAccidents,1,.mp4,9.384,True,30.0,2185,320,240,72.833,1.214,True,train
RoadAccidents032_x264,RoadAccidents032_x264.mp4,data\raw\ucf-crime\Anomaly-Videos-Part-3\Anomaly-Videos-Part-3\RoadAccidents\RoadAccidents032_x264.mp4,ucf-crime\Anomaly-Videos-Part-3\Anomaly-Videos-Part-3\RoadAccidents\RoadAccidents032_x264.mp4,RoadAccidents,RoadAccidents,1,.mp4,19.922,True,30.0,2261,320,240,75.367,1.256,True,train
RoadAccidents033_x264,RoadAccidents033_x264.mp4,data\raw\ucf-crime\Anomaly-Videos-Part-3\Anomaly-Videos-Part-3\RoadAccidents\RoadAccidents033_x264.mp4,ucf-crime\Anomaly-Videos-Part-3\Anomaly-Videos-Part-3\RoadAccidents\RoadAccidents033_x264.mp4,RoadAccidents,RoadAccidents,1,.mp4,4.321,True,30.0,587,320,240,19.567,0.326,True,train
RoadAccidents035_x264,RoadAccidents035_x264.mp4,data\raw\ucf-crime\Anomaly-Videos-Part-3\Anomaly-Videos-Part-3\RoadAccidents\RoadAccidents035_x264.mp4,ucf-crime\Anomaly-Videos-Part-3\Anomaly-Videos-Part-3\RoadAccidents\RoadAccidents035_x264.mp4,RoadAccidents,RoadAccidents,1,.mp4,1.6,True,30.0,277,320,240,9.233,0.154,True,train
RoadAccidents036_x264,RoadAccidents036_x264.mp4,data\raw\ucf-crime\Anomaly-Videos-Part-3\Anomaly-Videos-Part-3\RoadAccidents\RoadAccidents036_x264.mp4,ucf-crime\Anomaly-Videos-Part-3\Anomaly-Videos-Part-3\RoadAccidents\RoadAccidents036_x264.mp4,RoadAccidents,RoadAccidents,1,.mp4,8.871,True,30.0,1315,320,240,43.833,0.731,True,train
RoadAccidents037_x264,RoadAccidents037_x264.mp4,data\raw\ucf-crime\Anomaly-Videos-Part-3\Anomaly-Videos-Part-3\RoadAccidents\RoadAccidents037_x264.mp4,ucf-crime\Anomaly-Videos-Part-3\Anomaly-Videos-Part-3\RoadAccidents\RoadAccidents037_x264.mp4,RoadAccidents,RoadAccidents,1,.mp4,7.975,True,30.0,2189,320,240,72.967,1.216,True,train
RoadAccidents038_x264,RoadAccidents038_x264.mp4,data\raw\ucf-crime\Anomaly-Videos-Part-3\Anomaly-Videos-Part-3\RoadAccidents\RoadAccidents038_x264.mp4,ucf-crime\Anomaly-Videos-Part-3\Anomaly-Videos-Part-3\RoadAccidents\RoadAccidents038_x264.mp4,RoadAccidents,RoadAccidents,1,.mp4,2.347,True,30.0,509,320,240,16.967,0.283,True,train
RoadAccidents039_x264,RoadAccidents039_x264.mp4,data\raw\ucf-crime\Anomaly-Videos-Part-3\Anomaly-Videos-Part-3\RoadAccidents\RoadAccidents039_x264.mp4,ucf-crime\Anomaly-Videos-Part-3\Anomaly-Videos-Part-3\RoadAccidents\RoadAccidents039_x264.mp4,RoadAccidents,RoadAccidents,1,.mp4,2.227,True,30.0,378,320,240,12.6,0.21,True,train
RoadAccidents040_x264,RoadAccidents040_x264.mp4,data\raw\ucf-crime\Anomaly-Videos-Part-3\Anomaly-Videos-Part-3\RoadAccidents\RoadAccidents040_x264.mp4,ucf-crime\Anomaly-Videos-Part-3\Anomaly-Videos-Part-3\RoadAccidents\RoadAccidents040_x264.mp4,RoadAccidents,RoadAccidents,1,.mp4,15.055,True,30.0,1946,320,240,64.867,1.081,True,train
RoadAccidents041_x264,RoadAccidents041_x264.mp4,data\raw\ucf-crime\Anomaly-Videos-Part-3\Anomaly-Videos-Part-3\RoadAccidents\RoadAccidents041_x264.mp4,ucf-crime\Anomaly-Videos-Part-3\Anomaly-Videos-Part-3\RoadAccidents\RoadAccidents041_x264.mp4,RoadAccidents,RoadAccidents,1,.mp4,1.964,True,30.0,239,320,240,7.967,0.133,True,train
RoadAccidents042_x264,RoadAccidents042_x264.mp4,data\raw\ucf-crime\Anomaly-Videos-Part-3\Anomaly-Videos-Part-3\RoadAccidents\RoadAccidents042_x264.mp4,ucf-crime\Anomaly-Videos-Part-3\Anomaly-Videos-Part-3\RoadAccidents\RoadAccidents042_x264.mp4,RoadAccidents,RoadAccidents,1,.mp4,6.269,True,30.0,920,320,240,30.667,0.511,True,train
RoadAccidents044_x264,RoadAccidents044_x264.mp4,data\raw\ucf-crime\Anomaly-Videos-Part-3\Anomaly-Videos-Part-3\RoadAccidents\RoadAccidents044_x264.mp4,ucf-crime\Anomaly-Videos-Part-3\Anomaly-Videos-Part-3\RoadAccidents\RoadAccidents044_x264.mp4,RoadAccidents,RoadAccidents,1,.mp4,2.287,True,30.0,394,320,240,13.133,0.219,True,train
RoadAccidents051_x264,RoadAccidents051_x264.mp4,data\raw\ucf-crime\Anomaly-Videos-Part-3\Anomaly-Videos-Part-3\RoadAccidents\RoadAccidents051_x264.mp4,ucf-crime\Anomaly-Videos-Part-3\Anomaly-Videos-Part-3\RoadAccidents\RoadAccidents051_x264.mp4,RoadAccidents,RoadAccidents,1,.mp4,3.026,True,30.0,401,320,240,13.367,0.223,True,train
RoadAccidents053_x264,RoadAccidents053_x264.mp4,data\raw\ucf-crime\Anomaly-Videos-Part-3\Anomaly-Videos-Part-3\RoadAccidents\RoadAccidents053_x264.mp4,ucf-crime\Anomaly-Videos-Part-3\Anomaly-Videos-Part-3\RoadAccidents\RoadAccidents053_x264.mp4,RoadAccidents,RoadAccidents,1,.mp4,5.923,True,30.0,684,320,240,22.8,0.38,True,train
RoadAccidents054_x264,RoadAccidents054_x264.mp4,data\raw\ucf-crime\Anomaly-Videos-Part-3\Anomaly-Videos-Part-3\RoadAccidents\RoadAccidents054_x264.mp4,ucf-crime\Anomaly-Videos-Part-3\Anomaly-Videos-Part-3\RoadAccidents\RoadAccidents054_x264.mp4,RoadAccidents,RoadAccidents,1,.mp4,8.186,True,30.0,1253,320,240,41.767,0.696,True,train
RoadAccidents055_x264,RoadAccidents055_x264.mp4,data\raw\ucf-crime\Anomaly-Videos-Part-3\Anomaly-Videos-Part-3\RoadAccidents\RoadAccidents055_x264.mp4,ucf-crime\Anomaly-Videos-Part-3\Anomaly-Videos-Part-3\RoadAccidents\RoadAccidents055_x264.mp4,RoadAccidents,RoadAccidents,1,.mp4,4.566,True,30.0,837,320,240,27.9,0.465,True,train
RoadAccidents056_x264,RoadAccidents056_x264.mp4,data\raw\ucf-crime\Anomaly-Videos-Part-3\Anomaly-Videos-Part-3\RoadAccidents\RoadAccidents056_x264.mp4,ucf-crime\Anomaly-Videos-Part-3\Anomaly-Videos-Part-3\RoadAccidents\RoadAccidents056_x264.mp4,RoadAccidents,RoadAccidents,1,.mp4,6.953,True,30.0,899,320,240,29.967,0.499,True,train
RoadAccidents058_x264,RoadAccidents058_x264.mp4,data\raw\ucf-crime\Anomaly-Videos-Part-3\Anomaly-Videos-Part-3\RoadAccidents\RoadAccidents058_x264.mp4,ucf-crime\Anomaly-Videos-Part-3\Anomaly-Videos-Part-3\RoadAccidents\RoadAccidents058_x264.mp4,RoadAccidents,RoadAccidents,1,.mp4,3.513,True,30.0,674,320,240,22.467,0.374,True,train
RoadAccidents059_x264,RoadAccidents059_x264.mp4,data\raw\ucf-crime\Anomaly-Videos-Part-3\Anomaly-Videos-Part-3\RoadAccidents\RoadAccidents059_x264.mp4,ucf-crime\Anomaly-Videos-Part-3\Anomaly-Videos-Part-3\RoadAccidents\RoadAccidents059_x264.mp4,RoadAccidents,RoadAccidents,1,.mp4,12.572,True,30.0,1896,320,240,63.2,1.053,True,train
RoadAccidents060_x264,RoadAccidents060_x264.mp4,data\raw\ucf-crime\Anomaly-Videos-Part-3\Anomaly-Videos-Part-3\RoadAccidents\RoadAccidents060_x264.mp4,ucf-crime\Anomaly-Videos-Part-3\Anomaly-Videos-Part-3\RoadAccidents\RoadAccidents060_x264.mp4,RoadAccidents,RoadAccidents,1,.mp4,4.689,True,30.0,839,320,240,27.967,0.466,True,train
RoadAccidents061_x264,RoadAccidents061_x264.mp4,data\raw\ucf-crime\Anomaly-Videos-Part-3\Anomaly-Videos-Part-3\RoadAccidents\RoadAccidents061_x264.mp4,ucf-crime\Anomaly-Videos-Part-3\Anomaly-Videos-Part-3\RoadAccidents\RoadAccidents061_x264.mp4,RoadAccidents,RoadAccidents,1,.mp4,2.853,True,30.0,663,320,240,22.1,0.368,True,train
RoadAccidents063_x264,RoadAccidents063_x264.mp4,data\raw\ucf-crime\Anomaly-Videos-Part-3\Anomaly-Videos-Part-3\RoadAccidents\RoadAccidents063_x264.mp4,ucf-crime\Anomaly-Videos-Part-3\Anomaly-Videos-Part-3\RoadAccidents\RoadAccidents063_x264.mp4,RoadAccidents,RoadAccidents,1,.mp4,28.454,True,30.0,3516,320,240,117.2,1.953,True,train
RoadAccidents065_x264,RoadAccidents065_x264.mp4,data\raw\ucf-crime\Anomaly-Videos-Part-3\Anomaly-Videos-Part-3\RoadAccidents\RoadAccidents065_x264.mp4,ucf-crime\Anomaly-Videos-Part-3\Anomaly-Videos-Part-3\RoadAccidents\RoadAccidents065_x264.mp4,RoadAccidents,RoadAccidents,1,.mp4,1.007,True,30.0,117,320,240,3.9,0.065,True,train
RoadAccidents066_x264,RoadAccidents066_x264.mp4,data\raw\ucf-crime\Anomaly-Videos-Part-3\Anomaly-Videos-Part-3\RoadAccidents\RoadAccidents066_x264.mp4,ucf-crime\Anomaly-Videos-Part-3\Anomaly-Videos-Part-3\RoadAccidents\RoadAccidents066_x264.mp4,RoadAccidents,RoadAccidents,1,.mp4,13.873,True,30.0,1609,320,240,53.633,0.894,True,train
RoadAccidents067_x264,RoadAccidents067_x264.mp4,data\raw\ucf-crime\Anomaly-Videos-Part-3\Anomaly-Videos-Part-3\RoadAccidents\RoadAccidents067_x264.mp4,ucf-crime\Anomaly-Videos-Part-3\Anomaly-Videos-Part-3\RoadAccidents\RoadAccidents067_x264.mp4,RoadAccidents,RoadAccidents,1,.mp4,8.735,True,30.0,1209,320,240,40.3,0.672,True,train
RoadAccidents068_x264,RoadAccidents068_x264.mp4,data\raw\ucf-crime\Anomaly-Videos-Part-3\Anomaly-Videos-Part-3\RoadAccidents\RoadAccidents068_x264.mp4,ucf-crime\Anomaly-Videos-Part-3\Anomaly-Videos-Part-3\RoadAccidents\RoadAccidents068_x264.mp4,RoadAccidents,RoadAccidents,1,.mp4,14.536,True,30.0,1777,320,240,59.233,0.987,True,train
RoadAccidents069_x264,RoadAccidents069_x264.mp4,data\raw\ucf-crime\Anomaly-Videos-Part-3\Anomaly-Videos-Part-3\RoadAccidents\RoadAccidents069_x264.mp4,ucf-crime\Anomaly-Videos-Part-3\Anomaly-Videos-Part-3\RoadAccidents\RoadAccidents069_x264.mp4,RoadAccidents,RoadAccidents,1,.mp4,1.177,True,30.0,324,320,240,10.8,0.18,True,train
RoadAccidents070_x264,RoadAccidents070_x264.mp4,data\raw\ucf-crime\Anomaly-Videos-Part-3\Anomaly-Videos-Part-3\RoadAccidents\RoadAccidents070_x264.mp4,ucf-crime\Anomaly-Videos-Part-3\Anomaly-Videos-Part-3\RoadAccidents\RoadAccidents070_x264.mp4,RoadAccidents,RoadAccidents,1,.mp4,2.483,True,30.0,616,320,240,20.533,0.342,True,train
RoadAccidents072_x264,RoadAccidents072_x264.mp4,data\raw\ucf-crime\Anomaly-Videos-Part-3\Anomaly-Videos-Part-3\RoadAccidents\RoadAccidents072_x264.mp4,ucf-crime\Anomaly-Videos-Part-3\Anomaly-Videos-Part-3\RoadAccidents\RoadAccidents072_x264.mp4,RoadAccidents,RoadAccidents,1,.mp4,5.135,True,30.0,859,320,240,28.633,0.477,True,train
RoadAccidents073_x264,RoadAccidents073_x264.mp4,data\raw\ucf-crime\Anomaly-Videos-Part-3\Anomaly-Videos-Part-3\RoadAccidents\RoadAccidents073_x264.mp4,ucf-crime\Anomaly-Videos-Part-3\Anomaly-Videos-Part-3\RoadAccidents\RoadAccidents073_x264.mp4,RoadAccidents,RoadAccidents,1,.mp4,4.696,True,30.0,567,320,240,18.9,0.315,True,train
RoadAccidents075_x264,RoadAccidents075_x264.mp4,data\raw\ucf-crime\Anomaly-Videos-Part-3\Anomaly-Videos-Part-3\RoadAccidents\RoadAccidents075_x264.mp4,ucf-crime\Anomaly-Videos-Part-3\Anomaly-Videos-Part-3\RoadAccidents\RoadAccidents075_x264.mp4,RoadAccidents,RoadAccidents,1,.mp4,2.605,True,30.0,329,320,240,10.967,0.183,True,train
RoadAccidents076_x264,RoadAccidents076_x264.mp4,data\raw\ucf-crime\Anomaly-Videos-Part-3\Anomaly-Videos-Part-3\RoadAccidents\RoadAccidents076_x264.mp4,ucf-crime\Anomaly-Videos-Part-3\Anomaly-Videos-Part-3\RoadAccidents\RoadAccidents076_x264.mp4,RoadAccidents,RoadAccidents,1,.mp4,15.598,True,30.0,2387,320,240,79.567,1.326,True,train
RoadAccidents077_x264,RoadAccidents077_x264.mp4,data\raw\ucf-crime\Anomaly-Videos-Part-3\Anomaly-Videos-Part-3\RoadAccidents\RoadAccidents077_x264.mp4,ucf-crime\Anomaly-Videos-Part-3\Anomaly-Videos-Part-3\RoadAccidents\RoadAccidents077_x264.mp4,RoadAccidents,RoadAccidents,1,.mp4,8.009,True,30.0,1675,320,240,55.833,0.931,True,train
RoadAccidents078_x264,RoadAccidents078_x264.mp4,data\raw\ucf-crime\Anomaly-Videos-Part-3\Anomaly-Videos-Part-3\RoadAccidents\RoadAccidents078_x264.mp4,ucf-crime\Anomaly-Videos-Part-3\Anomaly-Videos-Part-3\RoadAccidents\RoadAccidents078_x264.mp4,RoadAccidents,RoadAccidents,1,.mp4,28.789,True,30.0,6704,320,240,223.467,3.724,True,train
RoadAccidents080_x264,RoadAccidents080_x264.mp4,data\raw\ucf-crime\Anomaly-Videos-Part-3\Anomaly-Videos-Part-3\RoadAccidents\RoadAccidents080_x264.mp4,ucf-crime\Anomaly-Videos-Part-3\Anomaly-Videos-Part-3\RoadAccidents\RoadAccidents080_x264.mp4,RoadAccidents,RoadAccidents,1,.mp4,8.044,True,30.0,1293,320,240,43.1,0.718,True,train
RoadAccidents082_x264,RoadAccidents082_x264.mp4,data\raw\ucf-crime\Anomaly-Videos-Part-3\Anomaly-Videos-Part-3\RoadAccidents\RoadAccidents082_x264.mp4,ucf-crime\Anomaly-Videos-Part-3\Anomaly-Videos-Part-3\RoadAccidents\RoadAccidents082_x264.mp4,RoadAccidents,RoadAccidents,1,.mp4,5.381,True,30.0,1369,320,240,45.633,0.761,True,train
RoadAccidents083_x264,RoadAccidents083_x264.mp4,data\raw\ucf-crime\Anomaly-Videos-Part-3\Anomaly-Videos-Part-3\RoadAccidents\RoadAccidents083_x264.mp4,ucf-crime\Anomaly-Videos-Part-3\Anomaly-Videos-Part-3\RoadAccidents\RoadAccidents083_x264.mp4,RoadAccidents,RoadAccidents,1,.mp4,9.621,True,30.0,1199,320,240,39.967,0.666,True,train
RoadAccidents084_x264,RoadAccidents084_x264.mp4,data\raw\ucf-crime\Anomaly-Videos-Part-3\Anomaly-Videos-Part-3\RoadAccidents\RoadAccidents084_x264.mp4,ucf-crime\Anomaly-Videos-Part-3\Anomaly-Videos-Part-3\RoadAccidents\RoadAccidents084_x264.mp4,RoadAccidents,RoadAccidents,1,.mp4,7.327,True,30.0,873,320,240,29.1,0.485,True,train
RoadAccidents085_x264,RoadAccidents085_x264.mp4,data\raw\ucf-crime\Anomaly-Videos-Part-3\Anomaly-Videos-Part-3\RoadAccidents\RoadAccidents085_x264.mp4,ucf-crime\Anomaly-Videos-Part-3\Anomaly-Videos-Part-3\RoadAccidents\RoadAccidents085_x264.mp4,RoadAccidents,RoadAccidents,1,.mp4,37.011,True,30.0,4449,320,240,148.3,2.472,True,train
RoadAccidents086_x264,RoadAccidents086_x264.mp4,data\raw\ucf-crime\Anomaly-Videos-Part-3\Anomaly-Videos-Part-3\RoadAccidents\RoadAccidents086_x264.mp4,ucf-crime\Anomaly-Videos-Part-3\Anomaly-Videos-Part-3\RoadAccidents\RoadAccidents086_x264.mp4,RoadAccidents,RoadAccidents,1,.mp4,5.131,True,30.0,900,320,240,30.0,0.5,True,train
RoadAccidents088_x264,RoadAccidents088_x264.mp4,data\raw\ucf-crime\Anomaly-Videos-Part-3\Anomaly-Videos-Part-3\RoadAccidents\RoadAccidents088_x264.mp4,ucf-crime\Anomaly-Videos-Part-3\Anomaly-Videos-Part-3\RoadAccidents\RoadAccidents088_x264.mp4,RoadAccidents,RoadAccidents,1,.mp4,7.995,True,30.0,1423,320,240,47.433,0.791,True,train
RoadAccidents089_x264,RoadAccidents089_x264.mp4,data\raw\ucf-crime\Anomaly-Videos-Part-3\Anomaly-Videos-Part-3\RoadAccidents\RoadAccidents089_x264.mp4,ucf-crime\Anomaly-Videos-Part-3\Anomaly-Videos-Part-3\RoadAccidents\RoadAccidents089_x264.mp4,RoadAccidents,RoadAccidents,1,.mp4,8.418,True,30.0,1108,320,240,36.933,0.616,True,train
RoadAccidents090_x264,RoadAccidents090_x264.mp4,data\raw\ucf-crime\Anomaly-Videos-Part-3\Anomaly-Videos-Part-3\RoadAccidents\RoadAccidents090_x264.mp4,ucf-crime\Anomaly-Videos-Part-3\Anomaly-Videos-Part-3\RoadAccidents\RoadAccidents090_x264.mp4,RoadAccidents,RoadAccidents,1,.mp4,5.367,True,30.0,1789,320,240,59.633,0.994,True,train
RoadAccidents092_x264,RoadAccidents092_x264.mp4,data\raw\ucf-crime\Anomaly-Videos-Part-3\Anomaly-Videos-Part-3\RoadAccidents\RoadAccidents092_x264.mp4,ucf-crime\Anomaly-Videos-Part-3\Anomaly-Videos-Part-3\RoadAccidents\RoadAccidents092_x264.mp4,RoadAccidents,RoadAccidents,1,.mp4,12.908,True,30.0,1699,320,240,56.633,0.944,True,train
RoadAccidents098_x264,RoadAccidents098_x264.mp4,data\raw\ucf-crime\Anomaly-Videos-Part-3\Anomaly-Videos-Part-3\RoadAccidents\RoadAccidents098_x264.mp4,ucf-crime\Anomaly-Videos-Part-3\Anomaly-Videos-Part-3\RoadAccidents\RoadAccidents098_x264.mp4,RoadAccidents,RoadAccidents,1,.mp4,8.722,True,30.0,1798,320,240,59.933,0.999,True,train
RoadAccidents099_x264,RoadAccidents099_x264.mp4,data\raw\ucf-crime\Anomaly-Videos-Part-3\Anomaly-Videos-Part-3\RoadAccidents\RoadAccidents099_x264.mp4,ucf-crime\Anomaly-Videos-Part-3\Anomaly-Videos-Part-3\RoadAccidents\RoadAccidents099_x264.mp4,RoadAccidents,RoadAccidents,1,.mp4,10.745,True,30.0,1302,320,240,43.4,0.723,True,train
RoadAccidents100_x264,RoadAccidents100_x264.mp4,data\raw\ucf-crime\Anomaly-Videos-Part-3\Anomaly-Videos-Part-3\RoadAccidents\RoadAccidents100_x264.mp4,ucf-crime\Anomaly-Videos-Part-3\Anomaly-Videos-Part-3\RoadAccidents\RoadAccidents100_x264.mp4,RoadAccidents,RoadAccidents,1,.mp4,4.276,True,30.0,542,320,240,18.067,0.301,True,train
RoadAccidents101_x264,RoadAccidents101_x264.mp4,data\raw\ucf-crime\Anomaly-Videos-Part-3\Anomaly-Videos-Part-3\RoadAccidents\RoadAccidents101_x264.mp4,ucf-crime\Anomaly-Videos-Part-3\Anomaly-Videos-Part-3\RoadAccidents\RoadAccidents101_x264.mp4,RoadAccidents,RoadAccidents,1,.mp4,2.314,True,30.0,263,320,240,8.767,0.146,True,train
RoadAccidents102_x264,RoadAccidents102_x264.mp4,data\raw\ucf-crime\Anomaly-Videos-Part-3\Anomaly-Videos-Part-3\RoadAccidents\RoadAccidents102_x264.mp4,ucf-crime\Anomaly-Videos-Part-3\Anomaly-Videos-Part-3\RoadAccidents\RoadAccidents102_x264.mp4,RoadAccidents,RoadAccidents,1,.mp4,1.675,True,30.0,357,320,240,11.9,0.198,True,train
RoadAccidents103_x264,RoadAccidents103_x264.mp4,data\raw\ucf-crime\Anomaly-Videos-Part-3\Anomaly-Videos-Part-3\RoadAccidents\RoadAccidents103_x264.mp4,ucf-crime\Anomaly-Videos-Part-3\Anomaly-Videos-Part-3\RoadAccidents\RoadAccidents103_x264.mp4,RoadAccidents,RoadAccidents,1,.mp4,8.414,True,30.0,1251,320,240,41.7,0.695,True,train
RoadAccidents104_x264,RoadAccidents104_x264.mp4,data\raw\ucf-crime\Anomaly-Videos-Part-3\Anomaly-Videos-Part-3\RoadAccidents\RoadAccidents104_x264.mp4,ucf-crime\Anomaly-Videos-Part-3\Anomaly-Videos-Part-3\RoadAccidents\RoadAccidents104_x264.mp4,RoadAccidents,RoadAccidents,1,.mp4,15.568,True,30.0,5618,320,240,187.267,3.121,True,train
RoadAccidents107_x264,RoadAccidents107_x264.mp4,data\raw\ucf-crime\Anomaly-Videos-Part-3\Anomaly-Videos-Part-3\RoadAccidents\RoadAccidents107_x264.mp4,ucf-crime\Anomaly-Videos-Part-3\Anomaly-Videos-Part-3\RoadAccidents\RoadAccidents107_x264.mp4,RoadAccidents,RoadAccidents,1,.mp4,7.66,True,30.0,1067,320,240,35.567,0.593,True,train
RoadAccidents109_x264,RoadAccidents109_x264.mp4,data\raw\ucf-crime\Anomaly-Videos-Part-3\Anomaly-Videos-Part-3\RoadAccidents\RoadAccidents109_x264.mp4,ucf-crime\Anomaly-Videos-Part-3\Anomaly-Videos-Part-3\RoadAccidents\RoadAccidents109_x264.mp4,RoadAccidents,RoadAccidents,1,.mp4,15.568,True,30.0,4021,320,240,134.033,2.234,True,train
RoadAccidents110_x264,RoadAccidents110_x264.mp4,data\raw\ucf-crime\Anomaly-Videos-Part-3\Anomaly-Videos-Part-3\RoadAccidents\RoadAccidents110_x264.mp4,ucf-crime\Anomaly-Videos-Part-3\Anomaly-Videos-Part-3\RoadAccidents\RoadAccidents110_x264.mp4,RoadAccidents,RoadAccidents,1,.mp4,3.595,True,30.0,451,320,240,15.033,0.251,True,train
RoadAccidents111_x264,RoadAccidents111_x264.mp4,data\raw\ucf-crime\Anomaly-Videos-Part-3\Anomaly-Videos-Part-3\RoadAccidents\RoadAccidents111_x264.mp4,ucf-crime\Anomaly-Videos-Part-3\Anomaly-Videos-Part-3\RoadAccidents\RoadAccidents111_x264.mp4,RoadAccidents,RoadAccidents,1,.mp4,4.968,True,30.0,1233,320,240,41.1,0.685,True,train
RoadAccidents113_x264,RoadAccidents113_x264.mp4,data\raw\ucf-crime\Anomaly-Videos-Part-3\Anomaly-Videos-Part-3\RoadAccidents\RoadAccidents113_x264.mp4,ucf-crime\Anomaly-Videos-Part-3\Anomaly-Videos-Part-3\RoadAccidents\RoadAccidents113_x264.mp4,RoadAccidents,RoadAccidents,1,.mp4,13.337,True,30.0,1807,320,240,60.233,1.004,True,train
RoadAccidents114_x264,RoadAccidents114_x264.mp4,data\raw\ucf-crime\Anomaly-Videos-Part-3\Anomaly-Videos-Part-3\RoadAccidents\RoadAccidents114_x264.mp4,ucf-crime\Anomaly-Videos-Part-3\Anomaly-Videos-Part-3\RoadAccidents\RoadAccidents114_x264.mp4,RoadAccidents,RoadAccidents,1,.mp4,6.768,True,30.0,1700,320,240,56.667,0.944,True,train
RoadAccidents115_x264,RoadAccidents115_x264.mp4,data\raw\ucf-crime\Anomaly-Videos-Part-3\Anomaly-Videos-Part-3\RoadAccidents\RoadAccidents115_x264.mp4,ucf-crime\Anomaly-Videos-Part-3\Anomaly-Videos-Part-3\RoadAccidents\RoadAccidents115_x264.mp4,RoadAccidents,RoadAccidents,1,.mp4,13.709,True,30.0,1953,320,240,65.1,1.085,True,train
RoadAccidents117_x264,RoadAccidents117_x264.mp4,data\raw\ucf-crime\Anomaly-Videos-Part-3\Anomaly-Videos-Part-3\RoadAccidents\RoadAccidents117_x264.mp4,ucf-crime\Anomaly-Videos-Part-3\Anomaly-Videos-Part-3\RoadAccidents\RoadAccidents117_x264.mp4,RoadAccidents,RoadAccidents,1,.mp4,16.455,True,30.0,2035,320,240,67.833,1.131,True,train
RoadAccidents118_x264,RoadAccidents118_x264.mp4,data\raw\ucf-crime\Anomaly-Videos-Part-3\Anomaly-Videos-Part-3\RoadAccidents\RoadAccidents118_x264.mp4,ucf-crime\Anomaly-Videos-Part-3\Anomaly-Videos-Part-3\RoadAccidents\RoadAccidents118_x264.mp4,RoadAccidents,RoadAccidents,1,.mp4,7.995,True,30.0,968,320,240,32.267,0.538,True,train
RoadAccidents120_x264,RoadAccidents120_x264.mp4,data\raw\ucf-crime\Anomaly-Videos-Part-3\Anomaly-Videos-Part-3\RoadAccidents\RoadAccidents120_x264.mp4,ucf-crime\Anomaly-Videos-Part-3\Anomaly-Videos-Part-3\RoadAccidents\RoadAccidents120_x264.mp4,RoadAccidents,RoadAccidents,1,.mp4,8.479,True,30.0,1837,320,240,61.233,1.021,True,train
RoadAccidents121_x264,RoadAccidents121_x264.mp4,data\raw\ucf-crime\Anomaly-Videos-Part-3\Anomaly-Videos-Part-3\RoadAccidents\RoadAccidents121_x264.mp4,ucf-crime\Anomaly-Videos-Part-3\Anomaly-Videos-Part-3\RoadAccidents\RoadAccidents121_x264.mp4,RoadAccidents,RoadAccidents,1,.mp4,16.385,True,30.0,1835,320,240,61.167,1.019,True,train
RoadAccidents122_x264,RoadAccidents122_x264.mp4,data\raw\ucf-crime\Anomaly-Videos-Part-3\Anomaly-Videos-Part-3\RoadAccidents\RoadAccidents122_x264.mp4,ucf-crime\Anomaly-Videos-Part-3\Anomaly-Videos-Part-3\RoadAccidents\RoadAccidents122_x264.mp4,RoadAccidents,RoadAccidents,1,.mp4,4.146,True,30.0,647,320,240,21.567,0.359,True,train
RoadAccidents124_x264,RoadAccidents124_x264.mp4,data\raw\ucf-crime\Anomaly-Videos-Part-3\Anomaly-Videos-Part-3\RoadAccidents\RoadAccidents124_x264.mp4,ucf-crime\Anomaly-Videos-Part-3\Anomaly-Videos-Part-3\RoadAccidents\RoadAccidents124_x264.mp4,RoadAccidents,RoadAccidents,1,.mp4,11.827,True,30.0,1495,320,240,49.833,0.831,True,train
RoadAccidents125_x264,RoadAccidents125_x264.mp4,data\raw\ucf-crime\Anomaly-Videos-Part-3\Anomaly-Videos-Part-3\RoadAccidents\RoadAccidents125_x264.mp4,ucf-crime\Anomaly-Videos-Part-3\Anomaly-Videos-Part-3\RoadAccidents\RoadAccidents125_x264.mp4,RoadAccidents,RoadAccidents,1,.mp4,8.843,True,30.0,1771,320,240,59.033,0.984,True,train
RoadAccidents126_x264,RoadAccidents126_x264.mp4,data\raw\ucf-crime\Anomaly-Videos-Part-3\Anomaly-Videos-Part-3\RoadAccidents\RoadAccidents126_x264.mp4,ucf-crime\Anomaly-Videos-Part-3\Anomaly-Videos-Part-3\RoadAccidents\RoadAccidents126_x264.mp4,RoadAccidents,RoadAccidents,1,.mp4,9.535,True,30.0,1216,320,240,40.533,0.676,True,train
RoadAccidents127_x264,RoadAccidents127_x264.mp4,data\raw\ucf-crime\Anomaly-Videos-Part-3\Anomaly-Videos-Part-3\RoadAccidents\RoadAccidents127_x264.mp4,ucf-crime\Anomaly-Videos-Part-3\Anomaly-Videos-Part-3\RoadAccidents\RoadAccidents127_x264.mp4,RoadAccidents,RoadAccidents,1,.mp4,18.464,True,30.0,2580,320,240,86.0,1.433,True,train
RoadAccidents128_x264,RoadAccidents128_x264.mp4,data\raw\ucf-crime\Anomaly-Videos-Part-3\Anomaly-Videos-Part-3\RoadAccidents\RoadAccidents128_x264.mp4,ucf-crime\Anomaly-Videos-Part-3\Anomaly-Videos-Part-3\RoadAccidents\RoadAccidents128_x264.mp4,RoadAccidents,RoadAccidents,1,.mp4,1.506,True,30.0,565,320,240,18.833,0.314,True,train
RoadAccidents129_x264,RoadAccidents129_x264.mp4,data\raw\ucf-crime\Anomaly-Videos-Part-3\Anomaly-Videos-Part-3\RoadAccidents\RoadAccidents129_x264.mp4,ucf-crime\Anomaly-Videos-Part-3\Anomaly-Videos-Part-3\RoadAccidents\RoadAccidents129_x264.mp4,RoadAccidents,RoadAccidents,1,.mp4,1.049,True,30.0,253,320,240,8.433,0.141,True,train
RoadAccidents130_x264,RoadAccidents130_x264.mp4,data\raw\ucf-crime\Anomaly-Videos-Part-3\Anomaly-Videos-Part-3\RoadAccidents\RoadAccidents130_x264.mp4,ucf-crime\Anomaly-Videos-Part-3\Anomaly-Videos-Part-3\RoadAccidents\RoadAccidents130_x264.mp4,RoadAccidents,RoadAccidents,1,.mp4,10.621,True,30.0,1277,320,240,42.567,0.709,True,train
RoadAccidents131_x264,RoadAccidents131_x264.mp4,data\raw\ucf-crime\Anomaly-Videos-Part-3\Anomaly-Videos-Part-3\RoadAccidents\RoadAccidents131_x264.mp4,ucf-crime\Anomaly-Videos-Part-3\Anomaly-Videos-Part-3\RoadAccidents\RoadAccidents131_x264.mp4,RoadAccidents,RoadAccidents,1,.mp4,11.891,True,30.0,1524,320,240,50.8,0.847,True,train
RoadAccidents132_x264,RoadAccidents132_x264.mp4,data\raw\ucf-crime\Anomaly-Videos-Part-3\Anomaly-Videos-Part-3\RoadAccidents\RoadAccidents132_x264.mp4,ucf-crime\Anomaly-Videos-Part-3\Anomaly-Videos-Part-3\RoadAccidents\RoadAccidents132_x264.mp4,RoadAccidents,RoadAccidents,1,.mp4,11.038,True,30.0,1862,320,240,62.067,1.034,True,train
RoadAccidents135_x264,RoadAccidents135_x264.mp4,data\raw\ucf-crime\Anomaly-Videos-Part-3\Anomaly-Videos-Part-3\RoadAccidents\RoadAccidents135_x264.mp4,ucf-crime\Anomaly-Videos-Part-3\Anomaly-Videos-Part-3\RoadAccidents\RoadAccidents135_x264.mp4,RoadAccidents,RoadAccidents,1,.mp4,9.202,True,30.0,1213,320,240,40.433,0.674,True,train
RoadAccidents138_x264,RoadAccidents138_x264.mp4,data\raw\ucf-crime\Anomaly-Videos-Part-3\Anomaly-Videos-Part-3\RoadAccidents\RoadAccidents138_x264.mp4,ucf-crime\Anomaly-Videos-Part-3\Anomaly-Videos-Part-3\RoadAccidents\RoadAccidents138_x264.mp4,RoadAccidents,RoadAccidents,1,.mp4,4.632,True,30.0,962,320,240,32.067,0.534,True,train
RoadAccidents139_x264,RoadAccidents139_x264.mp4,data\raw\ucf-crime\Anomaly-Videos-Part-3\Anomaly-Videos-Part-3\RoadAccidents\RoadAccidents139_x264.mp4,ucf-crime\Anomaly-Videos-Part-3\Anomaly-Videos-Part-3\RoadAccidents\RoadAccidents139_x264.mp4,RoadAccidents,RoadAccidents,1,.mp4,17.183,True,30.0,3638,320,240,121.267,2.021,True,train
RoadAccidents140_x264,RoadAccidents140_x264.mp4,data\raw\ucf-crime\Anomaly-Videos-Part-3\Anomaly-Videos-Part-3\RoadAccidents\RoadAccidents140_x264.mp4,ucf-crime\Anomaly-Videos-Part-3\Anomaly-Videos-Part-3\RoadAccidents\RoadAccidents140_x264.mp4,RoadAccidents,RoadAccidents,1,.mp4,16.322,True,30.0,1980,320,240,66.0,1.1,True,train
RoadAccidents142_x264,RoadAccidents142_x264.mp4,data\raw\ucf-crime\Anomaly-Videos-Part-3\Anomaly-Videos-Part-3\RoadAccidents\RoadAccidents142_x264.mp4,ucf-crime\Anomaly-Videos-Part-3\Anomaly-Videos-Part-3\RoadAccidents\RoadAccidents142_x264.mp4,RoadAccidents,RoadAccidents,1,.mp4,36.949,True,30.0,4320,320,240,144.0,2.4,True,train
RoadAccidents144_x264,RoadAccidents144_x264.mp4,data\raw\ucf-crime\Anomaly-Videos-Part-3\Anomaly-Videos-Part-3\RoadAccidents\RoadAccidents144_x264.mp4,ucf-crime\Anomaly-Videos-Part-3\Anomaly-Videos-Part-3\RoadAccidents\RoadAccidents144_x264.mp4,RoadAccidents,RoadAccidents,1,.mp4,6.081,True,30.0,866,320,240,28.867,0.481,True,train
RoadAccidents146_x264,RoadAccidents146_x264.mp4,data\raw\ucf-crime\Anomaly-Videos-Part-3\Anomaly-Videos-Part-3\RoadAccidents\RoadAccidents146_x264.mp4,ucf-crime\Anomaly-Videos-Part-3\Anomaly-Videos-Part-3\RoadAccidents\RoadAccidents146_x264.mp4,RoadAccidents,RoadAccidents,1,.mp4,8.235,True,30.0,1091,320,240,36.367,0.606,True,train
RoadAccidents147_x264,RoadAccidents147_x264.mp4,data\raw\ucf-crime\Anomaly-Videos-Part-3\Anomaly-Videos-Part-3\RoadAccidents\RoadAccidents147_x264.mp4,ucf-crime\Anomaly-Videos-Part-3\Anomaly-Videos-Part-3\RoadAccidents\RoadAccidents147_x264.mp4,RoadAccidents,RoadAccidents,1,.mp4,49.703,True,30.0,10607,320,240,353.567,5.893,True,train
RoadAccidents148_x264,RoadAccidents148_x264.mp4,data\raw\ucf-crime\Anomaly-Videos-Part-3\Anomaly-Videos-Part-3\RoadAccidents\RoadAccidents148_x264.mp4,ucf-crime\Anomaly-Videos-Part-3\Anomaly-Videos-Part-3\RoadAccidents\RoadAccidents148_x264.mp4,RoadAccidents,RoadAccidents,1,.mp4,118.932,True,30.0,18060,320,240,602.0,10.033,True,train
RoadAccidents149_x264,RoadAccidents149_x264.mp4,data\raw\ucf-crime\Anomaly-Videos-Part-3\Anomaly-Videos-Part-3\RoadAccidents\RoadAccidents149_x264.mp4,ucf-crime\Anomaly-Videos-Part-3\Anomaly-Videos-Part-3\RoadAccidents\RoadAccidents149_x264.mp4,RoadAccidents,RoadAccidents,1,.mp4,15.461,True,30.0,2143,320,240,71.433,1.191,True,train
RoadAccidents150_x264,RoadAccidents150_x264.mp4,data\raw\ucf-crime\Anomaly-Videos-Part-3\Anomaly-Videos-Part-3\RoadAccidents\RoadAccidents150_x264.mp4,ucf-crime\Anomaly-Videos-Part-3\Anomaly-Videos-Part-3\RoadAccidents\RoadAccidents150_x264.mp4,RoadAccidents,RoadAccidents,1,.mp4,9.681,True,30.0,1500,320,240,50.0,0.833,True,train
RoadAccidents151_x264,RoadAccidents151_x264.mp4,data\raw\ucf-crime\Anomaly-Videos-Part-3\Anomaly-Videos-Part-3\RoadAccidents\RoadAccidents151_x264.mp4,ucf-crime\Anomaly-Videos-Part-3\Anomaly-Videos-Part-3\RoadAccidents\RoadAccidents151_x264.mp4,RoadAccidents,RoadAccidents,1,.mp4,7.024,True,30.0,842,320,240,28.067,0.468,True,train
Robbery002_x264,Robbery002_x264.mp4,data\raw\ucf-crime\Anomaly-Videos-Part-3\Anomaly-Videos-Part-3\Robbery\Robbery002_x264.mp4,ucf-crime\Anomaly-Videos-Part-3\Anomaly-Videos-Part-3\Robbery\Robbery002_x264.mp4,Robbery,Robbery,1,.mp4,8.311,True,30.0,3203,320,240,106.767,1.779,True,train
Robbery004_x264,Robbery004_x264.mp4,data\raw\ucf-crime\Anomaly-Videos-Part-3\Anomaly-Videos-Part-3\Robbery\Robbery004_x264.mp4,ucf-crime\Anomaly-Videos-Part-3\Anomaly-Videos-Part-3\Robbery\Robbery004_x264.mp4,Robbery,Robbery,1,.mp4,8.176,True,30.0,1529,320,240,50.967,0.849,True,train
Robbery006_x264,Robbery006_x264.mp4,data\raw\ucf-crime\Anomaly-Videos-Part-3\Anomaly-Videos-Part-3\Robbery\Robbery006_x264.mp4,ucf-crime\Anomaly-Videos-Part-3\Anomaly-Videos-Part-3\Robbery\Robbery006_x264.mp4,Robbery,Robbery,1,.mp4,25.344,True,30.0,3399,320,240,113.3,1.888,True,train
Robbery007_x264,Robbery007_x264.mp4,data\raw\ucf-crime\Anomaly-Videos-Part-3\Anomaly-Videos-Part-3\Robbery\Robbery007_x264.mp4,ucf-crime\Anomaly-Videos-Part-3\Anomaly-Videos-Part-3\Robbery\Robbery007_x264.mp4,Robbery,Robbery,1,.mp4,14.801,True,30.0,2064,320,240,68.8,1.147,True,train
Robbery008_x264,Robbery008_x264.mp4,data\raw\ucf-crime\Anomaly-Videos-Part-3\Anomaly-Videos-Part-3\Robbery\Robbery008_x264.mp4,ucf-crime\Anomaly-Videos-Part-3\Anomaly-Videos-Part-3\Robbery\Robbery008_x264.mp4,Robbery,Robbery,1,.mp4,18.172,True,30.0,2257,320,240,75.233,1.254,True,train
Robbery011_x264,Robbery011_x264.mp4,data\raw\ucf-crime\Anomaly-Videos-Part-3\Anomaly-Videos-Part-3\Robbery\Robbery011_x264.mp4,ucf-crime\Anomaly-Videos-Part-3\Anomaly-Videos-Part-3\Robbery\Robbery011_x264.mp4,Robbery,Robbery,1,.mp4,10.847,True,30.0,1627,320,240,54.233,0.904,True,train
Robbery012_x264,Robbery012_x264.mp4,data\raw\ucf-crime\Anomaly-Videos-Part-3\Anomaly-Videos-Part-3\Robbery\Robbery012_x264.mp4,ucf-crime\Anomaly-Videos-Part-3\Anomaly-Videos-Part-3\Robbery\Robbery012_x264.mp4,Robbery,Robbery,1,.mp4,5.985,True,30.0,749,320,240,24.967,0.416,True,train
Robbery014_x264,Robbery014_x264.mp4,data\raw\ucf-crime\Anomaly-Videos-Part-3\Anomaly-Videos-Part-3\Robbery\Robbery014_x264.mp4,ucf-crime\Anomaly-Videos-Part-3\Anomaly-Videos-Part-3\Robbery\Robbery014_x264.mp4,Robbery,Robbery,1,.mp4,121.172,True,30.0,15278,320,240,509.267,8.488,True,train
Robbery016_x264,Robbery016_x264.mp4,data\raw\ucf-crime\Anomaly-Videos-Part-3\Anomaly-Videos-Part-3\Robbery\Robbery016_x264.mp4,ucf-crime\Anomaly-Videos-Part-3\Anomaly-Videos-Part-3\Robbery\Robbery016_x264.mp4,Robbery,Robbery,1,.mp4,12.789,True,30.0,1653,320,240,55.1,0.918,True,train
Robbery018_x264,Robbery018_x264.mp4,data\raw\ucf-crime\Anomaly-Videos-Part-3\Anomaly-Videos-Part-3\Robbery\Robbery018_x264.mp4,ucf-crime\Anomaly-Videos-Part-3\Anomaly-Videos-Part-3\Robbery\Robbery018_x264.mp4,Robbery,Robbery,1,.mp4,22.665,True,30.0,2879,320,240,95.967,1.599,True,train
Robbery021_x264,Robbery021_x264.mp4,data\raw\ucf-crime\Anomaly-Videos-Part-3\Anomaly-Videos-Part-3\Robbery\Robbery021_x264.mp4,ucf-crime\Anomaly-Videos-Part-3\Anomaly-Videos-Part-3\Robbery\Robbery021_x264.mp4,Robbery,Robbery,1,.mp4,64.298,True,30.0,8223,320,240,274.1,4.568,True,train
Robbery022_x264,Robbery022_x264.mp4,data\raw\ucf-crime\Anomaly-Videos-Part-3\Anomaly-Videos-Part-3\Robbery\Robbery022_x264.mp4,ucf-crime\Anomaly-Videos-Part-3\Anomaly-Videos-Part-3\Robbery\Robbery022_x264.mp4,Robbery,Robbery,1,.mp4,19.301,True,30.0,3513,320,240,117.1,1.952,True,train
Robbery023_x264,Robbery023_x264.mp4,data\raw\ucf-crime\Anomaly-Videos-Part-3\Anomaly-Videos-Part-3\Robbery\Robbery023_x264.mp4,ucf-crime\Anomaly-Videos-Part-3\Anomaly-Videos-Part-3\Robbery\Robbery023_x264.mp4,Robbery,Robbery,1,.mp4,8.163,True,30.0,1111,320,240,37.033,0.617,True,train
Robbery025_x264,Robbery025_x264.mp4,data\raw\ucf-crime\Anomaly-Videos-Part-3\Anomaly-Videos-Part-3\Robbery\Robbery025_x264.mp4,ucf-crime\Anomaly-Videos-Part-3\Anomaly-Videos-Part-3\Robbery\Robbery025_x264.mp4,Robbery,Robbery,1,.mp4,11.961,True,30.0,1466,320,240,48.867,0.814,True,train
Robbery026_x264,Robbery026_x264.mp4,data\raw\ucf-crime\Anomaly-Videos-Part-3\Anomaly-Videos-Part-3\Robbery\Robbery026_x264.mp4,ucf-crime\Anomaly-Videos-Part-3\Anomaly-Videos-Part-3\Robbery\Robbery026_x264.mp4,Robbery,Robbery,1,.mp4,104.837,True,30.0,13115,320,240,437.167,7.286,True,train
Robbery027_x264,Robbery027_x264.mp4,data\raw\ucf-crime\Anomaly-Videos-Part-3\Anomaly-Videos-Part-3\Robbery\Robbery027_x264.mp4,ucf-crime\Anomaly-Videos-Part-3\Anomaly-Videos-Part-3\Robbery\Robbery027_x264.mp4,Robbery,Robbery,1,.mp4,42.647,True,30.0,5400,320,240,180.0,3.0,True,train
Robbery028_x264,Robbery028_x264.mp4,data\raw\ucf-crime\Anomaly-Videos-Part-3\Anomaly-Videos-Part-3\Robbery\Robbery028_x264.mp4,ucf-crime\Anomaly-Videos-Part-3\Anomaly-Videos-Part-3\Robbery\Robbery028_x264.mp4,Robbery,Robbery,1,.mp4,18.508,True,30.0,2342,320,240,78.067,1.301,True,train
Robbery029_x264,Robbery029_x264.mp4,data\raw\ucf-crime\Anomaly-Videos-Part-3\Anomaly-Videos-Part-3\Robbery\Robbery029_x264.mp4,ucf-crime\Anomaly-Videos-Part-3\Anomaly-Videos-Part-3\Robbery\Robbery029_x264.mp4,Robbery,Robbery,1,.mp4,17.552,True,30.0,2183,320,240,72.767,1.213,True,train
Robbery030_x264,Robbery030_x264.mp4,data\raw\ucf-crime\Anomaly-Videos-Part-3\Anomaly-Videos-Part-3\Robbery\Robbery030_x264.mp4,ucf-crime\Anomaly-Videos-Part-3\Anomaly-Videos-Part-3\Robbery\Robbery030_x264.mp4,Robbery,Robbery,1,.mp4,16.573,True,30.0,2976,320,240,99.2,1.653,True,train
Robbery031_x264,Robbery031_x264.mp4,data\raw\ucf-crime\Anomaly-Videos-Part-3\Anomaly-Videos-Part-3\Robbery\Robbery031_x264.mp4,ucf-crime\Anomaly-Videos-Part-3\Anomaly-Videos-Part-3\Robbery\Robbery031_x264.mp4,Robbery,Robbery,1,.mp4,8.283,True,30.0,1107,320,240,36.9,0.615,True,train
Robbery032_x264,Robbery032_x264.mp4,data\raw\ucf-crime\Anomaly-Videos-Part-3\Anomaly-Videos-Part-3\Robbery\Robbery032_x264.mp4,ucf-crime\Anomaly-Videos-Part-3\Anomaly-Videos-Part-3\Robbery\Robbery032_x264.mp4,Robbery,Robbery,1,.mp4,25.703,True,30.0,5400,320,240,180.0,3.0,True,train
Robbery033_x264,Robbery033_x264.mp4,data\raw\ucf-crime\Anomaly-Videos-Part-3\Anomaly-Videos-Part-3\Robbery\Robbery033_x264.mp4,ucf-crime\Anomaly-Videos-Part-3\Anomaly-Videos-Part-3\Robbery\Robbery033_x264.mp4,Robbery,Robbery,1,.mp4,6.793,True,30.0,950,320,240,31.667,0.528,True,train
Robbery036_x264,Robbery036_x264.mp4,data\raw\ucf-crime\Anomaly-Videos-Part-3\Anomaly-Videos-Part-3\Robbery\Robbery036_x264.mp4,ucf-crime\Anomaly-Videos-Part-3\Anomaly-Videos-Part-3\Robbery\Robbery036_x264.mp4,Robbery,Robbery,1,.mp4,47.717,True,30.0,6171,320,240,205.7,3.428,True,train
Robbery039_x264,Robbery039_x264.mp4,data\raw\ucf-crime\Anomaly-Videos-Part-3\Anomaly-Videos-Part-3\Robbery\Robbery039_x264.mp4,ucf-crime\Anomaly-Videos-Part-3\Anomaly-Videos-Part-3\Robbery\Robbery039_x264.mp4,Robbery,Robbery,1,.mp4,3.868,True,30.0,525,320,240,17.5,0.292,True,train
Robbery040_x264,Robbery040_x264.mp4,data\raw\ucf-crime\Anomaly-Videos-Part-3\Anomaly-Videos-Part-3\Robbery\Robbery040_x264.mp4,ucf-crime\Anomaly-Videos-Part-3\Anomaly-Videos-Part-3\Robbery\Robbery040_x264.mp4,Robbery,Robbery,1,.mp4,5.726,True,30.0,1044,320,240,34.8,0.58,True,train
Robbery041_x264,Robbery041_x264.mp4,data\raw\ucf-crime\Anomaly-Videos-Part-3\Anomaly-Videos-Part-3\Robbery\Robbery041_x264.mp4,ucf-crime\Anomaly-Videos-Part-3\Anomaly-Videos-Part-3\Robbery\Robbery041_x264.mp4,Robbery,Robbery,1,.mp4,10.338,True,30.0,1367,320,240,45.567,0.759,True,train
Robbery042_x264,Robbery042_x264.mp4,data\raw\ucf-crime\Anomaly-Videos-Part-3\Anomaly-Videos-Part-3\Robbery\Robbery042_x264.mp4,ucf-crime\Anomaly-Videos-Part-3\Anomaly-Videos-Part-3\Robbery\Robbery042_x264.mp4,Robbery,Robbery,1,.mp4,16.888,True,30.0,2172,320,240,72.4,1.207,True,train
Robbery043_x264,Robbery043_x264.mp4,data\raw\ucf-crime\Anomaly-Videos-Part-3\Anomaly-Videos-Part-3\Robbery\Robbery043_x264.mp4,ucf-crime\Anomaly-Videos-Part-3\Anomaly-Videos-Part-3\Robbery\Robbery043_x264.mp4,Robbery,Robbery,1,.mp4,8.139,True,30.0,1038,320,240,34.6,0.577,True,train
Robbery044_x264,Robbery044_x264.mp4,data\raw\ucf-crime\Anomaly-Videos-Part-3\Anomaly-Videos-Part-3\Robbery\Robbery044_x264.mp4,ucf-crime\Anomaly-Videos-Part-3\Anomaly-Videos-Part-3\Robbery\Robbery044_x264.mp4,Robbery,Robbery,1,.mp4,3.162,True,30.0,468,320,240,15.6,0.26,True,train
Robbery045_x264,Robbery045_x264.mp4,data\raw\ucf-crime\Anomaly-Videos-Part-3\Anomaly-Videos-Part-3\Robbery\Robbery045_x264.mp4,ucf-crime\Anomaly-Videos-Part-3\Anomaly-Videos-Part-3\Robbery\Robbery045_x264.mp4,Robbery,Robbery,1,.mp4,25.98,True,30.0,3331,320,240,111.033,1.851,True,train
Robbery046_x264,Robbery046_x264.mp4,data\raw\ucf-crime\Anomaly-Videos-Part-3\Anomaly-Videos-Part-3\Robbery\Robbery046_x264.mp4,ucf-crime\Anomaly-Videos-Part-3\Anomaly-Videos-Part-3\Robbery\Robbery046_x264.mp4,Robbery,Robbery,1,.mp4,3.846,True,30.0,852,320,240,28.4,0.473,True,train
Robbery048_x264,Robbery048_x264.mp4,data\raw\ucf-crime\Anomaly-Videos-Part-3\Anomaly-Videos-Part-3\Robbery\Robbery048_x264.mp4,ucf-crime\Anomaly-Videos-Part-3\Anomaly-Videos-Part-3\Robbery\Robbery048_x264.mp4,Robbery,Robbery,1,.mp4,9.059,True,30.0,1409,320,240,46.967,0.783,True,train
Robbery051_x264,Robbery051_x264.mp4,data\raw\ucf-crime\Anomaly-Videos-Part-3\Anomaly-Videos-Part-3\Robbery\Robbery051_x264.mp4,ucf-crime\Anomaly-Videos-Part-3\Anomaly-Videos-Part-3\Robbery\Robbery051_x264.mp4,Robbery,Robbery,1,.mp4,13.597,True,30.0,1594,320,240,53.133,0.886,True,train
Robbery052_x264,Robbery052_x264.mp4,data\raw\ucf-crime\Anomaly-Videos-Part-3\Anomaly-Videos-Part-3\Robbery\Robbery052_x264.mp4,ucf-crime\Anomaly-Videos-Part-3\Anomaly-Videos-Part-3\Robbery\Robbery052_x264.mp4,Robbery,Robbery,1,.mp4,16.529,True,30.0,3601,320,240,120.033,2.001,True,train
Robbery053_x264,Robbery053_x264.mp4,data\raw\ucf-crime\Anomaly-Videos-Part-3\Anomaly-Videos-Part-3\Robbery\Robbery053_x264.mp4,ucf-crime\Anomaly-Videos-Part-3\Anomaly-Videos-Part-3\Robbery\Robbery053_x264.mp4,Robbery,Robbery,1,.mp4,9.757,True,30.0,1835,320,240,61.167,1.019,True,train
Robbery054_x264,Robbery054_x264.mp4,data\raw\ucf-crime\Anomaly-Videos-Part-3\Anomaly-Videos-Part-3\Robbery\Robbery054_x264.mp4,ucf-crime\Anomaly-Videos-Part-3\Anomaly-Videos-Part-3\Robbery\Robbery054_x264.mp4,Robbery,Robbery,1,.mp4,16.628,True,30.0,1977,320,240,65.9,1.098,True,train
Robbery055_x264,Robbery055_x264.mp4,data\raw\ucf-crime\Anomaly-Videos-Part-3\Anomaly-Videos-Part-3\Robbery\Robbery055_x264.mp4,ucf-crime\Anomaly-Videos-Part-3\Anomaly-Videos-Part-3\Robbery\Robbery055_x264.mp4,Robbery,Robbery,1,.mp4,65.783,True,30.0,9551,320,240,318.367,5.306,True,train
Robbery056_x264,Robbery056_x264.mp4,data\raw\ucf-crime\Anomaly-Videos-Part-3\Anomaly-Videos-Part-3\Robbery\Robbery056_x264.mp4,ucf-crime\Anomaly-Videos-Part-3\Anomaly-Videos-Part-3\Robbery\Robbery056_x264.mp4,Robbery,Robbery,1,.mp4,17.286,True,30.0,2761,320,240,92.033,1.534,True,train
Robbery057_x264,Robbery057_x264.mp4,data\raw\ucf-crime\Anomaly-Videos-Part-3\Anomaly-Videos-Part-3\Robbery\Robbery057_x264.mp4,ucf-crime\Anomaly-Videos-Part-3\Anomaly-Videos-Part-3\Robbery\Robbery057_x264.mp4,Robbery,Robbery,1,.mp4,14.159,True,30.0,2145,320,240,71.5,1.192,True,train
Robbery058_x264,Robbery058_x264.mp4,data\raw\ucf-crime\Anomaly-Videos-Part-3\Anomaly-Videos-Part-3\Robbery\Robbery058_x264.mp4,ucf-crime\Anomaly-Videos-Part-3\Anomaly-Videos-Part-3\Robbery\Robbery058_x264.mp4,Robbery,Robbery,1,.mp4,6.469,True,30.0,1759,320,240,58.633,0.977,True,train
Robbery059_x264,Robbery059_x264.mp4,data\raw\ucf-crime\Anomaly-Videos-Part-3\Anomaly-Videos-Part-3\Robbery\Robbery059_x264.mp4,ucf-crime\Anomaly-Videos-Part-3\Anomaly-Videos-Part-3\Robbery\Robbery059_x264.mp4,Robbery,Robbery,1,.mp4,32.048,True,30.0,9654,320,240,321.8,5.363,True,train
Robbery061_x264,Robbery061_x264.mp4,data\raw\ucf-crime\Anomaly-Videos-Part-3\Anomaly-Videos-Part-3\Robbery\Robbery061_x264.mp4,ucf-crime\Anomaly-Videos-Part-3\Anomaly-Videos-Part-3\Robbery\Robbery061_x264.mp4,Robbery,Robbery,1,.mp4,29.14,True,30.0,3681,320,240,122.7,2.045,True,train
Robbery066_x264,Robbery066_x264.mp4,data\raw\ucf-crime\Anomaly-Videos-Part-3\Anomaly-Videos-Part-3\Robbery\Robbery066_x264.mp4,ucf-crime\Anomaly-Videos-Part-3\Anomaly-Videos-Part-3\Robbery\Robbery066_x264.mp4,Robbery,Robbery,1,.mp4,26.207,True,30.0,4782,320,240,159.4,2.657,True,train
Robbery067_x264,Robbery067_x264.mp4,data\raw\ucf-crime\Anomaly-Videos-Part-3\Anomaly-Videos-Part-3\Robbery\Robbery067_x264.mp4,ucf-crime\Anomaly-Videos-Part-3\Anomaly-Videos-Part-3\Robbery\Robbery067_x264.mp4,Robbery,Robbery,1,.mp4,17.966,True,30.0,3991,320,240,133.033,2.217,True,train
Robbery070_x264,Robbery070_x264.mp4,data\raw\ucf-crime\Anomaly-Videos-Part-3\Anomaly-Videos-Part-3\Robbery\Robbery070_x264.mp4,ucf-crime\Anomaly-Videos-Part-3\Anomaly-Videos-Part-3\Robbery\Robbery070_x264.mp4,Robbery,Robbery,1,.mp4,4.608,True,30.0,591,320,240,19.7,0.328,True,train
Robbery071_x264,Robbery071_x264.mp4,data\raw\ucf-crime\Anomaly-Videos-Part-3\Anomaly-Videos-Part-3\Robbery\Robbery071_x264.mp4,ucf-crime\Anomaly-Videos-Part-3\Anomaly-Videos-Part-3\Robbery\Robbery071_x264.mp4,Robbery,Robbery,1,.mp4,9.852,True,30.0,1562,320,240,52.067,0.868,True,train
Robbery072_x264,Robbery072_x264.mp4,data\raw\ucf-crime\Anomaly-Videos-Part-3\Anomaly-Videos-Part-3\Robbery\Robbery072_x264.mp4,ucf-crime\Anomaly-Videos-Part-3\Anomaly-Videos-Part-3\Robbery\Robbery072_x264.mp4,Robbery,Robbery,1,.mp4,6.618,True,30.0,1394,320,240,46.467,0.774,True,train
Robbery074_x264,Robbery074_x264.mp4,data\raw\ucf-crime\Anomaly-Videos-Part-3\Anomaly-Videos-Part-3\Robbery\Robbery074_x264.mp4,ucf-crime\Anomaly-Videos-Part-3\Anomaly-Videos-Part-3\Robbery\Robbery074_x264.mp4,Robbery,Robbery,1,.mp4,6.192,True,30.0,784,320,240,26.133,0.436,True,train
Robbery076_x264,Robbery076_x264.mp4,data\raw\ucf-crime\Anomaly-Videos-Part-3\Anomaly-Videos-Part-3\Robbery\Robbery076_x264.mp4,ucf-crime\Anomaly-Videos-Part-3\Anomaly-Videos-Part-3\Robbery\Robbery076_x264.mp4,Robbery,Robbery,1,.mp4,6.103,True,30.0,776,320,240,25.867,0.431,True,train
Robbery079_x264,Robbery079_x264.mp4,data\raw\ucf-crime\Anomaly-Videos-Part-3\Anomaly-Videos-Part-3\Robbery\Robbery079_x264.mp4,ucf-crime\Anomaly-Videos-Part-3\Anomaly-Videos-Part-3\Robbery\Robbery079_x264.mp4,Robbery,Robbery,1,.mp4,4.263,True,30.0,748,320,240,24.933,0.416,True,train
Robbery080_x264,Robbery080_x264.mp4,data\raw\ucf-crime\Anomaly-Videos-Part-3\Anomaly-Videos-Part-3\Robbery\Robbery080_x264.mp4,ucf-crime\Anomaly-Videos-Part-3\Anomaly-Videos-Part-3\Robbery\Robbery080_x264.mp4,Robbery,Robbery,1,.mp4,17.321,True,30.0,2479,320,240,82.633,1.377,True,train
Robbery081_x264,Robbery081_x264.mp4,data\raw\ucf-crime\Anomaly-Videos-Part-3\Anomaly-Videos-Part-3\Robbery\Robbery081_x264.mp4,ucf-crime\Anomaly-Videos-Part-3\Anomaly-Videos-Part-3\Robbery\Robbery081_x264.mp4,Robbery,Robbery,1,.mp4,33.47,True,30.0,5497,320,240,183.233,3.054,True,train
Robbery082_x264,Robbery082_x264.mp4,data\raw\ucf-crime\Anomaly-Videos-Part-3\Anomaly-Videos-Part-3\Robbery\Robbery082_x264.mp4,ucf-crime\Anomaly-Videos-Part-3\Anomaly-Videos-Part-3\Robbery\Robbery082_x264.mp4,Robbery,Robbery,1,.mp4,4.7,True,30.0,1577,320,240,52.567,0.876,True,train
Robbery083_x264,Robbery083_x264.mp4,data\raw\ucf-crime\Anomaly-Videos-Part-3\Anomaly-Videos-Part-3\Robbery\Robbery083_x264.mp4,ucf-crime\Anomaly-Videos-Part-3\Anomaly-Videos-Part-3\Robbery\Robbery083_x264.mp4,Robbery,Robbery,1,.mp4,7.512,True,30.0,966,320,240,32.2,0.537,True,train
Robbery085_x264,Robbery085_x264.mp4,data\raw\ucf-crime\Anomaly-Videos-Part-3\Anomaly-Videos-Part-3\Robbery\Robbery085_x264.mp4,ucf-crime\Anomaly-Videos-Part-3\Anomaly-Videos-Part-3\Robbery\Robbery085_x264.mp4,Robbery,Robbery,1,.mp4,5.339,True,30.0,1874,320,240,62.467,1.041,True,train
Robbery086_x264,Robbery086_x264.mp4,data\raw\ucf-crime\Anomaly-Videos-Part-3\Anomaly-Videos-Part-3\Robbery\Robbery086_x264.mp4,ucf-crime\Anomaly-Videos-Part-3\Anomaly-Videos-Part-3\Robbery\Robbery086_x264.mp4,Robbery,Robbery,1,.mp4,37.945,True,30.0,7204,320,240,240.133,4.002,True,train
Robbery087_x264,Robbery087_x264.mp4,data\raw\ucf-crime\Anomaly-Videos-Part-3\Anomaly-Videos-Part-3\Robbery\Robbery087_x264.mp4,ucf-crime\Anomaly-Videos-Part-3\Anomaly-Videos-Part-3\Robbery\Robbery087_x264.mp4,Robbery,Robbery,1,.mp4,8.264,True,30.0,1004,320,240,33.467,0.558,True,train
Robbery088_x264,Robbery088_x264.mp4,data\raw\ucf-crime\Anomaly-Videos-Part-3\Anomaly-Videos-Part-3\Robbery\Robbery088_x264.mp4,ucf-crime\Anomaly-Videos-Part-3\Anomaly-Videos-Part-3\Robbery\Robbery088_x264.mp4,Robbery,Robbery,1,.mp4,40.159,True,30.0,4728,320,240,157.6,2.627,True,train
Robbery089_x264,Robbery089_x264.mp4,data\raw\ucf-crime\Anomaly-Videos-Part-3\Anomaly-Videos-Part-3\Robbery\Robbery089_x264.mp4,ucf-crime\Anomaly-Videos-Part-3\Anomaly-Videos-Part-3\Robbery\Robbery089_x264.mp4,Robbery,Robbery,1,.mp4,2.058,True,30.0,272,320,240,9.067,0.151,True,train
Robbery091_x264,Robbery091_x264.mp4,data\raw\ucf-crime\Anomaly-Videos-Part-3\Anomaly-Videos-Part-3\Robbery\Robbery091_x264.mp4,ucf-crime\Anomaly-Videos-Part-3\Anomaly-Videos-Part-3\Robbery\Robbery091_x264.mp4,Robbery,Robbery,1,.mp4,11.501,True,30.0,1904,320,240,63.467,1.058,True,train
Robbery092_x264,Robbery092_x264.mp4,data\raw\ucf-crime\Anomaly-Videos-Part-3\Anomaly-Videos-Part-3\Robbery\Robbery092_x264.mp4,ucf-crime\Anomaly-Videos-Part-3\Anomaly-Videos-Part-3\Robbery\Robbery092_x264.mp4,Robbery,Robbery,1,.mp4,6.523,True,30.0,850,320,240,28.333,0.472,True,train
Robbery093_x264,Robbery093_x264.mp4,data\raw\ucf-crime\Anomaly-Videos-Part-3\Anomaly-Videos-Part-3\Robbery\Robbery093_x264.mp4,ucf-crime\Anomaly-Videos-Part-3\Anomaly-Videos-Part-3\Robbery\Robbery093_x264.mp4,Robbery,Robbery,1,.mp4,7.236,True,30.0,1170,320,240,39.0,0.65,True,train
Robbery096_x264,Robbery096_x264.mp4,data\raw\ucf-crime\Anomaly-Videos-Part-3\Anomaly-Videos-Part-3\Robbery\Robbery096_x264.mp4,ucf-crime\Anomaly-Videos-Part-3\Anomaly-Videos-Part-3\Robbery\Robbery096_x264.mp4,Robbery,Robbery,1,.mp4,27.202,True,30.0,4032,320,240,134.4,2.24,True,train
Robbery097_x264,Robbery097_x264.mp4,data\raw\ucf-crime\Anomaly-Videos-Part-3\Anomaly-Videos-Part-3\Robbery\Robbery097_x264.mp4,ucf-crime\Anomaly-Videos-Part-3\Anomaly-Videos-Part-3\Robbery\Robbery097_x264.mp4,Robbery,Robbery,1,.mp4,28.26,True,30.0,3536,320,240,117.867,1.964,True,train
Robbery098_x264,Robbery098_x264.mp4,data\raw\ucf-crime\Anomaly-Videos-Part-3\Anomaly-Videos-Part-3\Robbery\Robbery098_x264.mp4,ucf-crime\Anomaly-Videos-Part-3\Anomaly-Videos-Part-3\Robbery\Robbery098_x264.mp4,Robbery,Robbery,1,.mp4,78.184,True,30.0,12106,320,240,403.533,6.726,True,train
Robbery099_x264,Robbery099_x264.mp4,data\raw\ucf-crime\Anomaly-Videos-Part-3\Anomaly-Videos-Part-3\Robbery\Robbery099_x264.mp4,ucf-crime\Anomaly-Videos-Part-3\Anomaly-Videos-Part-3\Robbery\Robbery099_x264.mp4,Robbery,Robbery,1,.mp4,13.17,True,30.0,1606,320,240,53.533,0.892,True,train
Robbery102_x264,Robbery102_x264.mp4,data\raw\ucf-crime\Anomaly-Videos-Part-3\Anomaly-Videos-Part-3\Robbery\Robbery102_x264.mp4,ucf-crime\Anomaly-Videos-Part-3\Anomaly-Videos-Part-3\Robbery\Robbery102_x264.mp4,Robbery,Robbery,1,.mp4,8.829,True,30.0,1827,320,240,60.9,1.015,True,train
Robbery103_x264,Robbery103_x264.mp4,data\raw\ucf-crime\Anomaly-Videos-Part-3\Anomaly-Videos-Part-3\Robbery\Robbery103_x264.mp4,ucf-crime\Anomaly-Videos-Part-3\Anomaly-Videos-Part-3\Robbery\Robbery103_x264.mp4,Robbery,Robbery,1,.mp4,18.525,True,30.0,2189,320,240,72.967,1.216,True,train
Robbery104_x264,Robbery104_x264.mp4,data\raw\ucf-crime\Anomaly-Videos-Part-3\Anomaly-Videos-Part-3\Robbery\Robbery104_x264.mp4,ucf-crime\Anomaly-Videos-Part-3\Anomaly-Videos-Part-3\Robbery\Robbery104_x264.mp4,Robbery,Robbery,1,.mp4,2.899,True,30.0,1748,320,240,58.267,0.971,True,train
Robbery105_x264,Robbery105_x264.mp4,data\raw\ucf-crime\Anomaly-Videos-Part-3\Anomaly-Videos-Part-3\Robbery\Robbery105_x264.mp4,ucf-crime\Anomaly-Videos-Part-3\Anomaly-Videos-Part-3\Robbery\Robbery105_x264.mp4,Robbery,Robbery,1,.mp4,15.719,True,30.0,1857,320,240,61.9,1.032,True,train
Robbery106_x264,Robbery106_x264.mp4,data\raw\ucf-crime\Anomaly-Videos-Part-3\Anomaly-Videos-Part-3\Robbery\Robbery106_x264.mp4,ucf-crime\Anomaly-Videos-Part-3\Anomaly-Videos-Part-3\Robbery\Robbery106_x264.mp4,Robbery,Robbery,1,.mp4,5.304,True,30.0,1197,320,240,39.9,0.665,True,train
Robbery107_x264,Robbery107_x264.mp4,data\raw\ucf-crime\Anomaly-Videos-Part-3\Anomaly-Videos-Part-3\Robbery\Robbery107_x264.mp4,ucf-crime\Anomaly-Videos-Part-3\Anomaly-Videos-Part-3\Robbery\Robbery107_x264.mp4,Robbery,Robbery,1,.mp4,7.385,True,30.0,1683,320,240,56.1,0.935,True,train
Robbery109_x264,Robbery109_x264.mp4,data\raw\ucf-crime\Anomaly-Videos-Part-3\Anomaly-Videos-Part-3\Robbery\Robbery109_x264.mp4,ucf-crime\Anomaly-Videos-Part-3\Anomaly-Videos-Part-3\Robbery\Robbery109_x264.mp4,Robbery,Robbery,1,.mp4,16.855,True,30.0,3024,320,240,100.8,1.68,True,train
Robbery110_x264,Robbery110_x264.mp4,data\raw\ucf-crime\Anomaly-Videos-Part-3\Anomaly-Videos-Part-3\Robbery\Robbery110_x264.mp4,ucf-crime\Anomaly-Videos-Part-3\Anomaly-Videos-Part-3\Robbery\Robbery110_x264.mp4,Robbery,Robbery,1,.mp4,18.076,True,30.0,2549,320,240,84.967,1.416,True,train
Robbery111_x264,Robbery111_x264.mp4,data\raw\ucf-crime\Anomaly-Videos-Part-3\Anomaly-Videos-Part-3\Robbery\Robbery111_x264.mp4,ucf-crime\Anomaly-Videos-Part-3\Anomaly-Videos-Part-3\Robbery\Robbery111_x264.mp4,Robbery,Robbery,1,.mp4,36.241,True,30.0,5708,320,240,190.267,3.171,True,train
Robbery112_x264,Robbery112_x264.mp4,data\raw\ucf-crime\Anomaly-Videos-Part-3\Anomaly-Videos-Part-3\Robbery\Robbery112_x264.mp4,ucf-crime\Anomaly-Videos-Part-3\Anomaly-Videos-Part-3\Robbery\Robbery112_x264.mp4,Robbery,Robbery,1,.mp4,10.306,True,30.0,1372,320,240,45.733,0.762,True,train
Robbery114_x264,Robbery114_x264.mp4,data\raw\ucf-crime\Anomaly-Videos-Part-3\Anomaly-Videos-Part-3\Robbery\Robbery114_x264.mp4,ucf-crime\Anomaly-Videos-Part-3\Anomaly-Videos-Part-3\Robbery\Robbery114_x264.mp4,Robbery,Robbery,1,.mp4,15.69,True,30.0,2072,320,240,69.067,1.151,True,train
Robbery115_x264,Robbery115_x264.mp4,data\raw\ucf-crime\Anomaly-Videos-Part-3\Anomaly-Videos-Part-3\Robbery\Robbery115_x264.mp4,ucf-crime\Anomaly-Videos-Part-3\Anomaly-Videos-Part-3\Robbery\Robbery115_x264.mp4,Robbery,Robbery,1,.mp4,12.249,True,30.0,1836,320,240,61.2,1.02,True,train
Robbery116_x264,Robbery116_x264.mp4,data\raw\ucf-crime\Anomaly-Videos-Part-3\Anomaly-Videos-Part-3\Robbery\Robbery116_x264.mp4,ucf-crime\Anomaly-Videos-Part-3\Anomaly-Videos-Part-3\Robbery\Robbery116_x264.mp4,Robbery,Robbery,1,.mp4,2.595,True,30.0,449,320,240,14.967,0.249,True,train
Robbery117_x264,Robbery117_x264.mp4,data\raw\ucf-crime\Anomaly-Videos-Part-3\Anomaly-Videos-Part-3\Robbery\Robbery117_x264.mp4,ucf-crime\Anomaly-Videos-Part-3\Anomaly-Videos-Part-3\Robbery\Robbery117_x264.mp4,Robbery,Robbery,1,.mp4,20.246,True,30.0,3360,320,240,112.0,1.867,True,train
Robbery119_x264,Robbery119_x264.mp4,data\raw\ucf-crime\Anomaly-Videos-Part-3\Anomaly-Videos-Part-3\Robbery\Robbery119_x264.mp4,ucf-crime\Anomaly-Videos-Part-3\Anomaly-Videos-Part-3\Robbery\Robbery119_x264.mp4,Robbery,Robbery,1,.mp4,13.829,True,30.0,3067,320,240,102.233,1.704,True,train
Robbery120_x264,Robbery120_x264.mp4,data\raw\ucf-crime\Anomaly-Videos-Part-3\Anomaly-Videos-Part-3\Robbery\Robbery120_x264.mp4,ucf-crime\Anomaly-Videos-Part-3\Anomaly-Videos-Part-3\Robbery\Robbery120_x264.mp4,Robbery,Robbery,1,.mp4,6.6,True,30.0,960,320,240,32.0,0.533,True,train
Robbery121_x264,Robbery121_x264.mp4,data\raw\ucf-crime\Anomaly-Videos-Part-3\Anomaly-Videos-Part-3\Robbery\Robbery121_x264.mp4,ucf-crime\Anomaly-Videos-Part-3\Anomaly-Videos-Part-3\Robbery\Robbery121_x264.mp4,Robbery,Robbery,1,.mp4,7.377,True,30.0,1402,320,240,46.733,0.779,True,train
Robbery124_x264,Robbery124_x264.mp4,data\raw\ucf-crime\Anomaly-Videos-Part-3\Anomaly-Videos-Part-3\Robbery\Robbery124_x264.mp4,ucf-crime\Anomaly-Videos-Part-3\Anomaly-Videos-Part-3\Robbery\Robbery124_x264.mp4,Robbery,Robbery,1,.mp4,77.118,True,30.0,9553,320,240,318.433,5.307,True,train
Robbery125_x264,Robbery125_x264.mp4,data\raw\ucf-crime\Anomaly-Videos-Part-3\Anomaly-Videos-Part-3\Robbery\Robbery125_x264.mp4,ucf-crime\Anomaly-Videos-Part-3\Anomaly-Videos-Part-3\Robbery\Robbery125_x264.mp4,Robbery,Robbery,1,.mp4,58.135,True,30.0,7084,320,240,236.133,3.936,True,train
Robbery127_x264,Robbery127_x264.mp4,data\raw\ucf-crime\Anomaly-Videos-Part-3\Anomaly-Videos-Part-3\Robbery\Robbery127_x264.mp4,ucf-crime\Anomaly-Videos-Part-3\Anomaly-Videos-Part-3\Robbery\Robbery127_x264.mp4,Robbery,Robbery,1,.mp4,9.583,True,30.0,1260,320,240,42.0,0.7,True,train
Robbery128_x264,Robbery128_x264.mp4,data\raw\ucf-crime\Anomaly-Videos-Part-3\Anomaly-Videos-Part-3\Robbery\Robbery128_x264.mp4,ucf-crime\Anomaly-Videos-Part-3\Anomaly-Videos-Part-3\Robbery\Robbery128_x264.mp4,Robbery,Robbery,1,.mp4,33.849,True,30.0,6601,320,240,220.033,3.667,True,train
Robbery129_x264,Robbery129_x264.mp4,data\raw\ucf-crime\Anomaly-Videos-Part-3\Anomaly-Videos-Part-3\Robbery\Robbery129_x264.mp4,ucf-crime\Anomaly-Videos-Part-3\Anomaly-Videos-Part-3\Robbery\Robbery129_x264.mp4,Robbery,Robbery,1,.mp4,14.362,True,30.0,2243,320,240,74.767,1.246,True,train
Robbery131_x264,Robbery131_x264.mp4,data\raw\ucf-crime\Anomaly-Videos-Part-3\Anomaly-Videos-Part-3\Robbery\Robbery131_x264.mp4,ucf-crime\Anomaly-Videos-Part-3\Anomaly-Videos-Part-3\Robbery\Robbery131_x264.mp4,Robbery,Robbery,1,.mp4,13.91,True,30.0,1517,320,240,50.567,0.843,True,train
Robbery132_x264,Robbery132_x264.mp4,data\raw\ucf-crime\Anomaly-Videos-Part-3\Anomaly-Videos-Part-3\Robbery\Robbery132_x264.mp4,ucf-crime\Anomaly-Videos-Part-3\Anomaly-Videos-Part-3\Robbery\Robbery132_x264.mp4,Robbery,Robbery,1,.mp4,5.716,True,30.0,662,320,240,22.067,0.368,True,train
Robbery133_x264,Robbery133_x264.mp4,data\raw\ucf-crime\Anomaly-Videos-Part-3\Anomaly-Videos-Part-3\Robbery\Robbery133_x264.mp4,ucf-crime\Anomaly-Videos-Part-3\Anomaly-Videos-Part-3\Robbery\Robbery133_x264.mp4,Robbery,Robbery,1,.mp4,13.811,True,30.0,1790,320,240,59.667,0.994,True,train
Robbery135_x264,Robbery135_x264.mp4,data\raw\ucf-crime\Anomaly-Videos-Part-3\Anomaly-Videos-Part-3\Robbery\Robbery135_x264.mp4,ucf-crime\Anomaly-Videos-Part-3\Anomaly-Videos-Part-3\Robbery\Robbery135_x264.mp4,Robbery,Robbery,1,.mp4,27.064,True,30.0,3290,320,240,109.667,1.828,True,train
Robbery136_x264,Robbery136_x264.mp4,data\raw\ucf-crime\Anomaly-Videos-Part-3\Anomaly-Videos-Part-3\Robbery\Robbery136_x264.mp4,ucf-crime\Anomaly-Videos-Part-3\Anomaly-Videos-Part-3\Robbery\Robbery136_x264.mp4,Robbery,Robbery,1,.mp4,7.064,True,30.0,1110,320,240,37.0,0.617,True,train
Robbery137_x264,Robbery137_x264.mp4,data\raw\ucf-crime\Anomaly-Videos-Part-3\Anomaly-Videos-Part-3\Robbery\Robbery137_x264.mp4,ucf-crime\Anomaly-Videos-Part-3\Anomaly-Videos-Part-3\Robbery\Robbery137_x264.mp4,Robbery,Robbery,1,.mp4,18.089,True,30.0,2193,320,240,73.1,1.218,True,train
Robbery138_x264,Robbery138_x264.mp4,data\raw\ucf-crime\Anomaly-Videos-Part-3\Anomaly-Videos-Part-3\Robbery\Robbery138_x264.mp4,ucf-crime\Anomaly-Videos-Part-3\Anomaly-Videos-Part-3\Robbery\Robbery138_x264.mp4,Robbery,Robbery,1,.mp4,4.169,True,30.0,623,320,240,20.767,0.346,True,train
Robbery139_x264,Robbery139_x264.mp4,data\raw\ucf-crime\Anomaly-Videos-Part-3\Anomaly-Videos-Part-3\Robbery\Robbery139_x264.mp4,ucf-crime\Anomaly-Videos-Part-3\Anomaly-Videos-Part-3\Robbery\Robbery139_x264.mp4,Robbery,Robbery,1,.mp4,7.124,True,30.0,981,320,240,32.7,0.545,True,train
Robbery141_x264,Robbery141_x264.mp4,data\raw\ucf-crime\Anomaly-Videos-Part-3\Anomaly-Videos-Part-3\Robbery\Robbery141_x264.mp4,ucf-crime\Anomaly-Videos-Part-3\Anomaly-Videos-Part-3\Robbery\Robbery141_x264.mp4,Robbery,Robbery,1,.mp4,24.605,True,30.0,3981,320,240,132.7,2.212,True,train
Robbery142_x264,Robbery142_x264.mp4,data\raw\ucf-crime\Anomaly-Videos-Part-3\Anomaly-Videos-Part-3\Robbery\Robbery142_x264.mp4,ucf-crime\Anomaly-Videos-Part-3\Anomaly-Videos-Part-3\Robbery\Robbery142_x264.mp4,Robbery,Robbery,1,.mp4,20.895,True,30.0,2503,320,240,83.433,1.391,True,train
Robbery143_x264,Robbery143_x264.mp4,data\raw\ucf-crime\Anomaly-Videos-Part-3\Anomaly-Videos-Part-3\Robbery\Robbery143_x264.mp4,ucf-crime\Anomaly-Videos-Part-3\Anomaly-Videos-Part-3\Robbery\Robbery143_x264.mp4,Robbery,Robbery,1,.mp4,6.512,True,30.0,939,320,240,31.3,0.522,True,train
Robbery144_x264,Robbery144_x264.mp4,data\raw\ucf-crime\Anomaly-Videos-Part-3\Anomaly-Videos-Part-3\Robbery\Robbery144_x264.mp4,ucf-crime\Anomaly-Videos-Part-3\Anomaly-Videos-Part-3\Robbery\Robbery144_x264.mp4,Robbery,Robbery,1,.mp4,4.076,True,30.0,805,320,240,26.833,0.447,True,train
Robbery146_x264,Robbery146_x264.mp4,data\raw\ucf-crime\Anomaly-Videos-Part-3\Anomaly-Videos-Part-3\Robbery\Robbery146_x264.mp4,ucf-crime\Anomaly-Videos-Part-3\Anomaly-Videos-Part-3\Robbery\Robbery146_x264.mp4,Robbery,Robbery,1,.mp4,12.737,True,30.0,1638,320,240,54.6,0.91,True,train
Robbery147_x264,Robbery147_x264.mp4,data\raw\ucf-crime\Anomaly-Videos-Part-3\Anomaly-Videos-Part-3\Robbery\Robbery147_x264.mp4,ucf-crime\Anomaly-Videos-Part-3\Anomaly-Videos-Part-3\Robbery\Robbery147_x264.mp4,Robbery,Robbery,1,.mp4,2.448,True,30.0,879,320,240,29.3,0.488,True,train
Robbery148_x264,Robbery148_x264.mp4,data\raw\ucf-crime\Anomaly-Videos-Part-3\Anomaly-Videos-Part-3\Robbery\Robbery148_x264.mp4,ucf-crime\Anomaly-Videos-Part-3\Anomaly-Videos-Part-3\Robbery\Robbery148_x264.mp4,Robbery,Robbery,1,.mp4,20.995,True,30.0,3611,320,240,120.367,2.006,True,train
Robbery149_x264,Robbery149_x264.mp4,data\raw\ucf-crime\Anomaly-Videos-Part-3\Anomaly-Videos-Part-3\Robbery\Robbery149_x264.mp4,ucf-crime\Anomaly-Videos-Part-3\Anomaly-Videos-Part-3\Robbery\Robbery149_x264.mp4,Robbery,Robbery,1,.mp4,9.572,True,30.0,1256,320,240,41.867,0.698,True,train
Robbery150_x264,Robbery150_x264.mp4,data\raw\ucf-crime\Anomaly-Videos-Part-3\Anomaly-Videos-Part-3\Robbery\Robbery150_x264.mp4,ucf-crime\Anomaly-Videos-Part-3\Anomaly-Videos-Part-3\Robbery\Robbery150_x264.mp4,Robbery,Robbery,1,.mp4,8.873,True,30.0,3706,320,240,123.533,2.059,True,train
Shooting002_x264,Shooting002_x264.mp4,data\raw\ucf-crime\Anomaly-Videos-Part-3\Anomaly-Videos-Part-3\Shooting\Shooting002_x264.mp4,ucf-crime\Anomaly-Videos-Part-3\Anomaly-Videos-Part-3\Shooting\Shooting002_x264.mp4,Shooting,Shooting,1,.mp4,5.742,True,30.0,1206,320,240,40.2,0.67,True,train
Shooting002_x264A,Shooting002_x264A.mp4,data\raw\ucf-crime\Shooting\Shooting\Shooting002_x264A.mp4,ucf-crime\Shooting\Shooting\Shooting002_x264A.mp4,Shooting,Shooting,1,.mp4,4.528,True,30.0,1206,320,240,40.2,0.67,True,train
Shooting003_x264,Shooting003_x264.mp4,data\raw\ucf-crime\Anomaly-Videos-Part-3\Anomaly-Videos-Part-3\Shooting\Shooting003_x264.mp4,ucf-crime\Anomaly-Videos-Part-3\Anomaly-Videos-Part-3\Shooting\Shooting003_x264.mp4,Shooting,Shooting,1,.mp4,10.463,True,30.0,2277,320,240,75.9,1.265,True,train
Shooting003_x264A,Shooting003_x264A.mp4,data\raw\ucf-crime\Shooting\Shooting\Shooting003_x264A.mp4,ucf-crime\Shooting\Shooting\Shooting003_x264A.mp4,Shooting,Shooting,1,.mp4,7.248,True,30.0,2277,320,240,75.9,1.265,True,train
Shooting004_x264,Shooting004_x264.mp4,data\raw\ucf-crime\Anomaly-Videos-Part-3\Anomaly-Videos-Part-3\Shooting\Shooting004_x264.mp4,ucf-crime\Anomaly-Videos-Part-3\Anomaly-Videos-Part-3\Shooting\Shooting004_x264.mp4,Shooting,Shooting,1,.mp4,10.827,True,30.0,1793,320,240,59.767,0.996,True,train
Shooting006_x264,Shooting006_x264.mp4,data\raw\ucf-crime\Anomaly-Videos-Part-3\Anomaly-Videos-Part-3\Shooting\Shooting006_x264.mp4,ucf-crime\Anomaly-Videos-Part-3\Anomaly-Videos-Part-3\Shooting\Shooting006_x264.mp4,Shooting,Shooting,1,.mp4,55.773,True,30.0,13073,320,240,435.767,7.263,True,train
Shooting006_x264A,Shooting006_x264A.mp4,data\raw\ucf-crime\Shooting\Shooting\Shooting006_x264A.mp4,ucf-crime\Shooting\Shooting\Shooting006_x264A.mp4,Shooting,Shooting,1,.mp4,54.053,True,30.0,13073,320,240,435.767,7.263,True,train
Shooting007_x264,Shooting007_x264.mp4,data\raw\ucf-crime\Anomaly-Videos-Part-3\Anomaly-Videos-Part-3\Shooting\Shooting007_x264.mp4,ucf-crime\Anomaly-Videos-Part-3\Anomaly-Videos-Part-3\Shooting\Shooting007_x264.mp4,Shooting,Shooting,1,.mp4,11.343,True,30.0,1430,320,240,47.667,0.794,True,train
Shooting008_x264,Shooting008_x264.mp4,data\raw\ucf-crime\Anomaly-Videos-Part-3\Anomaly-Videos-Part-3\Shooting\Shooting008_x264.mp4,ucf-crime\Anomaly-Videos-Part-3\Anomaly-Videos-Part-3\Shooting\Shooting008_x264.mp4,Shooting,Shooting,1,.mp4,8.558,True,30.0,1625,320,240,54.167,0.903,True,train
Shooting008_x264A,Shooting008_x264A.mp4,data\raw\ucf-crime\Shooting\Shooting\Shooting008_x264A.mp4,ucf-crime\Shooting\Shooting\Shooting008_x264A.mp4,Shooting,Shooting,1,.mp4,12.075,True,30.0,1625,320,240,54.167,0.903,True,train
Shooting009_x264A,Shooting009_x264A.mp4,data\raw\ucf-crime\Shooting\Shooting\Shooting009_x264A.mp4,ucf-crime\Shooting\Shooting\Shooting009_x264A.mp4,Shooting,Shooting,1,.mp4,38.06,True,30.0,5166,320,240,172.2,2.87,True,train
Shooting010_x264,Shooting010_x264.mp4,data\raw\ucf-crime\Anomaly-Videos-Part-3\Anomaly-Videos-Part-3\Shooting\Shooting010_x264.mp4,ucf-crime\Anomaly-Videos-Part-3\Anomaly-Videos-Part-3\Shooting\Shooting010_x264.mp4,Shooting,Shooting,1,.mp4,11.971,True,30.0,2641,320,240,88.033,1.467,True,train
Shooting011_x264A,Shooting011_x264A.mp4,data\raw\ucf-crime\Shooting\Shooting\Shooting011_x264A.mp4,ucf-crime\Shooting\Shooting\Shooting011_x264A.mp4,Shooting,Shooting,1,.mp4,27.106,True,30.0,4003,320,240,133.433,2.224,True,train
Shooting012_x264,Shooting012_x264.mp4,data\raw\ucf-crime\Anomaly-Videos-Part-3\Anomaly-Videos-Part-3\Shooting\Shooting012_x264.mp4,ucf-crime\Anomaly-Videos-Part-3\Anomaly-Videos-Part-3\Shooting\Shooting012_x264.mp4,Shooting,Shooting,1,.mp4,10.242,True,30.0,1886,320,240,62.867,1.048,True,train
Shooting013_x264,Shooting013_x264.mp4,data\raw\ucf-crime\Anomaly-Videos-Part-3\Anomaly-Videos-Part-3\Shooting\Shooting013_x264.mp4,ucf-crime\Anomaly-Videos-Part-3\Anomaly-Videos-Part-3\Shooting\Shooting013_x264.mp4,Shooting,Shooting,1,.mp4,5.494,True,30.0,1073,320,240,35.767,0.596,True,train
Shooting014_x264,Shooting014_x264.mp4,data\raw\ucf-crime\Anomaly-Videos-Part-3\Anomaly-Videos-Part-3\Shooting\Shooting014_x264.mp4,ucf-crime\Anomaly-Videos-Part-3\Anomaly-Videos-Part-3\Shooting\Shooting014_x264.mp4,Shooting,Shooting,1,.mp4,41.804,True,30.0,6410,320,240,213.667,3.561,True,train
Shooting014_x264A,Shooting014_x264A.mp4,data\raw\ucf-crime\Shooting\Shooting\Shooting014_x264A.mp4,ucf-crime\Shooting\Shooting\Shooting014_x264A.mp4,Shooting,Shooting,1,.mp4,28.252,True,30.0,6410,320,240,213.667,3.561,True,train
Shooting015_x264,Shooting015_x264.mp4,data\raw\ucf-crime\Anomaly-Videos-Part-3\Anomaly-Videos-Part-3\Shooting\Shooting015_x264.mp4,ucf-crime\Anomaly-Videos-Part-3\Anomaly-Videos-Part-3\Shooting\Shooting015_x264.mp4,Shooting,Shooting,1,.mp4,11.047,True,30.0,1713,320,240,57.1,0.952,True,train
Shooting015_x264A,Shooting015_x264A.mp4,data\raw\ucf-crime\Shooting\Shooting\Shooting015_x264A.mp4,ucf-crime\Shooting\Shooting\Shooting015_x264A.mp4,Shooting,Shooting,1,.mp4,7.415,True,30.0,1713,320,240,57.1,0.952,True,train
Shooting017_x264,Shooting017_x264.mp4,data\raw\ucf-crime\Anomaly-Videos-Part-3\Anomaly-Videos-Part-3\Shooting\Shooting017_x264.mp4,ucf-crime\Anomaly-Videos-Part-3\Anomaly-Videos-Part-3\Shooting\Shooting017_x264.mp4,Shooting,Shooting,1,.mp4,6.518,True,30.0,942,320,240,31.4,0.523,True,train
Shooting017_x264A,Shooting017_x264A.mp4,data\raw\ucf-crime\Shooting\Shooting\Shooting017_x264A.mp4,ucf-crime\Shooting\Shooting\Shooting017_x264A.mp4,Shooting,Shooting,1,.mp4,5.296,True,30.0,942,320,240,31.4,0.523,True,train
Shooting018_x264,Shooting018_x264.mp4,data\raw\ucf-crime\Anomaly-Videos-Part-3\Anomaly-Videos-Part-3\Shooting\Shooting018_x264.mp4,ucf-crime\Anomaly-Videos-Part-3\Anomaly-Videos-Part-3\Shooting\Shooting018_x264.mp4,Shooting,Shooting,1,.mp4,10.102,True,30.0,1799,320,240,59.967,0.999,True,train
Shooting018_x264A,Shooting018_x264A.mp4,data\raw\ucf-crime\Shooting\Shooting\Shooting018_x264A.mp4,ucf-crime\Shooting\Shooting\Shooting018_x264A.mp4,Shooting,Shooting,1,.mp4,7.244,True,30.0,1799,320,240,59.967,0.999,True,train
Shooting019_x264,Shooting019_x264.mp4,data\raw\ucf-crime\Anomaly-Videos-Part-3\Anomaly-Videos-Part-3\Shooting\Shooting019_x264.mp4,ucf-crime\Anomaly-Videos-Part-3\Anomaly-Videos-Part-3\Shooting\Shooting019_x264.mp4,Shooting,Shooting,1,.mp4,21.302,True,30.0,2756,320,240,91.867,1.531,True,train
Shooting020_x264,Shooting020_x264.mp4,data\raw\ucf-crime\Anomaly-Videos-Part-3\Anomaly-Videos-Part-3\Shooting\Shooting020_x264.mp4,ucf-crime\Anomaly-Videos-Part-3\Anomaly-Videos-Part-3\Shooting\Shooting020_x264.mp4,Shooting,Shooting,1,.mp4,41.398,True,30.0,5092,320,240,169.733,2.829,True,train
Shooting020_x264A,Shooting020_x264A.mp4,data\raw\ucf-crime\Shooting\Shooting\Shooting020_x264A.mp4,ucf-crime\Shooting\Shooting\Shooting020_x264A.mp4,Shooting,Shooting,1,.mp4,28.051,True,30.0,5092,320,240,169.733,2.829,True,train
Shooting021_x264,Shooting021_x264.mp4,data\raw\ucf-crime\Anomaly-Videos-Part-3\Anomaly-Videos-Part-3\Shooting\Shooting021_x264.mp4,ucf-crime\Anomaly-Videos-Part-3\Anomaly-Videos-Part-3\Shooting\Shooting021_x264.mp4,Shooting,Shooting,1,.mp4,6.029,True,30.0,1275,320,240,42.5,0.708,True,train
Shooting021_x264A,Shooting021_x264A.mp4,data\raw\ucf-crime\Shooting\Shooting\Shooting021_x264A.mp4,ucf-crime\Shooting\Shooting\Shooting021_x264A.mp4,Shooting,Shooting,1,.mp4,4.963,True,30.0,1275,320,240,42.5,0.708,True,train
Shooting022_x264A,Shooting022_x264A.mp4,data\raw\ucf-crime\Shooting\Shooting\Shooting022_x264A.mp4,ucf-crime\Shooting\Shooting\Shooting022_x264A.mp4,Shooting,Shooting,1,.mp4,18.476,True,30.0,4554,320,240,151.8,2.53,True,train
Shooting023_x264,Shooting023_x264.mp4,data\raw\ucf-crime\Anomaly-Videos-Part-3\Anomaly-Videos-Part-3\Shooting\Shooting023_x264.mp4,ucf-crime\Anomaly-Videos-Part-3\Anomaly-Videos-Part-3\Shooting\Shooting023_x264.mp4,Shooting,Shooting,1,.mp4,2.428,True,30.0,416,320,240,13.867,0.231,True,train
Shooting024_x264A,Shooting024_x264A.mp4,data\raw\ucf-crime\Shooting\Shooting\Shooting024_x264A.mp4,ucf-crime\Shooting\Shooting\Shooting024_x264A.mp4,Shooting,Shooting,1,.mp4,17.318,True,30.0,2003,320,240,66.767,1.113,True,train
Shooting025_x264,Shooting025_x264.mp4,data\raw\ucf-crime\Anomaly-Videos-Part-3\Anomaly-Videos-Part-3\Shooting\Shooting025_x264.mp4,ucf-crime\Anomaly-Videos-Part-3\Anomaly-Videos-Part-3\Shooting\Shooting025_x264.mp4,Shooting,Shooting,1,.mp4,19.889,True,30.0,2449,320,240,81.633,1.361,True,train
Shooting025_x264A,Shooting025_x264A.mp4,data\raw\ucf-crime\Shooting\Shooting\Shooting025_x264A.mp4,ucf-crime\Shooting\Shooting\Shooting025_x264A.mp4,Shooting,Shooting,1,.mp4,34.654,True,30.0,2449,320,240,81.633,1.361,True,train
Shooting026_x264,Shooting026_x264.mp4,data\raw\ucf-crime\Anomaly-Videos-Part-3\Anomaly-Videos-Part-3\Shooting\Shooting026_x264.mp4,ucf-crime\Anomaly-Videos-Part-3\Anomaly-Videos-Part-3\Shooting\Shooting026_x264.mp4,Shooting,Shooting,1,.mp4,9.413,True,30.0,1403,320,240,46.767,0.779,True,train
Shooting026_x264A,Shooting026_x264A.mp4,data\raw\ucf-crime\Shooting\Shooting\Shooting026_x264A.mp4,ucf-crime\Shooting\Shooting\Shooting026_x264A.mp4,Shooting,Shooting,1,.mp4,7.971,True,30.0,1403,320,240,46.767,0.779,True,train
Shooting027_x264,Shooting027_x264.mp4,data\raw\ucf-crime\Anomaly-Videos-Part-3\Anomaly-Videos-Part-3\Shooting\Shooting027_x264.mp4,ucf-crime\Anomaly-Videos-Part-3\Anomaly-Videos-Part-3\Shooting\Shooting027_x264.mp4,Shooting,Shooting,1,.mp4,5.218,True,30.0,708,320,240,23.6,0.393,True,train
Shooting028_x264,Shooting028_x264.mp4,data\raw\ucf-crime\Anomaly-Videos-Part-3\Anomaly-Videos-Part-3\Shooting\Shooting028_x264.mp4,ucf-crime\Anomaly-Videos-Part-3\Anomaly-Videos-Part-3\Shooting\Shooting028_x264.mp4,Shooting,Shooting,1,.mp4,7.41,True,30.0,1898,320,240,63.267,1.054,True,train
Shooting028_x264A,Shooting028_x264A.mp4,data\raw\ucf-crime\Shooting\Shooting\Shooting028_x264A.mp4,ucf-crime\Shooting\Shooting\Shooting028_x264A.mp4,Shooting,Shooting,1,.mp4,5.271,True,30.0,1898,320,240,63.267,1.054,True,train
Shooting029_x264,Shooting029_x264.mp4,data\raw\ucf-crime\Anomaly-Videos-Part-3\Anomaly-Videos-Part-3\Shooting\Shooting029_x264.mp4,ucf-crime\Anomaly-Videos-Part-3\Anomaly-Videos-Part-3\Shooting\Shooting029_x264.mp4,Shooting,Shooting,1,.mp4,5.371,True,30.0,1364,320,240,45.467,0.758,True,train
Shooting030_x264A,Shooting030_x264A.mp4,data\raw\ucf-crime\Shooting\Shooting\Shooting030_x264A.mp4,ucf-crime\Shooting\Shooting\Shooting030_x264A.mp4,Shooting,Shooting,1,.mp4,3.417,True,30.0,1142,320,240,38.067,0.634,True,train
Shooting031_x264,Shooting031_x264.mp4,data\raw\ucf-crime\Anomaly-Videos-Part-3\Anomaly-Videos-Part-3\Shooting\Shooting031_x264.mp4,ucf-crime\Anomaly-Videos-Part-3\Anomaly-Videos-Part-3\Shooting\Shooting031_x264.mp4,Shooting,Shooting,1,.mp4,16.919,True,30.0,2113,320,240,70.433,1.174,True,train
Shooting032_x264A,Shooting032_x264A.mp4,data\raw\ucf-crime\Shooting\Shooting\Shooting032_x264A.mp4,ucf-crime\Shooting\Shooting\Shooting032_x264A.mp4,Shooting,Shooting,1,.mp4,136.557,True,30.0,21681,320,240,722.7,12.045,True,train
Shooting033_x264,Shooting033_x264.mp4,data\raw\ucf-crime\Anomaly-Videos-Part-3\Anomaly-Videos-Part-3\Shooting\Shooting033_x264.mp4,ucf-crime\Anomaly-Videos-Part-3\Anomaly-Videos-Part-3\Shooting\Shooting033_x264.mp4,Shooting,Shooting,1,.mp4,19.279,True,30.0,3630,320,240,121.0,2.017,True,train
Shooting034_x264,Shooting034_x264.mp4,data\raw\ucf-crime\Anomaly-Videos-Part-3\Anomaly-Videos-Part-3\Shooting\Shooting034_x264.mp4,ucf-crime\Anomaly-Videos-Part-3\Anomaly-Videos-Part-3\Shooting\Shooting034_x264.mp4,Shooting,Shooting,1,.mp4,6.35,True,30.0,1409,320,240,46.967,0.783,True,train
Shooting034_x264A,Shooting034_x264A.mp4,data\raw\ucf-crime\Shooting\Shooting\Shooting034_x264A.mp4,ucf-crime\Shooting\Shooting\Shooting034_x264A.mp4,Shooting,Shooting,1,.mp4,4.147,True,30.0,1409,320,240,46.967,0.783,True,train
Shooting036_x264,Shooting036_x264.mp4,data\raw\ucf-crime\Anomaly-Videos-Part-3\Anomaly-Videos-Part-3\Shooting\Shooting036_x264.mp4,ucf-crime\Anomaly-Videos-Part-3\Anomaly-Videos-Part-3\Shooting\Shooting036_x264.mp4,Shooting,Shooting,1,.mp4,30.89,True,30.0,3830,320,240,127.667,2.128,True,train
Shooting036_x264A,Shooting036_x264A.mp4,data\raw\ucf-crime\Shooting\Shooting\Shooting036_x264A.mp4,ucf-crime\Shooting\Shooting\Shooting036_x264A.mp4,Shooting,Shooting,1,.mp4,28.762,True,30.0,3830,320,240,127.667,2.128,True,train
Shooting037_x264,Shooting037_x264.mp4,data\raw\ucf-crime\Anomaly-Videos-Part-3\Anomaly-Videos-Part-3\Shooting\Shooting037_x264.mp4,ucf-crime\Anomaly-Videos-Part-3\Anomaly-Videos-Part-3\Shooting\Shooting037_x264.mp4,Shooting,Shooting,1,.mp4,0.933,True,30.0,305,320,240,10.167,0.169,True,train
Shooting037_x264A,Shooting037_x264A.mp4,data\raw\ucf-crime\Shooting\Shooting\Shooting037_x264A.mp4,ucf-crime\Shooting\Shooting\Shooting037_x264A.mp4,Shooting,Shooting,1,.mp4,0.706,True,30.0,305,320,240,10.167,0.169,True,train
Shooting038_x264A,Shooting038_x264A.mp4,data\raw\ucf-crime\Shooting\Shooting\Shooting038_x264A.mp4,ucf-crime\Shooting\Shooting\Shooting038_x264A.mp4,Shooting,Shooting,1,.mp4,3.712,True,30.0,1298,320,240,43.267,0.721,True,train
Shooting039_x264A,Shooting039_x264A.mp4,data\raw\ucf-crime\Shooting\Shooting\Shooting039_x264A.mp4,ucf-crime\Shooting\Shooting\Shooting039_x264A.mp4,Shooting,Shooting,1,.mp4,3.965,True,30.0,831,320,240,27.7,0.462,True,train
Shooting040_x264,Shooting040_x264.mp4,data\raw\ucf-crime\Anomaly-Videos-Part-3\Anomaly-Videos-Part-3\Shooting\Shooting040_x264.mp4,ucf-crime\Anomaly-Videos-Part-3\Anomaly-Videos-Part-3\Shooting\Shooting040_x264.mp4,Shooting,Shooting,1,.mp4,6.917,True,30.0,860,320,240,28.667,0.478,True,train
Shooting040_x264A,Shooting040_x264A.mp4,data\raw\ucf-crime\Shooting\Shooting\Shooting040_x264A.mp4,ucf-crime\Shooting\Shooting\Shooting040_x264A.mp4,Shooting,Shooting,1,.mp4,7.082,True,30.0,860,320,240,28.667,0.478,True,train
Shooting041_x264,Shooting041_x264.mp4,data\raw\ucf-crime\Anomaly-Videos-Part-3\Anomaly-Videos-Part-3\Shooting\Shooting041_x264.mp4,ucf-crime\Anomaly-Videos-Part-3\Anomaly-Videos-Part-3\Shooting\Shooting041_x264.mp4,Shooting,Shooting,1,.mp4,7.856,True,30.0,1391,320,240,46.367,0.773,True,train
Shooting042_x264A,Shooting042_x264A.mp4,data\raw\ucf-crime\Shooting\Shooting\Shooting042_x264A.mp4,ucf-crime\Shooting\Shooting\Shooting042_x264A.mp4,Shooting,Shooting,1,.mp4,15.677,True,30.0,1547,320,240,51.567,0.859,True,train
Shooting043_x264A,Shooting043_x264A.mp4,data\raw\ucf-crime\Shooting\Shooting\Shooting043_x264A.mp4,ucf-crime\Shooting\Shooting\Shooting043_x264A.mp4,Shooting,Shooting,1,.mp4,10.629,True,30.0,1874,320,240,62.467,1.041,True,train
Shooting044_x264,Shooting044_x264.mp4,data\raw\ucf-crime\Anomaly-Videos-Part-3\Anomaly-Videos-Part-3\Shooting\Shooting044_x264.mp4,ucf-crime\Anomaly-Videos-Part-3\Anomaly-Videos-Part-3\Shooting\Shooting044_x264.mp4,Shooting,Shooting,1,.mp4,2.534,True,30.0,464,320,240,15.467,0.258,True,train
Shooting044_x264A,Shooting044_x264A.mp4,data\raw\ucf-crime\Shooting\Shooting\Shooting044_x264A.mp4,ucf-crime\Shooting\Shooting\Shooting044_x264A.mp4,Shooting,Shooting,1,.mp4,1.981,True,30.0,464,320,240,15.467,0.258,True,train
Shooting046_x264A,Shooting046_x264A.mp4,data\raw\ucf-crime\Shooting\Shooting\Shooting046_x264A.mp4,ucf-crime\Shooting\Shooting\Shooting046_x264A.mp4,Shooting,Shooting,1,.mp4,47.263,True,30.0,5088,320,240,169.6,2.827,True,train
Shooting047_x264,Shooting047_x264.mp4,data\raw\ucf-crime\Anomaly-Videos-Part-3\Anomaly-Videos-Part-3\Shooting\Shooting047_x264.mp4,ucf-crime\Anomaly-Videos-Part-3\Anomaly-Videos-Part-3\Shooting\Shooting047_x264.mp4,Shooting,Shooting,1,.mp4,66.496,True,30.0,8287,320,240,276.233,4.604,True,train
Shooting048_x264,Shooting048_x264.mp4,data\raw\ucf-crime\Anomaly-Videos-Part-3\Anomaly-Videos-Part-3\Shooting\Shooting048_x264.mp4,ucf-crime\Anomaly-Videos-Part-3\Anomaly-Videos-Part-3\Shooting\Shooting048_x264.mp4,Shooting,Shooting,1,.mp4,16.681,True,30.0,2741,320,240,91.367,1.523,True,train
Shooting048_x264A,Shooting048_x264A.mp4,data\raw\ucf-crime\Shooting\Shooting\Shooting048_x264A.mp4,ucf-crime\Shooting\Shooting\Shooting048_x264A.mp4,Shooting,Shooting,1,.mp4,10.231,True,30.0,2741,320,240,91.367,1.523,True,train
Shooting050_x264A,Shooting050_x264A.mp4,data\raw\ucf-crime\Shooting\Shooting\Shooting050_x264A.mp4,ucf-crime\Shooting\Shooting\Shooting050_x264A.mp4,Shooting,Shooting,1,.mp4,12.544,True,30.0,3828,320,240,127.6,2.127,True,train
Shooting051_x264,Shooting051_x264.mp4,data\raw\ucf-crime\Anomaly-Videos-Part-3\Anomaly-Videos-Part-3\Shooting\Shooting051_x264.mp4,ucf-crime\Anomaly-Videos-Part-3\Anomaly-Videos-Part-3\Shooting\Shooting051_x264.mp4,Shooting,Shooting,1,.mp4,7.056,True,30.0,1399,320,240,46.633,0.777,True,train
Shooting052_x264,Shooting052_x264.mp4,data\raw\ucf-crime\Anomaly-Videos-Part-3\Anomaly-Videos-Part-3\Shooting\Shooting052_x264.mp4,ucf-crime\Anomaly-Videos-Part-3\Anomaly-Videos-Part-3\Shooting\Shooting052_x264.mp4,Shooting,Shooting,1,.mp4,39.94,True,30.0,5567,320,240,185.567,3.093,True,train
Shooting052_x264A,Shooting052_x264A.mp4,data\raw\ucf-crime\Shooting\Shooting\Shooting052_x264A.mp4,ucf-crime\Shooting\Shooting\Shooting052_x264A.mp4,Shooting,Shooting,1,.mp4,30.499,True,30.0,5567,320,240,185.567,3.093,True,train
Shooting053_x264,Shooting053_x264.mp4,data\raw\ucf-crime\Anomaly-Videos-Part-3\Anomaly-Videos-Part-3\Shooting\Shooting053_x264.mp4,ucf-crime\Anomaly-Videos-Part-3\Anomaly-Videos-Part-3\Shooting\Shooting053_x264.mp4,Shooting,Shooting,1,.mp4,6.732,True,30.0,919,320,240,30.633,0.511,True,train
Shooting053_x264A,Shooting053_x264A.mp4,data\raw\ucf-crime\Shooting\Shooting\Shooting053_x264A.mp4,ucf-crime\Shooting\Shooting\Shooting053_x264A.mp4,Shooting,Shooting,1,.mp4,5.967,True,30.0,919,320,240,30.633,0.511,True,train
Shooting054_x264,Shooting054_x264.mp4,data\raw\ucf-crime\Anomaly-Videos-Part-3\Anomaly-Videos-Part-3\Shooting\Shooting054_x264.mp4,ucf-crime\Anomaly-Videos-Part-3\Anomaly-Videos-Part-3\Shooting\Shooting054_x264.mp4,Shooting,Shooting,1,.mp4,4.938,True,30.0,731,320,240,24.367,0.406,True,train
Shooting054_x264A,Shooting054_x264A.mp4,data\raw\ucf-crime\Shooting\Shooting\Shooting054_x264A.mp4,ucf-crime\Shooting\Shooting\Shooting054_x264A.mp4,Shooting,Shooting,1,.mp4,4.056,True,30.0,731,320,240,24.367,0.406,True,train
Shoplifting003_x264,Shoplifting003_x264.mp4,data\raw\ucf-crime\Anomaly-Videos-Part-4\Anomaly-Videos-Part-4\Shoplifting\Shoplifting003_x264.mp4,ucf-crime\Anomaly-Videos-Part-4\Anomaly-Videos-Part-4\Shoplifting\Shoplifting003_x264.mp4,Shoplifting,Shoplifting,1,.mp4,86.522,True,30.0,10817,320,240,360.567,6.009,True,train
Shoplifting006_x264,Shoplifting006_x264.mp4,data\raw\ucf-crime\Anomaly-Videos-Part-4\Anomaly-Videos-Part-4\Shoplifting\Shoplifting006_x264.mp4,ucf-crime\Anomaly-Videos-Part-4\Anomaly-Videos-Part-4\Shoplifting\Shoplifting006_x264.mp4,Shoplifting,Shoplifting,1,.mp4,24.464,True,30.0,3156,320,240,105.2,1.753,True,train
Shoplifting007_x264,Shoplifting007_x264.mp4,data\raw\ucf-crime\Anomaly-Videos-Part-4\Anomaly-Videos-Part-4\Shoplifting\Shoplifting007_x264.mp4,ucf-crime\Anomaly-Videos-Part-4\Anomaly-Videos-Part-4\Shoplifting\Shoplifting007_x264.mp4,Shoplifting,Shoplifting,1,.mp4,43.332,True,30.0,5124,320,240,170.8,2.847,True,train
Shoplifting008_x264,Shoplifting008_x264.mp4,data\raw\ucf-crime\Anomaly-Videos-Part-4\Anomaly-Videos-Part-4\Shoplifting\Shoplifting008_x264.mp4,ucf-crime\Anomaly-Videos-Part-4\Anomaly-Videos-Part-4\Shoplifting\Shoplifting008_x264.mp4,Shoplifting,Shoplifting,1,.mp4,71.272,True,30.0,8927,320,240,297.567,4.959,True,train
Shoplifting010_x264,Shoplifting010_x264.mp4,data\raw\ucf-crime\Anomaly-Videos-Part-4\Anomaly-Videos-Part-4\Shoplifting\Shoplifting010_x264.mp4,ucf-crime\Anomaly-Videos-Part-4\Anomaly-Videos-Part-4\Shoplifting\Shoplifting010_x264.mp4,Shoplifting,Shoplifting,1,.mp4,21.369,True,30.0,2736,320,240,91.2,1.52,True,train
Shoplifting013_x264,Shoplifting013_x264.mp4,data\raw\ucf-crime\Anomaly-Videos-Part-4\Anomaly-Videos-Part-4\Shoplifting\Shoplifting013_x264.mp4,ucf-crime\Anomaly-Videos-Part-4\Anomaly-Videos-Part-4\Shoplifting\Shoplifting013_x264.mp4,Shoplifting,Shoplifting,1,.mp4,10.579,True,30.0,2021,320,240,67.367,1.123,True,train
Shoplifting014_x264,Shoplifting014_x264.mp4,data\raw\ucf-crime\Anomaly-Videos-Part-4\Anomaly-Videos-Part-4\Shoplifting\Shoplifting014_x264.mp4,ucf-crime\Anomaly-Videos-Part-4\Anomaly-Videos-Part-4\Shoplifting\Shoplifting014_x264.mp4,Shoplifting,Shoplifting,1,.mp4,516.447,True,30.0,66698,320,240,2223.267,37.054,True,train
Shoplifting015_x264,Shoplifting015_x264.mp4,data\raw\ucf-crime\Anomaly-Videos-Part-4\Anomaly-Videos-Part-4\Shoplifting\Shoplifting015_x264.mp4,ucf-crime\Anomaly-Videos-Part-4\Anomaly-Videos-Part-4\Shoplifting\Shoplifting015_x264.mp4,Shoplifting,Shoplifting,1,.mp4,17.893,True,30.0,2256,320,240,75.2,1.253,True,train
Shoplifting016_x264,Shoplifting016_x264.mp4,data\raw\ucf-crime\Anomaly-Videos-Part-4\Anomaly-Videos-Part-4\Shoplifting\Shoplifting016_x264.mp4,ucf-crime\Anomaly-Videos-Part-4\Anomaly-Videos-Part-4\Shoplifting\Shoplifting016_x264.mp4,Shoplifting,Shoplifting,1,.mp4,10.532,True,30.0,1483,320,240,49.433,0.824,True,train
Shoplifting017_x264,Shoplifting017_x264.mp4,data\raw\ucf-crime\Anomaly-Videos-Part-4\Anomaly-Videos-Part-4\Shoplifting\Shoplifting017_x264.mp4,ucf-crime\Anomaly-Videos-Part-4\Anomaly-Videos-Part-4\Shoplifting\Shoplifting017_x264.mp4,Shoplifting,Shoplifting,1,.mp4,3.385,True,30.0,457,320,240,15.233,0.254,True,train
Shoplifting018_x264,Shoplifting018_x264.mp4,data\raw\ucf-crime\Anomaly-Videos-Part-4\Anomaly-Videos-Part-4\Shoplifting\Shoplifting018_x264.mp4,ucf-crime\Anomaly-Videos-Part-4\Anomaly-Videos-Part-4\Shoplifting\Shoplifting018_x264.mp4,Shoplifting,Shoplifting,1,.mp4,16.838,True,30.0,2132,320,240,71.067,1.184,True,train
Shoplifting019_x264,Shoplifting019_x264.mp4,data\raw\ucf-crime\Anomaly-Videos-Part-4\Anomaly-Videos-Part-4\Shoplifting\Shoplifting019_x264.mp4,ucf-crime\Anomaly-Videos-Part-4\Anomaly-Videos-Part-4\Shoplifting\Shoplifting019_x264.mp4,Shoplifting,Shoplifting,1,.mp4,5.857,True,30.0,657,320,240,21.9,0.365,True,train
Shoplifting020_x264,Shoplifting020_x264.mp4,data\raw\ucf-crime\Anomaly-Videos-Part-4\Anomaly-Videos-Part-4\Shoplifting\Shoplifting020_x264.mp4,ucf-crime\Anomaly-Videos-Part-4\Anomaly-Videos-Part-4\Shoplifting\Shoplifting020_x264.mp4,Shoplifting,Shoplifting,1,.mp4,44.54,True,30.0,5770,320,240,192.333,3.206,True,train
Shoplifting022_x264,Shoplifting022_x264.mp4,data\raw\ucf-crime\Anomaly-Videos-Part-4\Anomaly-Videos-Part-4\Shoplifting\Shoplifting022_x264.mp4,ucf-crime\Anomaly-Videos-Part-4\Anomaly-Videos-Part-4\Shoplifting\Shoplifting022_x264.mp4,Shoplifting,Shoplifting,1,.mp4,15.35,True,30.0,2191,320,240,73.033,1.217,True,train
Shoplifting024_x264,Shoplifting024_x264.mp4,data\raw\ucf-crime\Anomaly-Videos-Part-4\Anomaly-Videos-Part-4\Shoplifting\Shoplifting024_x264.mp4,ucf-crime\Anomaly-Videos-Part-4\Anomaly-Videos-Part-4\Shoplifting\Shoplifting024_x264.mp4,Shoplifting,Shoplifting,1,.mp4,5.633,True,30.0,1208,320,240,40.267,0.671,True,train
Shoplifting025_x264,Shoplifting025_x264.mp4,data\raw\ucf-crime\Anomaly-Videos-Part-4\Anomaly-Videos-Part-4\Shoplifting\Shoplifting025_x264.mp4,ucf-crime\Anomaly-Videos-Part-4\Anomaly-Videos-Part-4\Shoplifting\Shoplifting025_x264.mp4,Shoplifting,Shoplifting,1,.mp4,14.524,True,30.0,1824,320,240,60.8,1.013,True,train
Shoplifting027_x264,Shoplifting027_x264.mp4,data\raw\ucf-crime\Anomaly-Videos-Part-4\Anomaly-Videos-Part-4\Shoplifting\Shoplifting027_x264.mp4,ucf-crime\Anomaly-Videos-Part-4\Anomaly-Videos-Part-4\Shoplifting\Shoplifting027_x264.mp4,Shoplifting,Shoplifting,1,.mp4,13.277,True,30.0,1873,320,240,62.433,1.041,True,train
Shoplifting028_x264,Shoplifting028_x264.mp4,data\raw\ucf-crime\Anomaly-Videos-Part-4\Anomaly-Videos-Part-4\Shoplifting\Shoplifting028_x264.mp4,ucf-crime\Anomaly-Videos-Part-4\Anomaly-Videos-Part-4\Shoplifting\Shoplifting028_x264.mp4,Shoplifting,Shoplifting,1,.mp4,6.489,True,30.0,1357,320,240,45.233,0.754,True,train
Shoplifting029_x264,Shoplifting029_x264.mp4,data\raw\ucf-crime\Anomaly-Videos-Part-4\Anomaly-Videos-Part-4\Shoplifting\Shoplifting029_x264.mp4,ucf-crime\Anomaly-Videos-Part-4\Anomaly-Videos-Part-4\Shoplifting\Shoplifting029_x264.mp4,Shoplifting,Shoplifting,1,.mp4,14.684,True,30.0,2176,320,240,72.533,1.209,True,train
Shoplifting030_x264,Shoplifting030_x264.mp4,data\raw\ucf-crime\Anomaly-Videos-Part-4\Anomaly-Videos-Part-4\Shoplifting\Shoplifting030_x264.mp4,ucf-crime\Anomaly-Videos-Part-4\Anomaly-Videos-Part-4\Shoplifting\Shoplifting030_x264.mp4,Shoplifting,Shoplifting,1,.mp4,201.875,True,30.0,24193,320,240,806.433,13.441,True,train
Shoplifting033_x264,Shoplifting033_x264.mp4,data\raw\ucf-crime\Anomaly-Videos-Part-4\Anomaly-Videos-Part-4\Shoplifting\Shoplifting033_x264.mp4,ucf-crime\Anomaly-Videos-Part-4\Anomaly-Videos-Part-4\Shoplifting\Shoplifting033_x264.mp4,Shoplifting,Shoplifting,1,.mp4,7.024,True,30.0,899,320,240,29.967,0.499,True,train
Shoplifting034_x264,Shoplifting034_x264.mp4,data\raw\ucf-crime\Anomaly-Videos-Part-4\Anomaly-Videos-Part-4\Shoplifting\Shoplifting034_x264.mp4,ucf-crime\Anomaly-Videos-Part-4\Anomaly-Videos-Part-4\Shoplifting\Shoplifting034_x264.mp4,Shoplifting,Shoplifting,1,.mp4,91.45,True,30.0,11937,320,240,397.9,6.632,True,train
Shoplifting039_x264,Shoplifting039_x264.mp4,data\raw\ucf-crime\Anomaly-Videos-Part-4\Anomaly-Videos-Part-4\Shoplifting\Shoplifting039_x264.mp4,ucf-crime\Anomaly-Videos-Part-4\Anomaly-Videos-Part-4\Shoplifting\Shoplifting039_x264.mp4,Shoplifting,Shoplifting,1,.mp4,21.339,True,30.0,2803,320,240,93.433,1.557,True,train
Shoplifting040_x264,Shoplifting040_x264.mp4,data\raw\ucf-crime\Anomaly-Videos-Part-4\Anomaly-Videos-Part-4\Shoplifting\Shoplifting040_x264.mp4,ucf-crime\Anomaly-Videos-Part-4\Anomaly-Videos-Part-4\Shoplifting\Shoplifting040_x264.mp4,Shoplifting,Shoplifting,1,.mp4,224.667,True,30.0,27208,320,240,906.933,15.116,True,train
Shoplifting041_x264,Shoplifting041_x264.mp4,data\raw\ucf-crime\Anomaly-Videos-Part-4\Anomaly-Videos-Part-4\Shoplifting\Shoplifting041_x264.mp4,ucf-crime\Anomaly-Videos-Part-4\Anomaly-Videos-Part-4\Shoplifting\Shoplifting041_x264.mp4,Shoplifting,Shoplifting,1,.mp4,94.644,True,30.0,12335,320,240,411.167,6.853,True,train
Shoplifting042_x264,Shoplifting042_x264.mp4,data\raw\ucf-crime\Anomaly-Videos-Part-4\Anomaly-Videos-Part-4\Shoplifting\Shoplifting042_x264.mp4,ucf-crime\Anomaly-Videos-Part-4\Anomaly-Videos-Part-4\Shoplifting\Shoplifting042_x264.mp4,Shoplifting,Shoplifting,1,.mp4,41.152,True,30.0,5121,320,240,170.7,2.845,True,train
Shoplifting044_x264,Shoplifting044_x264.mp4,data\raw\ucf-crime\Anomaly-Videos-Part-4\Anomaly-Videos-Part-4\Shoplifting\Shoplifting044_x264.mp4,ucf-crime\Anomaly-Videos-Part-4\Anomaly-Videos-Part-4\Shoplifting\Shoplifting044_x264.mp4,Shoplifting,Shoplifting,1,.mp4,111.938,True,30.0,14555,320,240,485.167,8.086,True,train
Shoplifting045_x264,Shoplifting045_x264.mp4,data\raw\ucf-crime\Anomaly-Videos-Part-4\Anomaly-Videos-Part-4\Shoplifting\Shoplifting045_x264.mp4,ucf-crime\Anomaly-Videos-Part-4\Anomaly-Videos-Part-4\Shoplifting\Shoplifting045_x264.mp4,Shoplifting,Shoplifting,1,.mp4,8.393,True,30.0,1640,320,240,54.667,0.911,True,train
Shoplifting047_x264,Shoplifting047_x264.mp4,data\raw\ucf-crime\Anomaly-Videos-Part-4\Anomaly-Videos-Part-4\Shoplifting\Shoplifting047_x264.mp4,ucf-crime\Anomaly-Videos-Part-4\Anomaly-Videos-Part-4\Shoplifting\Shoplifting047_x264.mp4,Shoplifting,Shoplifting,1,.mp4,18.326,True,30.0,2377,320,240,79.233,1.321,True,train
Shoplifting050_x264,Shoplifting050_x264.mp4,data\raw\ucf-crime\Anomaly-Videos-Part-4\Anomaly-Videos-Part-4\Shoplifting\Shoplifting050_x264.mp4,ucf-crime\Anomaly-Videos-Part-4\Anomaly-Videos-Part-4\Shoplifting\Shoplifting050_x264.mp4,Shoplifting,Shoplifting,1,.mp4,16.412,True,30.0,2506,320,240,83.533,1.392,True,train
Shoplifting051_x264,Shoplifting051_x264.mp4,data\raw\ucf-crime\Anomaly-Videos-Part-4\Anomaly-Videos-Part-4\Shoplifting\Shoplifting051_x264.mp4,ucf-crime\Anomaly-Videos-Part-4\Anomaly-Videos-Part-4\Shoplifting\Shoplifting051_x264.mp4,Shoplifting,Shoplifting,1,.mp4,57.387,True,30.0,7218,320,240,240.6,4.01,True,train
Shoplifting052_x264,Shoplifting052_x264.mp4,data\raw\ucf-crime\Anomaly-Videos-Part-4\Anomaly-Videos-Part-4\Shoplifting\Shoplifting052_x264.mp4,ucf-crime\Anomaly-Videos-Part-4\Anomaly-Videos-Part-4\Shoplifting\Shoplifting052_x264.mp4,Shoplifting,Shoplifting,1,.mp4,60.567,True,30.0,7646,320,240,254.867,4.248,True,train
Shoplifting053_x264,Shoplifting053_x264.mp4,data\raw\ucf-crime\Anomaly-Videos-Part-4\Anomaly-Videos-Part-4\Shoplifting\Shoplifting053_x264.mp4,ucf-crime\Anomaly-Videos-Part-4\Anomaly-Videos-Part-4\Shoplifting\Shoplifting053_x264.mp4,Shoplifting,Shoplifting,1,.mp4,11.709,True,30.0,2097,320,240,69.9,1.165,True,train
Shoplifting054_x264,Shoplifting054_x264.mp4,data\raw\ucf-crime\Anomaly-Videos-Part-4\Anomaly-Videos-Part-4\Shoplifting\Shoplifting054_x264.mp4,ucf-crime\Anomaly-Videos-Part-4\Anomaly-Videos-Part-4\Shoplifting\Shoplifting054_x264.mp4,Shoplifting,Shoplifting,1,.mp4,7.354,True,30.0,1025,320,240,34.167,0.569,True,train
Shoplifting055_x264,Shoplifting055_x264.mp4,data\raw\ucf-crime\Anomaly-Videos-Part-4\Anomaly-Videos-Part-4\Shoplifting\Shoplifting055_x264.mp4,ucf-crime\Anomaly-Videos-Part-4\Anomaly-Videos-Part-4\Shoplifting\Shoplifting055_x264.mp4,Shoplifting,Shoplifting,1,.mp4,51.656,True,30.0,6770,320,240,225.667,3.761,True,train
Stealing004_x264,Stealing004_x264.mp4,data\raw\ucf-crime\Anomaly-Videos-Part-4\Anomaly-Videos-Part-4\Stealing\Stealing004_x264.mp4,ucf-crime\Anomaly-Videos-Part-4\Anomaly-Videos-Part-4\Stealing\Stealing004_x264.mp4,Stealing,Stealing,1,.mp4,38.849,True,30.0,6654,320,240,221.8,3.697,True,train
Stealing006_x264,Stealing006_x264.mp4,data\raw\ucf-crime\Anomaly-Videos-Part-4\Anomaly-Videos-Part-4\Stealing\Stealing006_x264.mp4,ucf-crime\Anomaly-Videos-Part-4\Anomaly-Videos-Part-4\Stealing\Stealing006_x264.mp4,Stealing,Stealing,1,.mp4,26.657,True,30.0,3223,320,240,107.433,1.791,True,train
Stealing008_x264,Stealing008_x264.mp4,data\raw\ucf-crime\Anomaly-Videos-Part-4\Anomaly-Videos-Part-4\Stealing\Stealing008_x264.mp4,ucf-crime\Anomaly-Videos-Part-4\Anomaly-Videos-Part-4\Stealing\Stealing008_x264.mp4,Stealing,Stealing,1,.mp4,18.887,True,30.0,5010,320,240,167.0,2.783,True,train
Stealing009_x264,Stealing009_x264.mp4,data\raw\ucf-crime\Anomaly-Videos-Part-4\Anomaly-Videos-Part-4\Stealing\Stealing009_x264.mp4,ucf-crime\Anomaly-Videos-Part-4\Anomaly-Videos-Part-4\Stealing\Stealing009_x264.mp4,Stealing,Stealing,1,.mp4,11.053,True,30.0,1614,320,240,53.8,0.897,True,train
Stealing010_x264,Stealing010_x264.mp4,data\raw\ucf-crime\Anomaly-Videos-Part-4\Anomaly-Videos-Part-4\Stealing\Stealing010_x264.mp4,ucf-crime\Anomaly-Videos-Part-4\Anomaly-Videos-Part-4\Stealing\Stealing010_x264.mp4,Stealing,Stealing,1,.mp4,24.273,True,30.0,3033,320,240,101.1,1.685,True,train
Stealing012_x264,Stealing012_x264.mp4,data\raw\ucf-crime\Anomaly-Videos-Part-4\Anomaly-Videos-Part-4\Stealing\Stealing012_x264.mp4,ucf-crime\Anomaly-Videos-Part-4\Anomaly-Videos-Part-4\Stealing\Stealing012_x264.mp4,Stealing,Stealing,1,.mp4,15.305,True,30.0,2713,320,240,90.433,1.507,True,train
Stealing015_x264,Stealing015_x264.mp4,data\raw\ucf-crime\Anomaly-Videos-Part-4\Anomaly-Videos-Part-4\Stealing\Stealing015_x264.mp4,ucf-crime\Anomaly-Videos-Part-4\Anomaly-Videos-Part-4\Stealing\Stealing015_x264.mp4,Stealing,Stealing,1,.mp4,9.247,True,30.0,1800,320,240,60.0,1.0,True,train
Stealing017_x264,Stealing017_x264.mp4,data\raw\ucf-crime\Anomaly-Videos-Part-4\Anomaly-Videos-Part-4\Stealing\Stealing017_x264.mp4,ucf-crime\Anomaly-Videos-Part-4\Anomaly-Videos-Part-4\Stealing\Stealing017_x264.mp4,Stealing,Stealing,1,.mp4,15.256,True,30.0,1887,320,240,62.9,1.048,True,train
Stealing018_x264,Stealing018_x264.mp4,data\raw\ucf-crime\Anomaly-Videos-Part-4\Anomaly-Videos-Part-4\Stealing\Stealing018_x264.mp4,ucf-crime\Anomaly-Videos-Part-4\Anomaly-Videos-Part-4\Stealing\Stealing018_x264.mp4,Stealing,Stealing,1,.mp4,12.789,True,30.0,2052,320,240,68.4,1.14,True,train
Stealing019_x264,Stealing019_x264.mp4,data\raw\ucf-crime\Anomaly-Videos-Part-4\Anomaly-Videos-Part-4\Stealing\Stealing019_x264.mp4,ucf-crime\Anomaly-Videos-Part-4\Anomaly-Videos-Part-4\Stealing\Stealing019_x264.mp4,Stealing,Stealing,1,.mp4,27.666,True,30.0,4911,320,240,163.7,2.728,True,train
Stealing020_x264,Stealing020_x264.mp4,data\raw\ucf-crime\Anomaly-Videos-Part-4\Anomaly-Videos-Part-4\Stealing\Stealing020_x264.mp4,ucf-crime\Anomaly-Videos-Part-4\Anomaly-Videos-Part-4\Stealing\Stealing020_x264.mp4,Stealing,Stealing,1,.mp4,28.91,True,30.0,6603,320,240,220.1,3.668,True,train
Stealing023_x264,Stealing023_x264.mp4,data\raw\ucf-crime\Anomaly-Videos-Part-4\Anomaly-Videos-Part-4\Stealing\Stealing023_x264.mp4,ucf-crime\Anomaly-Videos-Part-4\Anomaly-Videos-Part-4\Stealing\Stealing023_x264.mp4,Stealing,Stealing,1,.mp4,26.22,True,30.0,5072,320,240,169.067,2.818,True,train
Stealing024_x264,Stealing024_x264.mp4,data\raw\ucf-crime\Anomaly-Videos-Part-4\Anomaly-Videos-Part-4\Stealing\Stealing024_x264.mp4,ucf-crime\Anomaly-Videos-Part-4\Anomaly-Videos-Part-4\Stealing\Stealing024_x264.mp4,Stealing,Stealing,1,.mp4,17.526,True,30.0,2465,320,240,82.167,1.369,True,train
Stealing027_x264,Stealing027_x264.mp4,data\raw\ucf-crime\Anomaly-Videos-Part-4\Anomaly-Videos-Part-4\Stealing\Stealing027_x264.mp4,ucf-crime\Anomaly-Videos-Part-4\Anomaly-Videos-Part-4\Stealing\Stealing027_x264.mp4,Stealing,Stealing,1,.mp4,15.331,True,30.0,1904,320,240,63.467,1.058,True,train
Stealing028_x264,Stealing028_x264.mp4,data\raw\ucf-crime\Anomaly-Videos-Part-4\Anomaly-Videos-Part-4\Stealing\Stealing028_x264.mp4,ucf-crime\Anomaly-Videos-Part-4\Anomaly-Videos-Part-4\Stealing\Stealing028_x264.mp4,Stealing,Stealing,1,.mp4,7.433,True,30.0,1769,320,240,58.967,0.983,True,train
Stealing029_x264,Stealing029_x264.mp4,data\raw\ucf-crime\Anomaly-Videos-Part-4\Anomaly-Videos-Part-4\Stealing\Stealing029_x264.mp4,ucf-crime\Anomaly-Videos-Part-4\Anomaly-Videos-Part-4\Stealing\Stealing029_x264.mp4,Stealing,Stealing,1,.mp4,3.37,True,30.0,406,320,240,13.533,0.226,True,train
Stealing030_x264,Stealing030_x264.mp4,data\raw\ucf-crime\Anomaly-Videos-Part-4\Anomaly-Videos-Part-4\Stealing\Stealing030_x264.mp4,ucf-crime\Anomaly-Videos-Part-4\Anomaly-Videos-Part-4\Stealing\Stealing030_x264.mp4,Stealing,Stealing,1,.mp4,5.434,True,30.0,846,320,240,28.2,0.47,True,train
Stealing035_x264,Stealing035_x264.mp4,data\raw\ucf-crime\Anomaly-Videos-Part-4\Anomaly-Videos-Part-4\Stealing\Stealing035_x264.mp4,ucf-crime\Anomaly-Videos-Part-4\Anomaly-Videos-Part-4\Stealing\Stealing035_x264.mp4,Stealing,Stealing,1,.mp4,54.903,True,30.0,11154,320,240,371.8,6.197,True,train
Stealing036_x264,Stealing036_x264.mp4,data\raw\ucf-crime\Anomaly-Videos-Part-4\Anomaly-Videos-Part-4\Stealing\Stealing036_x264.mp4,ucf-crime\Anomaly-Videos-Part-4\Anomaly-Videos-Part-4\Stealing\Stealing036_x264.mp4,Stealing,Stealing,1,.mp4,12.215,True,30.0,2503,320,240,83.433,1.391,True,train
Stealing042_x264,Stealing042_x264.mp4,data\raw\ucf-crime\Anomaly-Videos-Part-4\Anomaly-Videos-Part-4\Stealing\Stealing042_x264.mp4,ucf-crime\Anomaly-Videos-Part-4\Anomaly-Videos-Part-4\Stealing\Stealing042_x264.mp4,Stealing,Stealing,1,.mp4,18.503,True,30.0,4200,320,240,140.0,2.333,True,train
Stealing043_x264,Stealing043_x264.mp4,data\raw\ucf-crime\Anomaly-Videos-Part-4\Anomaly-Videos-Part-4\Stealing\Stealing043_x264.mp4,ucf-crime\Anomaly-Videos-Part-4\Anomaly-Videos-Part-4\Stealing\Stealing043_x264.mp4,Stealing,Stealing,1,.mp4,16.312,True,30.0,4813,320,240,160.433,2.674,True,train
Stealing047_x264,Stealing047_x264.mp4,data\raw\ucf-crime\Anomaly-Videos-Part-4\Anomaly-Videos-Part-4\Stealing\Stealing047_x264.mp4,ucf-crime\Anomaly-Videos-Part-4\Anomaly-Videos-Part-4\Stealing\Stealing047_x264.mp4,Stealing,Stealing,1,.mp4,10.609,True,30.0,1352,320,240,45.067,0.751,True,train
Stealing048_x264,Stealing048_x264.mp4,data\raw\ucf-crime\Anomaly-Videos-Part-4\Anomaly-Videos-Part-4\Stealing\Stealing048_x264.mp4,ucf-crime\Anomaly-Videos-Part-4\Anomaly-Videos-Part-4\Stealing\Stealing048_x264.mp4,Stealing,Stealing,1,.mp4,56.572,True,30.0,7567,320,240,252.233,4.204,True,train
Stealing049_x264,Stealing049_x264.mp4,data\raw\ucf-crime\Anomaly-Videos-Part-4\Anomaly-Videos-Part-4\Stealing\Stealing049_x264.mp4,ucf-crime\Anomaly-Videos-Part-4\Anomaly-Videos-Part-4\Stealing\Stealing049_x264.mp4,Stealing,Stealing,1,.mp4,11.785,True,30.0,1476,320,240,49.2,0.82,True,train
Stealing050_x264,Stealing050_x264.mp4,data\raw\ucf-crime\Anomaly-Videos-Part-4\Anomaly-Videos-Part-4\Stealing\Stealing050_x264.mp4,ucf-crime\Anomaly-Videos-Part-4\Anomaly-Videos-Part-4\Stealing\Stealing050_x264.mp4,Stealing,Stealing,1,.mp4,23.503,True,30.0,3345,320,240,111.5,1.858,True,train
Stealing051_x264,Stealing051_x264.mp4,data\raw\ucf-crime\Anomaly-Videos-Part-4\Anomaly-Videos-Part-4\Stealing\Stealing051_x264.mp4,ucf-crime\Anomaly-Videos-Part-4\Anomaly-Videos-Part-4\Stealing\Stealing051_x264.mp4,Stealing,Stealing,1,.mp4,26.608,True,30.0,3330,320,240,111.0,1.85,True,train
Stealing053_x264,Stealing053_x264.mp4,data\raw\ucf-crime\Anomaly-Videos-Part-4\Anomaly-Videos-Part-4\Stealing\Stealing053_x264.mp4,ucf-crime\Anomaly-Videos-Part-4\Anomaly-Videos-Part-4\Stealing\Stealing053_x264.mp4,Stealing,Stealing,1,.mp4,91.054,True,30.0,13057,320,240,435.233,7.254,True,train
Stealing054_x264,Stealing054_x264.mp4,data\raw\ucf-crime\Anomaly-Videos-Part-4\Anomaly-Videos-Part-4\Stealing\Stealing054_x264.mp4,ucf-crime\Anomaly-Videos-Part-4\Anomaly-Videos-Part-4\Stealing\Stealing054_x264.mp4,Stealing,Stealing,1,.mp4,23.879,True,30.0,2669,320,240,88.967,1.483,True,train
Stealing057_x264,Stealing057_x264.mp4,data\raw\ucf-crime\Anomaly-Videos-Part-4\Anomaly-Videos-Part-4\Stealing\Stealing057_x264.mp4,ucf-crime\Anomaly-Videos-Part-4\Anomaly-Videos-Part-4\Stealing\Stealing057_x264.mp4,Stealing,Stealing,1,.mp4,10.668,True,30.0,3015,320,240,100.5,1.675,True,train
Stealing058_x264,Stealing058_x264.mp4,data\raw\ucf-crime\Anomaly-Videos-Part-4\Anomaly-Videos-Part-4\Stealing\Stealing058_x264.mp4,ucf-crime\Anomaly-Videos-Part-4\Anomaly-Videos-Part-4\Stealing\Stealing058_x264.mp4,Stealing,Stealing,1,.mp4,37.136,True,30.0,4991,320,240,166.367,2.773,True,train
Stealing059_x264,Stealing059_x264.mp4,data\raw\ucf-crime\Anomaly-Videos-Part-4\Anomaly-Videos-Part-4\Stealing\Stealing059_x264.mp4,ucf-crime\Anomaly-Videos-Part-4\Anomaly-Videos-Part-4\Stealing\Stealing059_x264.mp4,Stealing,Stealing,1,.mp4,9.483,True,30.0,2233,320,240,74.433,1.241,True,train
Stealing060_x264,Stealing060_x264.mp4,data\raw\ucf-crime\Anomaly-Videos-Part-4\Anomaly-Videos-Part-4\Stealing\Stealing060_x264.mp4,ucf-crime\Anomaly-Videos-Part-4\Anomaly-Videos-Part-4\Stealing\Stealing060_x264.mp4,Stealing,Stealing,1,.mp4,9.177,True,30.0,1520,320,240,50.667,0.844,True,train
Stealing061_x264,Stealing061_x264.mp4,data\raw\ucf-crime\Anomaly-Videos-Part-4\Anomaly-Videos-Part-4\Stealing\Stealing061_x264.mp4,ucf-crime\Anomaly-Videos-Part-4\Anomaly-Videos-Part-4\Stealing\Stealing061_x264.mp4,Stealing,Stealing,1,.mp4,12.942,True,30.0,2405,320,240,80.167,1.336,True,train
Stealing063_x264,Stealing063_x264.mp4,data\raw\ucf-crime\Anomaly-Videos-Part-4\Anomaly-Videos-Part-4\Stealing\Stealing063_x264.mp4,ucf-crime\Anomaly-Videos-Part-4\Anomaly-Videos-Part-4\Stealing\Stealing063_x264.mp4,Stealing,Stealing,1,.mp4,92.558,True,30.0,11591,320,240,386.367,6.439,True,train
Stealing065_x264,Stealing065_x264.mp4,data\raw\ucf-crime\Anomaly-Videos-Part-4\Anomaly-Videos-Part-4\Stealing\Stealing065_x264.mp4,ucf-crime\Anomaly-Videos-Part-4\Anomaly-Videos-Part-4\Stealing\Stealing065_x264.mp4,Stealing,Stealing,1,.mp4,23.957,True,30.0,5485,320,240,182.833,3.047,True,train
Stealing066_x264,Stealing066_x264.mp4,data\raw\ucf-crime\Anomaly-Videos-Part-4\Anomaly-Videos-Part-4\Stealing\Stealing066_x264.mp4,ucf-crime\Anomaly-Videos-Part-4\Anomaly-Videos-Part-4\Stealing\Stealing066_x264.mp4,Stealing,Stealing,1,.mp4,10.771,True,30.0,1280,320,240,42.667,0.711,True,train
Stealing067_x264,Stealing067_x264.mp4,data\raw\ucf-crime\Anomaly-Videos-Part-4\Anomaly-Videos-Part-4\Stealing\Stealing067_x264.mp4,ucf-crime\Anomaly-Videos-Part-4\Anomaly-Videos-Part-4\Stealing\Stealing067_x264.mp4,Stealing,Stealing,1,.mp4,13.455,True,30.0,2100,320,240,70.0,1.167,True,train
Stealing068_x264,Stealing068_x264.mp4,data\raw\ucf-crime\Anomaly-Videos-Part-4\Anomaly-Videos-Part-4\Stealing\Stealing068_x264.mp4,ucf-crime\Anomaly-Videos-Part-4\Anomaly-Videos-Part-4\Stealing\Stealing068_x264.mp4,Stealing,Stealing,1,.mp4,52.151,True,30.0,6859,320,240,228.633,3.811,True,train
Stealing071_x264,Stealing071_x264.mp4,data\raw\ucf-crime\Anomaly-Videos-Part-4\Anomaly-Videos-Part-4\Stealing\Stealing071_x264.mp4,ucf-crime\Anomaly-Videos-Part-4\Anomaly-Videos-Part-4\Stealing\Stealing071_x264.mp4,Stealing,Stealing,1,.mp4,6.785,True,30.0,961,320,240,32.033,0.534,True,train
Stealing072_x264,Stealing072_x264.mp4,data\raw\ucf-crime\Anomaly-Videos-Part-4\Anomaly-Videos-Part-4\Stealing\Stealing072_x264.mp4,ucf-crime\Anomaly-Videos-Part-4\Anomaly-Videos-Part-4\Stealing\Stealing072_x264.mp4,Stealing,Stealing,1,.mp4,30.745,True,30.0,11614,320,240,387.133,6.452,True,train
Stealing073_x264,Stealing073_x264.mp4,data\raw\ucf-crime\Anomaly-Videos-Part-4\Anomaly-Videos-Part-4\Stealing\Stealing073_x264.mp4,ucf-crime\Anomaly-Videos-Part-4\Anomaly-Videos-Part-4\Stealing\Stealing073_x264.mp4,Stealing,Stealing,1,.mp4,9.16,True,30.0,1524,320,240,50.8,0.847,True,train
Stealing074_x264,Stealing074_x264.mp4,data\raw\ucf-crime\Anomaly-Videos-Part-4\Anomaly-Videos-Part-4\Stealing\Stealing074_x264.mp4,ucf-crime\Anomaly-Videos-Part-4\Anomaly-Videos-Part-4\Stealing\Stealing074_x264.mp4,Stealing,Stealing,1,.mp4,19.124,True,30.0,2400,320,240,80.0,1.333,True,train
Stealing075_x264,Stealing075_x264.mp4,data\raw\ucf-crime\Anomaly-Videos-Part-4\Anomaly-Videos-Part-4\Stealing\Stealing075_x264.mp4,ucf-crime\Anomaly-Videos-Part-4\Anomaly-Videos-Part-4\Stealing\Stealing075_x264.mp4,Stealing,Stealing,1,.mp4,33.751,True,30.0,5624,320,240,187.467,3.124,True,train
Stealing077_x264,Stealing077_x264.mp4,data\raw\ucf-crime\Anomaly-Videos-Part-4\Anomaly-Videos-Part-4\Stealing\Stealing077_x264.mp4,ucf-crime\Anomaly-Videos-Part-4\Anomaly-Videos-Part-4\Stealing\Stealing077_x264.mp4,Stealing,Stealing,1,.mp4,153.66,True,30.0,19185,320,240,639.5,10.658,True,train
Stealing079_x264,Stealing079_x264.mp4,data\raw\ucf-crime\Anomaly-Videos-Part-4\Anomaly-Videos-Part-4\Stealing\Stealing079_x264.mp4,ucf-crime\Anomaly-Videos-Part-4\Anomaly-Videos-Part-4\Stealing\Stealing079_x264.mp4,Stealing,Stealing,1,.mp4,37.29,True,30.0,5846,320,240,194.867,3.248,True,train
Stealing081_x264,Stealing081_x264.mp4,data\raw\ucf-crime\Anomaly-Videos-Part-4\Anomaly-Videos-Part-4\Stealing\Stealing081_x264.mp4,ucf-crime\Anomaly-Videos-Part-4\Anomaly-Videos-Part-4\Stealing\Stealing081_x264.mp4,Stealing,Stealing,1,.mp4,9.948,True,30.0,1259,320,240,41.967,0.699,True,train
Stealing082_x264,Stealing082_x264.mp4,data\raw\ucf-crime\Anomaly-Videos-Part-4\Anomaly-Videos-Part-4\Stealing\Stealing082_x264.mp4,ucf-crime\Anomaly-Videos-Part-4\Anomaly-Videos-Part-4\Stealing\Stealing082_x264.mp4,Stealing,Stealing,1,.mp4,6.191,True,30.0,1683,320,240,56.1,0.935,True,train
Stealing083_x264,Stealing083_x264.mp4,data\raw\ucf-crime\Anomaly-Videos-Part-4\Anomaly-Videos-Part-4\Stealing\Stealing083_x264.mp4,ucf-crime\Anomaly-Videos-Part-4\Anomaly-Videos-Part-4\Stealing\Stealing083_x264.mp4,Stealing,Stealing,1,.mp4,33.212,True,30.0,4506,320,240,150.2,2.503,True,train
Stealing084_x264,Stealing084_x264.mp4,data\raw\ucf-crime\Anomaly-Videos-Part-4\Anomaly-Videos-Part-4\Stealing\Stealing084_x264.mp4,ucf-crime\Anomaly-Videos-Part-4\Anomaly-Videos-Part-4\Stealing\Stealing084_x264.mp4,Stealing,Stealing,1,.mp4,80.137,True,30.0,15729,320,240,524.3,8.738,True,train
Stealing087_x264,Stealing087_x264.mp4,data\raw\ucf-crime\Anomaly-Videos-Part-4\Anomaly-Videos-Part-4\Stealing\Stealing087_x264.mp4,ucf-crime\Anomaly-Videos-Part-4\Anomaly-Videos-Part-4\Stealing\Stealing087_x264.mp4,Stealing,Stealing,1,.mp4,37.352,True,30.0,4938,320,240,164.6,2.743,True,train
Stealing088_x264,Stealing088_x264.mp4,data\raw\ucf-crime\Anomaly-Videos-Part-4\Anomaly-Videos-Part-4\Stealing\Stealing088_x264.mp4,ucf-crime\Anomaly-Videos-Part-4\Anomaly-Videos-Part-4\Stealing\Stealing088_x264.mp4,Stealing,Stealing,1,.mp4,54.346,True,30.0,12855,320,240,428.5,7.142,True,train
Stealing089_x264,Stealing089_x264.mp4,data\raw\ucf-crime\Anomaly-Videos-Part-4\Anomaly-Videos-Part-4\Stealing\Stealing089_x264.mp4,ucf-crime\Anomaly-Videos-Part-4\Anomaly-Videos-Part-4\Stealing\Stealing089_x264.mp4,Stealing,Stealing,1,.mp4,46.412,True,30.0,12944,320,240,431.467,7.191,True,train
Stealing091_x264,Stealing091_x264.mp4,data\raw\ucf-crime\Anomaly-Videos-Part-4\Anomaly-Videos-Part-4\Stealing\Stealing091_x264.mp4,ucf-crime\Anomaly-Videos-Part-4\Anomaly-Videos-Part-4\Stealing\Stealing091_x264.mp4,Stealing,Stealing,1,.mp4,3.166,True,30.0,599,320,240,19.967,0.333,True,train
Stealing092_x264,Stealing092_x264.mp4,data\raw\ucf-crime\Anomaly-Videos-Part-4\Anomaly-Videos-Part-4\Stealing\Stealing092_x264.mp4,ucf-crime\Anomaly-Videos-Part-4\Anomaly-Videos-Part-4\Stealing\Stealing092_x264.mp4,Stealing,Stealing,1,.mp4,108.269,True,30.0,13541,320,240,451.367,7.523,True,train
Stealing093_x264,Stealing093_x264.mp4,data\raw\ucf-crime\Anomaly-Videos-Part-4\Anomaly-Videos-Part-4\Stealing\Stealing093_x264.mp4,ucf-crime\Anomaly-Videos-Part-4\Anomaly-Videos-Part-4\Stealing\Stealing093_x264.mp4,Stealing,Stealing,1,.mp4,5.859,True,30.0,1229,320,240,40.967,0.683,True,train
Stealing094_x264,Stealing094_x264.mp4,data\raw\ucf-crime\Anomaly-Videos-Part-4\Anomaly-Videos-Part-4\Stealing\Stealing094_x264.mp4,ucf-crime\Anomaly-Videos-Part-4\Anomaly-Videos-Part-4\Stealing\Stealing094_x264.mp4,Stealing,Stealing,1,.mp4,5.204,True,30.0,3899,320,240,129.967,2.166,True,train
Stealing096_x264,Stealing096_x264.mp4,data\raw\ucf-crime\Anomaly-Videos-Part-4\Anomaly-Videos-Part-4\Stealing\Stealing096_x264.mp4,ucf-crime\Anomaly-Videos-Part-4\Anomaly-Videos-Part-4\Stealing\Stealing096_x264.mp4,Stealing,Stealing,1,.mp4,52.732,True,30.0,6608,320,240,220.267,3.671,True,train
Stealing097_x264,Stealing097_x264.mp4,data\raw\ucf-crime\Anomaly-Videos-Part-4\Anomaly-Videos-Part-4\Stealing\Stealing097_x264.mp4,ucf-crime\Anomaly-Videos-Part-4\Anomaly-Videos-Part-4\Stealing\Stealing097_x264.mp4,Stealing,Stealing,1,.mp4,8.957,True,30.0,1150,320,240,38.333,0.639,True,train
Stealing100_x264,Stealing100_x264.mp4,data\raw\ucf-crime\Anomaly-Videos-Part-4\Anomaly-Videos-Part-4\Stealing\Stealing100_x264.mp4,ucf-crime\Anomaly-Videos-Part-4\Anomaly-Videos-Part-4\Stealing\Stealing100_x264.mp4,Stealing,Stealing,1,.mp4,94.937,True,30.0,15356,320,240,511.867,8.531,True,train
Stealing102_x264,Stealing102_x264.mp4,data\raw\ucf-crime\Anomaly-Videos-Part-4\Anomaly-Videos-Part-4\Stealing\Stealing102_x264.mp4,ucf-crime\Anomaly-Videos-Part-4\Anomaly-Videos-Part-4\Stealing\Stealing102_x264.mp4,Stealing,Stealing,1,.mp4,6.933,True,30.0,1231,320,240,41.033,0.684,True,train
Stealing103_x264,Stealing103_x264.mp4,data\raw\ucf-crime\Anomaly-Videos-Part-4\Anomaly-Videos-Part-4\Stealing\Stealing103_x264.mp4,ucf-crime\Anomaly-Videos-Part-4\Anomaly-Videos-Part-4\Stealing\Stealing103_x264.mp4,Stealing,Stealing,1,.mp4,32.972,True,30.0,6077,320,240,202.567,3.376,True,train
Stealing104_x264,Stealing104_x264.mp4,data\raw\ucf-crime\Anomaly-Videos-Part-4\Anomaly-Videos-Part-4\Stealing\Stealing104_x264.mp4,ucf-crime\Anomaly-Videos-Part-4\Anomaly-Videos-Part-4\Stealing\Stealing104_x264.mp4,Stealing,Stealing,1,.mp4,14.436,True,30.0,3151,320,240,105.033,1.751,True,train
Stealing106_x264,Stealing106_x264.mp4,data\raw\ucf-crime\Anomaly-Videos-Part-4\Anomaly-Videos-Part-4\Stealing\Stealing106_x264.mp4,ucf-crime\Anomaly-Videos-Part-4\Anomaly-Videos-Part-4\Stealing\Stealing106_x264.mp4,Stealing,Stealing,1,.mp4,7.226,True,30.0,1431,320,240,47.7,0.795,True,train
Stealing107_x264,Stealing107_x264.mp4,data\raw\ucf-crime\Anomaly-Videos-Part-4\Anomaly-Videos-Part-4\Stealing\Stealing107_x264.mp4,ucf-crime\Anomaly-Videos-Part-4\Anomaly-Videos-Part-4\Stealing\Stealing107_x264.mp4,Stealing,Stealing,1,.mp4,33.886,True,30.0,4500,320,240,150.0,2.5,True,train
Stealing108_x264,Stealing108_x264.mp4,data\raw\ucf-crime\Anomaly-Videos-Part-4\Anomaly-Videos-Part-4\Stealing\Stealing108_x264.mp4,ucf-crime\Anomaly-Videos-Part-4\Anomaly-Videos-Part-4\Stealing\Stealing108_x264.mp4,Stealing,Stealing,1,.mp4,14.28,True,30.0,3967,320,240,132.233,2.204,True,train
Stealing109_x264,Stealing109_x264.mp4,data\raw\ucf-crime\Anomaly-Videos-Part-4\Anomaly-Videos-Part-4\Stealing\Stealing109_x264.mp4,ucf-crime\Anomaly-Videos-Part-4\Anomaly-Videos-Part-4\Stealing\Stealing109_x264.mp4,Stealing,Stealing,1,.mp4,40.582,True,30.0,9453,320,240,315.1,5.252,True,train
Stealing110_x264,Stealing110_x264.mp4,data\raw\ucf-crime\Anomaly-Videos-Part-4\Anomaly-Videos-Part-4\Stealing\Stealing110_x264.mp4,ucf-crime\Anomaly-Videos-Part-4\Anomaly-Videos-Part-4\Stealing\Stealing110_x264.mp4,Stealing,Stealing,1,.mp4,13.319,True,30.0,1752,320,240,58.4,0.973,True,train
Stealing112_x264,Stealing112_x264.mp4,data\raw\ucf-crime\Anomaly-Videos-Part-4\Anomaly-Videos-Part-4\Stealing\Stealing112_x264.mp4,ucf-crime\Anomaly-Videos-Part-4\Anomaly-Videos-Part-4\Stealing\Stealing112_x264.mp4,Stealing,Stealing,1,.mp4,16.56,True,30.0,2101,320,240,70.033,1.167,True,train
Stealing113_x264,Stealing113_x264.mp4,data\raw\ucf-crime\Anomaly-Videos-Part-4\Anomaly-Videos-Part-4\Stealing\Stealing113_x264.mp4,ucf-crime\Anomaly-Videos-Part-4\Anomaly-Videos-Part-4\Stealing\Stealing113_x264.mp4,Stealing,Stealing,1,.mp4,10.342,True,30.0,1579,320,240,52.633,0.877,True,train
Stealing114_x264,Stealing114_x264.mp4,data\raw\ucf-crime\Anomaly-Videos-Part-4\Anomaly-Videos-Part-4\Stealing\Stealing114_x264.mp4,ucf-crime\Anomaly-Videos-Part-4\Anomaly-Videos-Part-4\Stealing\Stealing114_x264.mp4,Stealing,Stealing,1,.mp4,5.221,True,30.0,1217,320,240,40.567,0.676,True,train
Vandalism001_x264,Vandalism001_x264.mp4,data\raw\ucf-crime\Anomaly-Videos-Part-4\Anomaly-Videos-Part-4\Vandalism\Vandalism001_x264.mp4,ucf-crime\Anomaly-Videos-Part-4\Anomaly-Videos-Part-4\Vandalism\Vandalism001_x264.mp4,Vandalism,Vandalism,1,.mp4,12.029,True,30.0,1434,320,240,47.8,0.797,True,train
Vandalism003_x264,Vandalism003_x264.mp4,data\raw\ucf-crime\Anomaly-Videos-Part-4\Anomaly-Videos-Part-4\Vandalism\Vandalism003_x264.mp4,ucf-crime\Anomaly-Videos-Part-4\Anomaly-Videos-Part-4\Vandalism\Vandalism003_x264.mp4,Vandalism,Vandalism,1,.mp4,11.358,True,30.0,1469,320,240,48.967,0.816,True,train
Vandalism004_x264,Vandalism004_x264.mp4,data\raw\ucf-crime\Anomaly-Videos-Part-4\Anomaly-Videos-Part-4\Vandalism\Vandalism004_x264.mp4,ucf-crime\Anomaly-Videos-Part-4\Anomaly-Videos-Part-4\Vandalism\Vandalism004_x264.mp4,Vandalism,Vandalism,1,.mp4,19.92,True,30.0,2820,320,240,94.0,1.567,True,train
Vandalism005_x264,Vandalism005_x264.mp4,data\raw\ucf-crime\Anomaly-Videos-Part-4\Anomaly-Videos-Part-4\Vandalism\Vandalism005_x264.mp4,ucf-crime\Anomaly-Videos-Part-4\Anomaly-Videos-Part-4\Vandalism\Vandalism005_x264.mp4,Vandalism,Vandalism,1,.mp4,3.819,True,30.0,1624,320,240,54.133,0.902,True,train
Vandalism006_x264,Vandalism006_x264.mp4,data\raw\ucf-crime\Anomaly-Videos-Part-4\Anomaly-Videos-Part-4\Vandalism\Vandalism006_x264.mp4,ucf-crime\Anomaly-Videos-Part-4\Anomaly-Videos-Part-4\Vandalism\Vandalism006_x264.mp4,Vandalism,Vandalism,1,.mp4,2.719,True,30.0,811,320,240,27.033,0.451,True,train
Vandalism007_x264,Vandalism007_x264.mp4,data\raw\ucf-crime\Anomaly-Videos-Part-4\Anomaly-Videos-Part-4\Vandalism\Vandalism007_x264.mp4,ucf-crime\Anomaly-Videos-Part-4\Anomaly-Videos-Part-4\Vandalism\Vandalism007_x264.mp4,Vandalism,Vandalism,1,.mp4,6.141,True,30.0,1146,320,240,38.2,0.637,True,train
Vandalism008_x264,Vandalism008_x264.mp4,data\raw\ucf-crime\Anomaly-Videos-Part-4\Anomaly-Videos-Part-4\Vandalism\Vandalism008_x264.mp4,ucf-crime\Anomaly-Videos-Part-4\Anomaly-Videos-Part-4\Vandalism\Vandalism008_x264.mp4,Vandalism,Vandalism,1,.mp4,100.832,True,30.0,12589,320,240,419.633,6.994,True,train
Vandalism010_x264,Vandalism010_x264.mp4,data\raw\ucf-crime\Anomaly-Videos-Part-4\Anomaly-Videos-Part-4\Vandalism\Vandalism010_x264.mp4,ucf-crime\Anomaly-Videos-Part-4\Anomaly-Videos-Part-4\Vandalism\Vandalism010_x264.mp4,Vandalism,Vandalism,1,.mp4,24.842,True,30.0,3945,320,240,131.5,2.192,True,train
Vandalism011_x264,Vandalism011_x264.mp4,data\raw\ucf-crime\Anomaly-Videos-Part-4\Anomaly-Videos-Part-4\Vandalism\Vandalism011_x264.mp4,ucf-crime\Anomaly-Videos-Part-4\Anomaly-Videos-Part-4\Vandalism\Vandalism011_x264.mp4,Vandalism,Vandalism,1,.mp4,100.746,True,30.0,12449,320,240,414.967,6.916,True,train
Vandalism012_x264,Vandalism012_x264.mp4,data\raw\ucf-crime\Anomaly-Videos-Part-4\Anomaly-Videos-Part-4\Vandalism\Vandalism012_x264.mp4,ucf-crime\Anomaly-Videos-Part-4\Anomaly-Videos-Part-4\Vandalism\Vandalism012_x264.mp4,Vandalism,Vandalism,1,.mp4,4.328,True,30.0,845,320,240,28.167,0.469,True,train
Vandalism013_x264,Vandalism013_x264.mp4,data\raw\ucf-crime\Anomaly-Videos-Part-4\Anomaly-Videos-Part-4\Vandalism\Vandalism013_x264.mp4,ucf-crime\Anomaly-Videos-Part-4\Anomaly-Videos-Part-4\Vandalism\Vandalism013_x264.mp4,Vandalism,Vandalism,1,.mp4,8.514,True,30.0,2379,320,240,79.3,1.322,True,train
Vandalism014_x264,Vandalism014_x264.mp4,data\raw\ucf-crime\Anomaly-Videos-Part-4\Anomaly-Videos-Part-4\Vandalism\Vandalism014_x264.mp4,ucf-crime\Anomaly-Videos-Part-4\Anomaly-Videos-Part-4\Vandalism\Vandalism014_x264.mp4,Vandalism,Vandalism,1,.mp4,3.288,True,30.0,429,320,240,14.3,0.238,True,train
Vandalism015_x264,Vandalism015_x264.mp4,data\raw\ucf-crime\Anomaly-Videos-Part-4\Anomaly-Videos-Part-4\Vandalism\Vandalism015_x264.mp4,ucf-crime\Anomaly-Videos-Part-4\Anomaly-Videos-Part-4\Vandalism\Vandalism015_x264.mp4,Vandalism,Vandalism,1,.mp4,14.095,True,30.0,2982,320,240,99.4,1.657,True,train
Vandalism016_x264,Vandalism016_x264.mp4,data\raw\ucf-crime\Anomaly-Videos-Part-4\Anomaly-Videos-Part-4\Vandalism\Vandalism016_x264.mp4,ucf-crime\Anomaly-Videos-Part-4\Anomaly-Videos-Part-4\Vandalism\Vandalism016_x264.mp4,Vandalism,Vandalism,1,.mp4,17.17,True,30.0,5810,320,240,193.667,3.228,True,train
Vandalism018_x264,Vandalism018_x264.mp4,data\raw\ucf-crime\Anomaly-Videos-Part-4\Anomaly-Videos-Part-4\Vandalism\Vandalism018_x264.mp4,ucf-crime\Anomaly-Videos-Part-4\Anomaly-Videos-Part-4\Vandalism\Vandalism018_x264.mp4,Vandalism,Vandalism,1,.mp4,27.236,True,30.0,5557,320,240,185.233,3.087,True,train
Vandalism021_x264,Vandalism021_x264.mp4,data\raw\ucf-crime\Anomaly-Videos-Part-4\Anomaly-Videos-Part-4\Vandalism\Vandalism021_x264.mp4,ucf-crime\Anomaly-Videos-Part-4\Anomaly-Videos-Part-4\Vandalism\Vandalism021_x264.mp4,Vandalism,Vandalism,1,.mp4,10.07,True,30.0,1362,320,240,45.4,0.757,True,train
Vandalism022_x264,Vandalism022_x264.mp4,data\raw\ucf-crime\Anomaly-Videos-Part-4\Anomaly-Videos-Part-4\Vandalism\Vandalism022_x264.mp4,ucf-crime\Anomaly-Videos-Part-4\Anomaly-Videos-Part-4\Vandalism\Vandalism022_x264.mp4,Vandalism,Vandalism,1,.mp4,27.463,True,30.0,3932,320,240,131.067,2.184,True,train
Vandalism023_x264,Vandalism023_x264.mp4,data\raw\ucf-crime\Anomaly-Videos-Part-4\Anomaly-Videos-Part-4\Vandalism\Vandalism023_x264.mp4,ucf-crime\Anomaly-Videos-Part-4\Anomaly-Videos-Part-4\Vandalism\Vandalism023_x264.mp4,Vandalism,Vandalism,1,.mp4,50.359,True,30.0,6301,320,240,210.033,3.501,True,train
Vandalism024_x264,Vandalism024_x264.mp4,data\raw\ucf-crime\Anomaly-Videos-Part-4\Anomaly-Videos-Part-4\Vandalism\Vandalism024_x264.mp4,ucf-crime\Anomaly-Videos-Part-4\Anomaly-Videos-Part-4\Vandalism\Vandalism024_x264.mp4,Vandalism,Vandalism,1,.mp4,8.354,True,30.0,1004,320,240,33.467,0.558,True,train
Vandalism025_x264,Vandalism025_x264.mp4,data\raw\ucf-crime\Anomaly-Videos-Part-4\Anomaly-Videos-Part-4\Vandalism\Vandalism025_x264.mp4,ucf-crime\Anomaly-Videos-Part-4\Anomaly-Videos-Part-4\Vandalism\Vandalism025_x264.mp4,Vandalism,Vandalism,1,.mp4,33.539,True,30.0,4304,320,240,143.467,2.391,True,train
Vandalism027_x264,Vandalism027_x264.mp4,data\raw\ucf-crime\Anomaly-Videos-Part-4\Anomaly-Videos-Part-4\Vandalism\Vandalism027_x264.mp4,ucf-crime\Anomaly-Videos-Part-4\Anomaly-Videos-Part-4\Vandalism\Vandalism027_x264.mp4,Vandalism,Vandalism,1,.mp4,3.799,True,30.0,701,320,240,23.367,0.389,True,train
Vandalism028_x264,Vandalism028_x264.mp4,data\raw\ucf-crime\Anomaly-Videos-Part-4\Anomaly-Videos-Part-4\Vandalism\Vandalism028_x264.mp4,ucf-crime\Anomaly-Videos-Part-4\Anomaly-Videos-Part-4\Vandalism\Vandalism028_x264.mp4,Vandalism,Vandalism,1,.mp4,27.796,True,30.0,4495,320,240,149.833,2.497,True,train
Vandalism029_x264,Vandalism029_x264.mp4,data\raw\ucf-crime\Anomaly-Videos-Part-4\Anomaly-Videos-Part-4\Vandalism\Vandalism029_x264.mp4,ucf-crime\Anomaly-Videos-Part-4\Anomaly-Videos-Part-4\Vandalism\Vandalism029_x264.mp4,Vandalism,Vandalism,1,.mp4,4.185,True,30.0,456,320,240,15.2,0.253,True,train
Vandalism030_x264,Vandalism030_x264.mp4,data\raw\ucf-crime\Anomaly-Videos-Part-4\Anomaly-Videos-Part-4\Vandalism\Vandalism030_x264.mp4,ucf-crime\Anomaly-Videos-Part-4\Anomaly-Videos-Part-4\Vandalism\Vandalism030_x264.mp4,Vandalism,Vandalism,1,.mp4,11.93,True,30.0,1437,320,240,47.9,0.798,True,train
Vandalism031_x264,Vandalism031_x264.mp4,data\raw\ucf-crime\Anomaly-Videos-Part-4\Anomaly-Videos-Part-4\Vandalism\Vandalism031_x264.mp4,ucf-crime\Anomaly-Videos-Part-4\Anomaly-Videos-Part-4\Vandalism\Vandalism031_x264.mp4,Vandalism,Vandalism,1,.mp4,12.127,True,30.0,1799,320,240,59.967,0.999,True,train
Vandalism032_x264,Vandalism032_x264.mp4,data\raw\ucf-crime\Anomaly-Videos-Part-4\Anomaly-Videos-Part-4\Vandalism\Vandalism032_x264.mp4,ucf-crime\Anomaly-Videos-Part-4\Anomaly-Videos-Part-4\Vandalism\Vandalism032_x264.mp4,Vandalism,Vandalism,1,.mp4,1.776,True,30.0,674,320,240,22.467,0.374,True,train
Vandalism033_x264,Vandalism033_x264.mp4,data\raw\ucf-crime\Anomaly-Videos-Part-4\Anomaly-Videos-Part-4\Vandalism\Vandalism033_x264.mp4,ucf-crime\Anomaly-Videos-Part-4\Anomaly-Videos-Part-4\Vandalism\Vandalism033_x264.mp4,Vandalism,Vandalism,1,.mp4,17.703,True,30.0,2265,320,240,75.5,1.258,True,train
Vandalism037_x264,Vandalism037_x264.mp4,data\raw\ucf-crime\Anomaly-Videos-Part-4\Anomaly-Videos-Part-4\Vandalism\Vandalism037_x264.mp4,ucf-crime\Anomaly-Videos-Part-4\Anomaly-Videos-Part-4\Vandalism\Vandalism037_x264.mp4,Vandalism,Vandalism,1,.mp4,19.676,True,30.0,3019,320,240,100.633,1.677,True,train
Vandalism039_x264,Vandalism039_x264.mp4,data\raw\ucf-crime\Anomaly-Videos-Part-4\Anomaly-Videos-Part-4\Vandalism\Vandalism039_x264.mp4,ucf-crime\Anomaly-Videos-Part-4\Anomaly-Videos-Part-4\Vandalism\Vandalism039_x264.mp4,Vandalism,Vandalism,1,.mp4,3.197,True,30.0,899,320,240,29.967,0.499,True,train
Vandalism040_x264,Vandalism040_x264.mp4,data\raw\ucf-crime\Anomaly-Videos-Part-4\Anomaly-Videos-Part-4\Vandalism\Vandalism040_x264.mp4,ucf-crime\Anomaly-Videos-Part-4\Anomaly-Videos-Part-4\Vandalism\Vandalism040_x264.mp4,Vandalism,Vandalism,1,.mp4,6.885,True,30.0,1037,320,240,34.567,0.576,True,train
Vandalism042_x264,Vandalism042_x264.mp4,data\raw\ucf-crime\Anomaly-Videos-Part-4\Anomaly-Videos-Part-4\Vandalism\Vandalism042_x264.mp4,ucf-crime\Anomaly-Videos-Part-4\Anomaly-Videos-Part-4\Vandalism\Vandalism042_x264.mp4,Vandalism,Vandalism,1,.mp4,27.964,True,30.0,3596,320,240,119.867,1.998,True,train
Vandalism046_x264,Vandalism046_x264.mp4,data\raw\ucf-crime\Anomaly-Videos-Part-4\Anomaly-Videos-Part-4\Vandalism\Vandalism046_x264.mp4,ucf-crime\Anomaly-Videos-Part-4\Anomaly-Videos-Part-4\Vandalism\Vandalism046_x264.mp4,Vandalism,Vandalism,1,.mp4,16.689,True,30.0,2099,320,240,69.967,1.166,True,train
Vandalism048_x264,Vandalism048_x264.mp4,data\raw\ucf-crime\Anomaly-Videos-Part-4\Anomaly-Videos-Part-4\Vandalism\Vandalism048_x264.mp4,ucf-crime\Anomaly-Videos-Part-4\Anomaly-Videos-Part-4\Vandalism\Vandalism048_x264.mp4,Vandalism,Vandalism,1,.mp4,54.752,True,30.0,7183,320,240,239.433,3.991,True,train
Vandalism049_x264,Vandalism049_x264.mp4,data\raw\ucf-crime\Anomaly-Videos-Part-4\Anomaly-Videos-Part-4\Vandalism\Vandalism049_x264.mp4,ucf-crime\Anomaly-Videos-Part-4\Anomaly-Videos-Part-4\Vandalism\Vandalism049_x264.mp4,Vandalism,Vandalism,1,.mp4,64.262,True,30.0,7999,320,240,266.633,4.444,True,train
Vandalism050_x264,Vandalism050_x264.mp4,data\raw\ucf-crime\Anomaly-Videos-Part-4\Anomaly-Videos-Part-4\Vandalism\Vandalism050_x264.mp4,ucf-crime\Anomaly-Videos-Part-4\Anomaly-Videos-Part-4\Vandalism\Vandalism050_x264.mp4,Vandalism,Vandalism,1,.mp4,6.988,True,30.0,899,320,240,29.967,0.499,True,train
Abuse001_x264A,Abuse001_x264A.mp4,data\raw\ucf-crime\Augmented_Anomaly-Videos-Part-1\Anomaly-Videos-Part-1\Abuse\Abuse001_x264A.mp4,ucf-crime\Augmented_Anomaly-Videos-Part-1\Anomaly-Videos-Part-1\Abuse\Abuse001_x264A.mp4,Abuse,Abuse,1,.mp4,14.15,True,30.0,2729,320,240,90.967,1.516,True,validation
Abuse005_x264A,Abuse005_x264A.mp4,data\raw\ucf-crime\Augmented_Anomaly-Videos-Part-1\Anomaly-Videos-Part-1\Abuse\Abuse005_x264A.mp4,ucf-crime\Augmented_Anomaly-Videos-Part-1\Anomaly-Videos-Part-1\Abuse\Abuse005_x264A.mp4,Abuse,Abuse,1,.mp4,4.977,True,30.0,949,320,240,31.633,0.527,True,validation
Abuse008_x264A,Abuse008_x264A.mp4,data\raw\ucf-crime\Augmented_Anomaly-Videos-Part-1\Anomaly-Videos-Part-1\Abuse\Abuse008_x264A.mp4,ucf-crime\Augmented_Anomaly-Videos-Part-1\Anomaly-Videos-Part-1\Abuse\Abuse008_x264A.mp4,Abuse,Abuse,1,.mp4,23.664,True,30.0,8406,320,240,280.2,4.67,True,validation
Abuse010_x264A,Abuse010_x264A.mp4,data\raw\ucf-crime\Augmented_Anomaly-Videos-Part-1\Anomaly-Videos-Part-1\Abuse\Abuse010_x264A.mp4,ucf-crime\Augmented_Anomaly-Videos-Part-1\Anomaly-Videos-Part-1\Abuse\Abuse010_x264A.mp4,Abuse,Abuse,1,.mp4,10.382,True,30.0,1133,320,240,37.767,0.629,True,validation
Abuse014_x264A,Abuse014_x264A.mp4,data\raw\ucf-crime\Augmented_Anomaly-Videos-Part-1\Anomaly-Videos-Part-1\Abuse\Abuse014_x264A.mp4,ucf-crime\Augmented_Anomaly-Videos-Part-1\Anomaly-Videos-Part-1\Abuse\Abuse014_x264A.mp4,Abuse,Abuse,1,.mp4,4.851,True,30.0,2590,320,240,86.333,1.439,True,validation
Abuse022_x264,Abuse022_x264.mp4,data\raw\ucf-crime\Anomaly-Videos-Part-1\Anomaly-Videos-Part-1\Abuse\Abuse022_x264.mp4,ucf-crime\Anomaly-Videos-Part-1\Anomaly-Videos-Part-1\Abuse\Abuse022_x264.mp4,Abuse,Abuse,1,.mp4,18.561,True,30.0,2832,320,240,94.4,1.573,True,validation
Abuse024_x264,Abuse024_x264.mp4,data\raw\ucf-crime\Anomaly-Videos-Part-1\Anomaly-Videos-Part-1\Abuse\Abuse024_x264.mp4,ucf-crime\Anomaly-Videos-Part-1\Anomaly-Videos-Part-1\Abuse\Abuse024_x264.mp4,Abuse,Abuse,1,.mp4,8.321,True,30.0,1021,320,240,34.033,0.567,True,validation
Abuse026_x264A,Abuse026_x264A.mp4,data\raw\ucf-crime\Augmented_Anomaly-Videos-Part-1\Anomaly-Videos-Part-1\Abuse\Abuse026_x264A.mp4,ucf-crime\Augmented_Anomaly-Videos-Part-1\Anomaly-Videos-Part-1\Abuse\Abuse026_x264A.mp4,Abuse,Abuse,1,.mp4,14.548,True,30.0,1986,320,240,66.2,1.103,True,validation
Abuse033_x264,Abuse033_x264.mp4,data\raw\ucf-crime\Anomaly-Videos-Part-1\Anomaly-Videos-Part-1\Abuse\Abuse033_x264.mp4,ucf-crime\Anomaly-Videos-Part-1\Anomaly-Videos-Part-1\Abuse\Abuse033_x264.mp4,Abuse,Abuse,1,.mp4,21.852,True,30.0,2831,320,240,94.367,1.573,True,validation
Abuse037_x264A,Abuse037_x264A.mp4,data\raw\ucf-crime\Augmented_Anomaly-Videos-Part-1\Anomaly-Videos-Part-1\Abuse\Abuse037_x264A.mp4,ucf-crime\Augmented_Anomaly-Videos-Part-1\Anomaly-Videos-Part-1\Abuse\Abuse037_x264A.mp4,Abuse,Abuse,1,.mp4,5.38,True,30.0,1795,320,240,59.833,0.997,True,validation
Abuse038_x264,Abuse038_x264.mp4,data\raw\ucf-crime\Anomaly-Videos-Part-1\Anomaly-Videos-Part-1\Abuse\Abuse038_x264.mp4,ucf-crime\Anomaly-Videos-Part-1\Anomaly-Videos-Part-1\Abuse\Abuse038_x264.mp4,Abuse,Abuse,1,.mp4,7.609,True,30.0,891,320,240,29.7,0.495,True,validation
Abuse042_x264,Abuse042_x264.mp4,data\raw\ucf-crime\Anomaly-Videos-Part-1\Anomaly-Videos-Part-1\Abuse\Abuse042_x264.mp4,ucf-crime\Anomaly-Videos-Part-1\Anomaly-Videos-Part-1\Abuse\Abuse042_x264.mp4,Abuse,Abuse,1,.mp4,204.776,True,30.0,28476,320,240,949.2,15.82,True,validation
Abuse043_x264A,Abuse043_x264A.mp4,data\raw\ucf-crime\Augmented_Anomaly-Videos-Part-1\Anomaly-Videos-Part-1\Abuse\Abuse043_x264A.mp4,ucf-crime\Augmented_Anomaly-Videos-Part-1\Anomaly-Videos-Part-1\Abuse\Abuse043_x264A.mp4,Abuse,Abuse,1,.mp4,38.931,True,30.0,3870,320,240,129.0,2.15,True,validation
Abuse045_x264A,Abuse045_x264A.mp4,data\raw\ucf-crime\Augmented_Anomaly-Videos-Part-1\Anomaly-Videos-Part-1\Abuse\Abuse045_x264A.mp4,ucf-crime\Augmented_Anomaly-Videos-Part-1\Anomaly-Videos-Part-1\Abuse\Abuse045_x264A.mp4,Abuse,Abuse,1,.mp4,13.847,True,30.0,5085,320,240,169.5,2.825,True,validation
Abuse049_x264,Abuse049_x264.mp4,data\raw\ucf-crime\Anomaly-Videos-Part-1\Anomaly-Videos-Part-1\Abuse\Abuse049_x264.mp4,ucf-crime\Anomaly-Videos-Part-1\Anomaly-Videos-Part-1\Abuse\Abuse049_x264.mp4,Abuse,Abuse,1,.mp4,16.245,True,30.0,2137,320,240,71.233,1.187,True,validation
Arrest001_x264A,Arrest001_x264A.mp4,data\raw\ucf-crime\Augmented_Anomaly-Videos-Part-1\Anomaly-Videos-Part-1\Arrest\Arrest001_x264A.mp4,ucf-crime\Augmented_Anomaly-Videos-Part-1\Anomaly-Videos-Part-1\Arrest\Arrest001_x264A.mp4,Arrest,Arrest,1,.mp4,9.52,True,30.0,2374,320,240,79.133,1.319,True,validation
Arrest003_x264,Arrest003_x264.mp4,data\raw\ucf-crime\Anomaly-Videos-Part-1\Anomaly-Videos-Part-1\Arrest\Arrest003_x264.mp4,ucf-crime\Anomaly-Videos-Part-1\Anomaly-Videos-Part-1\Arrest\Arrest003_x264.mp4,Arrest,Arrest,1,.mp4,14.839,True,30.0,3054,320,240,101.8,1.697,True,validation
Arrest005_x264,Arrest005_x264.mp4,data\raw\ucf-crime\Anomaly-Videos-Part-1\Anomaly-Videos-Part-1\Arrest\Arrest005_x264.mp4,ucf-crime\Anomaly-Videos-Part-1\Anomaly-Videos-Part-1\Arrest\Arrest005_x264.mp4,Arrest,Arrest,1,.mp4,29.509,True,30.0,3685,320,240,122.833,2.047,True,validation
Arrest007_x264,Arrest007_x264.mp4,data\raw\ucf-crime\Anomaly-Videos-Part-1\Anomaly-Videos-Part-1\Arrest\Arrest007_x264.mp4,ucf-crime\Anomaly-Videos-Part-1\Anomaly-Videos-Part-1\Arrest\Arrest007_x264.mp4,Arrest,Arrest,1,.mp4,18.742,True,30.0,3144,320,240,104.8,1.747,True,validation
Arrest009_x264,Arrest009_x264.mp4,data\raw\ucf-crime\Anomaly-Videos-Part-1\Anomaly-Videos-Part-1\Arrest\Arrest009_x264.mp4,ucf-crime\Anomaly-Videos-Part-1\Anomaly-Videos-Part-1\Arrest\Arrest009_x264.mp4,Arrest,Arrest,1,.mp4,10.358,True,30.0,1713,320,240,57.1,0.952,True,validation
Arrest014_x264,Arrest014_x264.mp4,data\raw\ucf-crime\Anomaly-Videos-Part-1\Anomaly-Videos-Part-1\Arrest\Arrest014_x264.mp4,ucf-crime\Anomaly-Videos-Part-1\Anomaly-Videos-Part-1\Arrest\Arrest014_x264.mp4,Arrest,Arrest,1,.mp4,12.747,True,30.0,1536,320,240,51.2,0.853,True,validation
Arrest022_x264A,Arrest022_x264A.mp4,data\raw\ucf-crime\Augmented_Anomaly-Videos-Part-1\Anomaly-Videos-Part-1\Arrest\Arrest022_x264A.mp4,ucf-crime\Augmented_Anomaly-Videos-Part-1\Anomaly-Videos-Part-1\Arrest\Arrest022_x264A.mp4,Arrest,Arrest,1,.mp4,7.763,True,30.0,1595,320,240,53.167,0.886,True,validation
Arrest028_x264,Arrest028_x264.mp4,data\raw\ucf-crime\Anomaly-Videos-Part-1\Anomaly-Videos-Part-1\Arrest\Arrest028_x264.mp4,ucf-crime\Anomaly-Videos-Part-1\Anomaly-Videos-Part-1\Arrest\Arrest028_x264.mp4,Arrest,Arrest,1,.mp4,19.744,True,30.0,2495,320,240,83.167,1.386,True,validation
Arrest033_x264,Arrest033_x264.mp4,data\raw\ucf-crime\Anomaly-Videos-Part-1\Anomaly-Videos-Part-1\Arrest\Arrest033_x264.mp4,ucf-crime\Anomaly-Videos-Part-1\Anomaly-Videos-Part-1\Arrest\Arrest033_x264.mp4,Arrest,Arrest,1,.mp4,58.564,True,30.0,7745,320,240,258.167,4.303,True,validation
Arrest034_x264,Arrest034_x264.mp4,data\raw\ucf-crime\Anomaly-Videos-Part-1\Anomaly-Videos-Part-1\Arrest\Arrest034_x264.mp4,ucf-crime\Anomaly-Videos-Part-1\Anomaly-Videos-Part-1\Arrest\Arrest034_x264.mp4,Arrest,Arrest,1,.mp4,73.098,True,30.0,11620,320,240,387.333,6.456,True,validation
Arrest035_x264,Arrest035_x264.mp4,data\raw\ucf-crime\Anomaly-Videos-Part-1\Anomaly-Videos-Part-1\Arrest\Arrest035_x264.mp4,ucf-crime\Anomaly-Videos-Part-1\Anomaly-Videos-Part-1\Arrest\Arrest035_x264.mp4,Arrest,Arrest,1,.mp4,47.314,True,30.0,6187,320,240,206.233,3.437,True,validation
Arrest041_x264,Arrest041_x264.mp4,data\raw\ucf-crime\Anomaly-Videos-Part-1\Anomaly-Videos-Part-1\Arrest\Arrest041_x264.mp4,ucf-crime\Anomaly-Videos-Part-1\Anomaly-Videos-Part-1\Arrest\Arrest041_x264.mp4,Arrest,Arrest,1,.mp4,19.868,True,30.0,3847,320,240,128.233,2.137,True,validation
Arrest044_x264,Arrest044_x264.mp4,data\raw\ucf-crime\Anomaly-Videos-Part-1\Anomaly-Videos-Part-1\Arrest\Arrest044_x264.mp4,ucf-crime\Anomaly-Videos-Part-1\Anomaly-Videos-Part-1\Arrest\Arrest044_x264.mp4,Arrest,Arrest,1,.mp4,23.546,True,30.0,3411,320,240,113.7,1.895,True,validation
Arrest048_x264,Arrest048_x264.mp4,data\raw\ucf-crime\Anomaly-Videos-Part-1\Anomaly-Videos-Part-1\Arrest\Arrest048_x264.mp4,ucf-crime\Anomaly-Videos-Part-1\Anomaly-Videos-Part-1\Arrest\Arrest048_x264.mp4,Arrest,Arrest,1,.mp4,33.23,True,30.0,4077,320,240,135.9,2.265,True,validation
Arrest051_x264A,Arrest051_x264A.mp4,data\raw\ucf-crime\Augmented_Anomaly-Videos-Part-1\Anomaly-Videos-Part-1\Arrest\Arrest051_x264A.mp4,ucf-crime\Augmented_Anomaly-Videos-Part-1\Anomaly-Videos-Part-1\Arrest\Arrest051_x264A.mp4,Arrest,Arrest,1,.mp4,117.334,True,30.0,10800,320,240,360.0,6.0,True,validation
Arson002_x264,Arson002_x264.mp4,data\raw\ucf-crime\Anomaly-Videos-Part-1\Anomaly-Videos-Part-1\Arson\Arson002_x264.mp4,ucf-crime\Anomaly-Videos-Part-1\Anomaly-Videos-Part-1\Arson\Arson002_x264.mp4,Arson,Arson,1,.mp4,34.493,True,30.0,4439,320,240,147.967,2.466,True,validation
Arson003_x264,Arson003_x264.mp4,data\raw\ucf-crime\Anomaly-Videos-Part-1\Anomaly-Videos-Part-1\Arson\Arson003_x264.mp4,ucf-crime\Anomaly-Videos-Part-1\Anomaly-Videos-Part-1\Arson\Arson003_x264.mp4,Arson,Arson,1,.mp4,23.107,True,30.0,4013,320,240,133.767,2.229,True,validation
Arson007_x264A,Arson007_x264A.mp4,data\raw\ucf-crime\Augmented_Anomaly-Videos-Part-1\Anomaly-Videos-Part-1\Arson\Arson007_x264A.mp4,ucf-crime\Augmented_Anomaly-Videos-Part-1\Anomaly-Videos-Part-1\Arson\Arson007_x264A.mp4,Arson,Arson,1,.mp4,49.044,True,30.0,6252,320,240,208.4,3.473,True,validation
Arson020_x264A,Arson020_x264A.mp4,data\raw\ucf-crime\Augmented_Anomaly-Videos-Part-1\Anomaly-Videos-Part-1\Arson\Arson020_x264A.mp4,ucf-crime\Augmented_Anomaly-Videos-Part-1\Anomaly-Videos-Part-1\Arson\Arson020_x264A.mp4,Arson,Arson,1,.mp4,16.096,True,30.0,2427,320,240,80.9,1.348,True,validation
Arson024_x264A,Arson024_x264A.mp4,data\raw\ucf-crime\Augmented_Anomaly-Videos-Part-1\Anomaly-Videos-Part-1\Arson\Arson024_x264A.mp4,ucf-crime\Augmented_Anomaly-Videos-Part-1\Anomaly-Videos-Part-1\Arson\Arson024_x264A.mp4,Arson,Arson,1,.mp4,17.564,True,30.0,3366,320,240,112.2,1.87,True,validation
Arson025_x264A,Arson025_x264A.mp4,data\raw\ucf-crime\Augmented_Anomaly-Videos-Part-1\Anomaly-Videos-Part-1\Arson\Arson025_x264A.mp4,ucf-crime\Augmented_Anomaly-Videos-Part-1\Anomaly-Videos-Part-1\Arson\Arson025_x264A.mp4,Arson,Arson,1,.mp4,30.814,True,30.0,5283,320,240,176.1,2.935,True,validation
Arson026_x264A,Arson026_x264A.mp4,data\raw\ucf-crime\Augmented_Anomaly-Videos-Part-1\Anomaly-Videos-Part-1\Arson\Arson026_x264A.mp4,ucf-crime\Augmented_Anomaly-Videos-Part-1\Anomaly-Videos-Part-1\Arson\Arson026_x264A.mp4,Arson,Arson,1,.mp4,78.964,True,30.0,5899,320,240,196.633,3.277,True,validation
Arson034_x264,Arson034_x264.mp4,data\raw\ucf-crime\Anomaly-Videos-Part-1\Anomaly-Videos-Part-1\Arson\Arson034_x264.mp4,ucf-crime\Anomaly-Videos-Part-1\Anomaly-Videos-Part-1\Arson\Arson034_x264.mp4,Arson,Arson,1,.mp4,11.618,True,30.0,2388,320,240,79.6,1.327,True,validation
Arson036_x264A,Arson036_x264A.mp4,data\raw\ucf-crime\Augmented_Anomaly-Videos-Part-1\Anomaly-Videos-Part-1\Arson\Arson036_x264A.mp4,ucf-crime\Augmented_Anomaly-Videos-Part-1\Anomaly-Videos-Part-1\Arson\Arson036_x264A.mp4,Arson,Arson,1,.mp4,6.153,True,30.0,1695,320,240,56.5,0.942,True,validation
Arson038_x264,Arson038_x264.mp4,data\raw\ucf-crime\Anomaly-Videos-Part-1\Anomaly-Videos-Part-1\Arson\Arson038_x264.mp4,ucf-crime\Anomaly-Videos-Part-1\Anomaly-Videos-Part-1\Arson\Arson038_x264.mp4,Arson,Arson,1,.mp4,6.025,True,30.0,737,320,240,24.567,0.409,True,validation
Arson040_x264,Arson040_x264.mp4,data\raw\ucf-crime\Anomaly-Videos-Part-1\Anomaly-Videos-Part-1\Arson\Arson040_x264.mp4,ucf-crime\Anomaly-Videos-Part-1\Anomaly-Videos-Part-1\Arson\Arson040_x264.mp4,Arson,Arson,1,.mp4,16.364,True,30.0,2835,320,240,94.5,1.575,True,validation
Arson042_x264A,Arson042_x264A.mp4,data\raw\ucf-crime\Augmented_Anomaly-Videos-Part-1\Anomaly-Videos-Part-1\Arson\Arson042_x264A.mp4,ucf-crime\Augmented_Anomaly-Videos-Part-1\Anomaly-Videos-Part-1\Arson\Arson042_x264A.mp4,Arson,Arson,1,.mp4,19.524,True,30.0,5873,320,240,195.767,3.263,True,validation
Arson047_x264,Arson047_x264.mp4,data\raw\ucf-crime\Anomaly-Videos-Part-1\Anomaly-Videos-Part-1\Arson\Arson047_x264.mp4,ucf-crime\Anomaly-Videos-Part-1\Anomaly-Videos-Part-1\Arson\Arson047_x264.mp4,Arson,Arson,1,.mp4,13.256,True,30.0,1442,320,240,48.067,0.801,True,validation
Arson048_x264A,Arson048_x264A.mp4,data\raw\ucf-crime\Augmented_Anomaly-Videos-Part-1\Anomaly-Videos-Part-1\Arson\Arson048_x264A.mp4,ucf-crime\Augmented_Anomaly-Videos-Part-1\Anomaly-Videos-Part-1\Arson\Arson048_x264A.mp4,Arson,Arson,1,.mp4,3.636,True,30.0,411,320,240,13.7,0.228,True,validation
Arson053_x264A,Arson053_x264A.mp4,data\raw\ucf-crime\Augmented_Anomaly-Videos-Part-1\Anomaly-Videos-Part-1\Arson\Arson053_x264A.mp4,ucf-crime\Augmented_Anomaly-Videos-Part-1\Anomaly-Videos-Part-1\Arson\Arson053_x264A.mp4,Arson,Arson,1,.mp4,47.949,True,30.0,6775,320,240,225.833,3.764,True,validation
Assault003_x264A,Assault003_x264A.mp4,data\raw\ucf-crime\Augmented_Anomaly-Videos-Part-1\Anomaly-Videos-Part-1\Assault\Assault003_x264A.mp4,ucf-crime\Augmented_Anomaly-Videos-Part-1\Anomaly-Videos-Part-1\Assault\Assault003_x264A.mp4,Assault,Assault,1,.mp4,38.37,True,30.0,4443,320,240,148.1,2.468,True,validation
Assault006_x264,Assault006_x264.mp4,data\raw\ucf-crime\Anomaly-Videos-Part-1\Anomaly-Videos-Part-1\Assault\Assault006_x264.mp4,ucf-crime\Anomaly-Videos-Part-1\Anomaly-Videos-Part-1\Assault\Assault006_x264.mp4,Assault,Assault,1,.mp4,65.213,True,30.0,8096,320,240,269.867,4.498,True,validation
Assault011_x264A,Assault011_x264A.mp4,data\raw\ucf-crime\Augmented_Anomaly-Videos-Part-1\Anomaly-Videos-Part-1\Assault\Assault011_x264A.mp4,ucf-crime\Augmented_Anomaly-Videos-Part-1\Anomaly-Videos-Part-1\Assault\Assault011_x264A.mp4,Assault,Assault,1,.mp4,14.675,True,30.0,2288,320,240,76.267,1.271,True,validation
Assault014_x264A,Assault014_x264A.mp4,data\raw\ucf-crime\Augmented_Anomaly-Videos-Part-1\Anomaly-Videos-Part-1\Assault\Assault014_x264A.mp4,ucf-crime\Augmented_Anomaly-Videos-Part-1\Anomaly-Videos-Part-1\Assault\Assault014_x264A.mp4,Assault,Assault,1,.mp4,7.832,True,30.0,1907,320,240,63.567,1.059,True,validation
Assault019_x264A,Assault019_x264A.mp4,data\raw\ucf-crime\Augmented_Anomaly-Videos-Part-1\Anomaly-Videos-Part-1\Assault\Assault019_x264A.mp4,ucf-crime\Augmented_Anomaly-Videos-Part-1\Anomaly-Videos-Part-1\Assault\Assault019_x264A.mp4,Assault,Assault,1,.mp4,11.767,True,30.0,2538,320,240,84.6,1.41,True,validation
Assault023_x264,Assault023_x264.mp4,data\raw\ucf-crime\Anomaly-Videos-Part-1\Anomaly-Videos-Part-1\Assault\Assault023_x264.mp4,ucf-crime\Anomaly-Videos-Part-1\Anomaly-Videos-Part-1\Assault\Assault023_x264.mp4,Assault,Assault,1,.mp4,6.775,True,30.0,1013,320,240,33.767,0.563,True,validation
Assault027_x264A,Assault027_x264A.mp4,data\raw\ucf-crime\Augmented_Anomaly-Videos-Part-1\Anomaly-Videos-Part-1\Assault\Assault027_x264A.mp4,ucf-crime\Augmented_Anomaly-Videos-Part-1\Anomaly-Videos-Part-1\Assault\Assault027_x264A.mp4,Assault,Assault,1,.mp4,31.32,True,30.0,6949,320,240,231.633,3.861,True,validation
Assault029_x264,Assault029_x264.mp4,data\raw\ucf-crime\Anomaly-Videos-Part-1\Anomaly-Videos-Part-1\Assault\Assault029_x264.mp4,ucf-crime\Anomaly-Videos-Part-1\Anomaly-Videos-Part-1\Assault\Assault029_x264.mp4,Assault,Assault,1,.mp4,4.804,True,30.0,609,320,240,20.3,0.338,True,validation
Assault037_x264A,Assault037_x264A.mp4,data\raw\ucf-crime\Augmented_Anomaly-Videos-Part-1\Anomaly-Videos-Part-1\Assault\Assault037_x264A.mp4,ucf-crime\Augmented_Anomaly-Videos-Part-1\Anomaly-Videos-Part-1\Assault\Assault037_x264A.mp4,Assault,Assault,1,.mp4,22.727,True,30.0,3208,320,240,106.933,1.782,True,validation
Assault038_x264,Assault038_x264.mp4,data\raw\ucf-crime\Anomaly-Videos-Part-1\Anomaly-Videos-Part-1\Assault\Assault038_x264.mp4,ucf-crime\Anomaly-Videos-Part-1\Anomaly-Videos-Part-1\Assault\Assault038_x264.mp4,Assault,Assault,1,.mp4,1.087,True,30.0,137,320,240,4.567,0.076,True,validation
Assault039_x264A,Assault039_x264A.mp4,data\raw\ucf-crime\Augmented_Anomaly-Videos-Part-1\Anomaly-Videos-Part-1\Assault\Assault039_x264A.mp4,ucf-crime\Augmented_Anomaly-Videos-Part-1\Anomaly-Videos-Part-1\Assault\Assault039_x264A.mp4,Assault,Assault,1,.mp4,1.627,True,30.0,295,320,240,9.833,0.164,True,validation
Assault041_x264A,Assault041_x264A.mp4,data\raw\ucf-crime\Augmented_Anomaly-Videos-Part-1\Anomaly-Videos-Part-1\Assault\Assault041_x264A.mp4,ucf-crime\Augmented_Anomaly-Videos-Part-1\Anomaly-Videos-Part-1\Assault\Assault041_x264A.mp4,Assault,Assault,1,.mp4,27.143,True,30.0,5023,320,240,167.433,2.791,True,validation
Assault046_x264,Assault046_x264.mp4,data\raw\ucf-crime\Anomaly-Videos-Part-1\Anomaly-Videos-Part-1\Assault\Assault046_x264.mp4,ucf-crime\Anomaly-Videos-Part-1\Anomaly-Videos-Part-1\Assault\Assault046_x264.mp4,Assault,Assault,1,.mp4,5.431,True,30.0,952,320,240,31.733,0.529,True,validation
Assault048_x264,Assault048_x264.mp4,data\raw\ucf-crime\Anomaly-Videos-Part-1\Anomaly-Videos-Part-1\Assault\Assault048_x264.mp4,ucf-crime\Anomaly-Videos-Part-1\Anomaly-Videos-Part-1\Assault\Assault048_x264.mp4,Assault,Assault,1,.mp4,14.262,True,30.0,1801,320,240,60.033,1.001,True,validation
Assault050_x264A,Assault050_x264A.mp4,data\raw\ucf-crime\Augmented_Anomaly-Videos-Part-1\Anomaly-Videos-Part-1\Assault\Assault050_x264A.mp4,ucf-crime\Augmented_Anomaly-Videos-Part-1\Anomaly-Videos-Part-1\Assault\Assault050_x264A.mp4,Assault,Assault,1,.mp4,3.207,True,30.0,623,320,240,20.767,0.346,True,validation
Burglary001_x264,Burglary001_x264.mp4,data\raw\ucf-crime\Anomaly-Videos-Part_2\Anomaly-Videos-Part-2\Burglary\Burglary001_x264.mp4,ucf-crime\Anomaly-Videos-Part_2\Anomaly-Videos-Part-2\Burglary\Burglary001_x264.mp4,Burglary,Burglary,1,.mp4,28.245,True,30.0,3969,320,240,132.3,2.205,True,validation
Burglary003_x264A,Burglary003_x264A.mp4,data\raw\ucf-crime\Burglary\Burglary003_x264A.mp4,ucf-crime\Burglary\Burglary003_x264A.mp4,Burglary,Burglary,1,.mp4,8.439,True,30.0,1173,320,240,39.1,0.652,True,validation
Burglary004_x264A,Burglary004_x264A.mp4,data\raw\ucf-crime\Burglary\Burglary004_x264A.mp4,ucf-crime\Burglary\Burglary004_x264A.mp4,Burglary,Burglary,1,.mp4,18.932,True,30.0,1787,320,240,59.567,0.993,True,validation
Burglary011_x264A,Burglary011_x264A.mp4,data\raw\ucf-crime\Burglary\Burglary011_x264A.mp4,ucf-crime\Burglary\Burglary011_x264A.mp4,Burglary,Burglary,1,.mp4,5.318,True,30.0,1964,320,240,65.467,1.091,True,validation
Burglary013_x264,Burglary013_x264.mp4,data\raw\ucf-crime\Anomaly-Videos-Part_2\Anomaly-Videos-Part-2\Burglary\Burglary013_x264.mp4,ucf-crime\Anomaly-Videos-Part_2\Anomaly-Videos-Part-2\Burglary\Burglary013_x264.mp4,Burglary,Burglary,1,.mp4,17.525,True,30.0,2234,320,240,74.467,1.241,True,validation
Burglary014_x264A,Burglary014_x264A.mp4,data\raw\ucf-crime\Burglary\Burglary014_x264A.mp4,ucf-crime\Burglary\Burglary014_x264A.mp4,Burglary,Burglary,1,.mp4,18.049,True,30.0,2575,320,240,85.833,1.431,True,validation
Burglary016_x264,Burglary016_x264.mp4,data\raw\ucf-crime\Anomaly-Videos-Part_2\Anomaly-Videos-Part-2\Burglary\Burglary016_x264.mp4,ucf-crime\Anomaly-Videos-Part_2\Anomaly-Videos-Part-2\Burglary\Burglary016_x264.mp4,Burglary,Burglary,1,.mp4,41.525,True,30.0,5258,320,240,175.267,2.921,True,validation
Burglary020_x264A,Burglary020_x264A.mp4,data\raw\ucf-crime\Burglary\Burglary020_x264A.mp4,ucf-crime\Burglary\Burglary020_x264A.mp4,Burglary,Burglary,1,.mp4,19.471,True,30.0,3310,320,240,110.333,1.839,True,validation
Burglary022_x264,Burglary022_x264.mp4,data\raw\ucf-crime\Anomaly-Videos-Part_2\Anomaly-Videos-Part-2\Burglary\Burglary022_x264.mp4,ucf-crime\Anomaly-Videos-Part_2\Anomaly-Videos-Part-2\Burglary\Burglary022_x264.mp4,Burglary,Burglary,1,.mp4,22.128,True,30.0,2838,320,240,94.6,1.577,True,validation
Burglary023_x264,Burglary023_x264.mp4,data\raw\ucf-crime\Anomaly-Videos-Part_2\Anomaly-Videos-Part-2\Burglary\Burglary023_x264.mp4,ucf-crime\Anomaly-Videos-Part_2\Anomaly-Videos-Part-2\Burglary\Burglary023_x264.mp4,Burglary,Burglary,1,.mp4,79.401,True,30.0,9944,320,240,331.467,5.524,True,validation
Burglary024_x264A,Burglary024_x264A.mp4,data\raw\ucf-crime\Burglary\Burglary024_x264A.mp4,ucf-crime\Burglary\Burglary024_x264A.mp4,Burglary,Burglary,1,.mp4,36.75,True,30.0,3605,320,240,120.167,2.003,True,validation
Burglary034_x264,Burglary034_x264.mp4,data\raw\ucf-crime\Anomaly-Videos-Part_2\Anomaly-Videos-Part-2\Burglary\Burglary034_x264.mp4,ucf-crime\Anomaly-Videos-Part_2\Anomaly-Videos-Part-2\Burglary\Burglary034_x264.mp4,Burglary,Burglary,1,.mp4,7.743,True,30.0,1277,320,240,42.567,0.709,True,validation
Burglary051_x264,Burglary051_x264.mp4,data\raw\ucf-crime\Anomaly-Videos-Part_2\Anomaly-Videos-Part-2\Burglary\Burglary051_x264.mp4,ucf-crime\Anomaly-Videos-Part_2\Anomaly-Videos-Part-2\Burglary\Burglary051_x264.mp4,Burglary,Burglary,1,.mp4,5.255,True,30.0,1262,320,240,42.067,0.701,True,validation
Burglary055_x264,Burglary055_x264.mp4,data\raw\ucf-crime\Anomaly-Videos-Part_2\Anomaly-Videos-Part-2\Burglary\Burglary055_x264.mp4,ucf-crime\Anomaly-Videos-Part_2\Anomaly-Videos-Part-2\Burglary\Burglary055_x264.mp4,Burglary,Burglary,1,.mp4,22.017,True,30.0,2813,320,240,93.767,1.563,True,validation
Burglary061_x264,Burglary061_x264.mp4,data\raw\ucf-crime\Anomaly-Videos-Part_2\Anomaly-Videos-Part-2\Burglary\Burglary061_x264.mp4,ucf-crime\Anomaly-Videos-Part_2\Anomaly-Videos-Part-2\Burglary\Burglary061_x264.mp4,Burglary,Burglary,1,.mp4,40.667,True,30.0,8990,320,240,299.667,4.994,True,validation
Burglary063_x264,Burglary063_x264.mp4,data\raw\ucf-crime\Anomaly-Videos-Part_2\Anomaly-Videos-Part-2\Burglary\Burglary063_x264.mp4,ucf-crime\Anomaly-Videos-Part_2\Anomaly-Videos-Part-2\Burglary\Burglary063_x264.mp4,Burglary,Burglary,1,.mp4,17.478,True,30.0,4249,320,240,141.633,2.361,True,validation
Burglary064_x264,Burglary064_x264.mp4,data\raw\ucf-crime\Anomaly-Videos-Part_2\Anomaly-Videos-Part-2\Burglary\Burglary064_x264.mp4,ucf-crime\Anomaly-Videos-Part_2\Anomaly-Videos-Part-2\Burglary\Burglary064_x264.mp4,Burglary,Burglary,1,.mp4,274.62,True,30.0,48624,320,240,1620.8,27.013,True,validation
Burglary069_x264,Burglary069_x264.mp4,data\raw\ucf-crime\Anomaly-Videos-Part_2\Anomaly-Videos-Part-2\Burglary\Burglary069_x264.mp4,ucf-crime\Anomaly-Videos-Part_2\Anomaly-Videos-Part-2\Burglary\Burglary069_x264.mp4,Burglary,Burglary,1,.mp4,5.966,True,30.0,2105,320,240,70.167,1.169,True,validation
Burglary076_x264,Burglary076_x264.mp4,data\raw\ucf-crime\Anomaly-Videos-Part_2\Anomaly-Videos-Part-2\Burglary\Burglary076_x264.mp4,ucf-crime\Anomaly-Videos-Part_2\Anomaly-Videos-Part-2\Burglary\Burglary076_x264.mp4,Burglary,Burglary,1,.mp4,42.934,True,30.0,12923,320,240,430.767,7.179,True,validation
Burglary086_x264A,Burglary086_x264A.mp4,data\raw\ucf-crime\Burglary\Burglary086_x264A.mp4,ucf-crime\Burglary\Burglary086_x264A.mp4,Burglary,Burglary,1,.mp4,18.977,True,30.0,3247,320,240,108.233,1.804,True,validation
Burglary090_x264,Burglary090_x264.mp4,data\raw\ucf-crime\Anomaly-Videos-Part_2\Anomaly-Videos-Part-2\Burglary\Burglary090_x264.mp4,ucf-crime\Anomaly-Videos-Part_2\Anomaly-Videos-Part-2\Burglary\Burglary090_x264.mp4,Burglary,Burglary,1,.mp4,22.642,True,30.0,2766,320,240,92.2,1.537,True,validation
Burglary091_x264A,Burglary091_x264A.mp4,data\raw\ucf-crime\Burglary\Burglary091_x264A.mp4,ucf-crime\Burglary\Burglary091_x264A.mp4,Burglary,Burglary,1,.mp4,13.756,True,30.0,3323,320,240,110.767,1.846,True,validation
Burglary093_x264,Burglary093_x264.mp4,data\raw\ucf-crime\Anomaly-Videos-Part_2\Anomaly-Videos-Part-2\Burglary\Burglary093_x264.mp4,ucf-crime\Anomaly-Videos-Part_2\Anomaly-Videos-Part-2\Burglary\Burglary093_x264.mp4,Burglary,Burglary,1,.mp4,4.709,True,30.0,762,320,240,25.4,0.423,True,validation
Explosion002_x264A,Explosion002_x264A.mp4,data\raw\ucf-crime\Explosion\Explosion\Explosion002_x264A.mp4,ucf-crime\Explosion\Explosion\Explosion002_x264A.mp4,Explosion,Explosion,1,.mp4,12.398,True,30.0,4013,320,240,133.767,2.229,True,validation
Explosion007_x264A,Explosion007_x264A.mp4,data\raw\ucf-crime\Explosion\Explosion\Explosion007_x264A.mp4,ucf-crime\Explosion\Explosion\Explosion007_x264A.mp4,Explosion,Explosion,1,.mp4,104.55,True,30.0,16289,320,240,542.967,9.049,True,validation
Explosion011_x264A,Explosion011_x264A.mp4,data\raw\ucf-crime\Explosion\Explosion\Explosion011_x264A.mp4,ucf-crime\Explosion\Explosion\Explosion011_x264A.mp4,Explosion,Explosion,1,.mp4,14.203,True,30.0,1571,320,240,52.367,0.873,True,validation
Explosion012_x264,Explosion012_x264.mp4,data\raw\ucf-crime\Anomaly-Videos-Part_2\Anomaly-Videos-Part-2\Explosion\Explosion012_x264.mp4,ucf-crime\Anomaly-Videos-Part_2\Anomaly-Videos-Part-2\Explosion\Explosion012_x264.mp4,Explosion,Explosion,1,.mp4,4.843,True,30.0,734,320,240,24.467,0.408,True,validation
Explosion016_x264,Explosion016_x264.mp4,data\raw\ucf-crime\Anomaly-Videos-Part_2\Anomaly-Videos-Part-2\Explosion\Explosion016_x264.mp4,ucf-crime\Anomaly-Videos-Part_2\Anomaly-Videos-Part-2\Explosion\Explosion016_x264.mp4,Explosion,Explosion,1,.mp4,4.314,True,30.0,963,320,240,32.1,0.535,True,validation
Explosion019_x264,Explosion019_x264.mp4,data\raw\ucf-crime\Anomaly-Videos-Part_2\Anomaly-Videos-Part-2\Explosion\Explosion019_x264.mp4,ucf-crime\Anomaly-Videos-Part_2\Anomaly-Videos-Part-2\Explosion\Explosion019_x264.mp4,Explosion,Explosion,1,.mp4,2.912,True,30.0,359,320,240,11.967,0.199,True,validation
Explosion021_x264A,Explosion021_x264A.mp4,data\raw\ucf-crime\Explosion\Explosion\Explosion021_x264A.mp4,ucf-crime\Explosion\Explosion\Explosion021_x264A.mp4,Explosion,Explosion,1,.mp4,6.149,True,30.0,782,320,240,26.067,0.434,True,validation
Explosion023_x264,Explosion023_x264.mp4,data\raw\ucf-crime\Anomaly-Videos-Part_2\Anomaly-Videos-Part-2\Explosion\Explosion023_x264.mp4,ucf-crime\Anomaly-Videos-Part_2\Anomaly-Videos-Part-2\Explosion\Explosion023_x264.mp4,Explosion,Explosion,1,.mp4,11.017,True,30.0,2335,320,240,77.833,1.297,True,validation
Explosion024_x264A,Explosion024_x264A.mp4,data\raw\ucf-crime\Explosion\Explosion\Explosion024_x264A.mp4,ucf-crime\Explosion\Explosion\Explosion024_x264A.mp4,Explosion,Explosion,1,.mp4,4.352,True,30.0,1259,320,240,41.967,0.699,True,validation
Explosion036_x264A,Explosion036_x264A.mp4,data\raw\ucf-crime\Explosion\Explosion\Explosion036_x264A.mp4,ucf-crime\Explosion\Explosion\Explosion036_x264A.mp4,Explosion,Explosion,1,.mp4,28.568,True,30.0,5327,320,240,177.567,2.959,True,validation
Explosion040_x264,Explosion040_x264.mp4,data\raw\ucf-crime\Anomaly-Videos-Part_2\Anomaly-Videos-Part-2\Explosion\Explosion040_x264.mp4,ucf-crime\Anomaly-Videos-Part_2\Anomaly-Videos-Part-2\Explosion\Explosion040_x264.mp4,Explosion,Explosion,1,.mp4,40.3,True,30.0,4571,320,240,152.367,2.539,True,validation
Explosion040_x264A,Explosion040_x264A.mp4,data\raw\ucf-crime\Explosion\Explosion\Explosion040_x264A.mp4,ucf-crime\Explosion\Explosion\Explosion040_x264A.mp4,Explosion,Explosion,1,.mp4,56.772,True,30.0,4571,320,240,152.367,2.539,True,validation
Explosion043_x264,Explosion043_x264.mp4,data\raw\ucf-crime\Anomaly-Videos-Part_2\Anomaly-Videos-Part-2\Explosion\Explosion043_x264.mp4,ucf-crime\Anomaly-Videos-Part_2\Anomaly-Videos-Part-2\Explosion\Explosion043_x264.mp4,Explosion,Explosion,1,.mp4,43.02,True,30.0,7646,320,240,254.867,4.248,True,validation
Explosion044_x264A,Explosion044_x264A.mp4,data\raw\ucf-crime\Explosion\Explosion\Explosion044_x264A.mp4,ucf-crime\Explosion\Explosion\Explosion044_x264A.mp4,Explosion,Explosion,1,.mp4,3.515,True,30.0,720,320,240,24.0,0.4,True,validation
Explosion051_x264,Explosion051_x264.mp4,data\raw\ucf-crime\Anomaly-Videos-Part_2\Anomaly-Videos-Part-2\Explosion\Explosion051_x264.mp4,ucf-crime\Anomaly-Videos-Part_2\Anomaly-Videos-Part-2\Explosion\Explosion051_x264.mp4,Explosion,Explosion,1,.mp4,13.52,True,30.0,2820,320,240,94.0,1.567,True,validation
Fighting004_x264,Fighting004_x264.mp4,data\raw\ucf-crime\Anomaly-Videos-Part_2\Anomaly-Videos-Part-2\Fighting\Fighting004_x264.mp4,ucf-crime\Anomaly-Videos-Part_2\Anomaly-Videos-Part-2\Fighting\Fighting004_x264.mp4,Fighting,Fighting,1,.mp4,116.117,True,30.0,16777,320,240,559.233,9.321,True,validation
Fighting008_x264A,Fighting008_x264A.mp4,data\raw\ucf-crime\FightingA_Part11\Fighting008_x264A.mp4,ucf-crime\FightingA_Part11\Fighting008_x264A.mp4,FightingA_Part11,Fighting,1,.mp4,201.69,True,30.0,13134,320,240,437.8,7.297,True,validation
Fighting009_x264A,Fighting009_x264A.mp4,data\raw\ucf-crime\FightingA_Part11\Fighting009_x264A.mp4,ucf-crime\FightingA_Part11\Fighting009_x264A.mp4,FightingA_Part11,Fighting,1,.mp4,23.303,True,30.0,2132,320,240,71.067,1.184,True,validation
Fighting010_x264A,Fighting010_x264A.mp4,data\raw\ucf-crime\FightingA_Part11\Fighting010_x264A.mp4,ucf-crime\FightingA_Part11\Fighting010_x264A.mp4,FightingA_Part11,Fighting,1,.mp4,74.535,True,30.0,5865,320,240,195.5,3.258,True,validation
Fighting019_x264A,Fighting019_x264A.mp4,data\raw\ucf-crime\FightingA_Part1\Fighting019_x264A.mp4,ucf-crime\FightingA_Part1\Fighting019_x264A.mp4,FightingA_Part1,Fighting,1,.mp4,23.132,True,30.0,3213,320,240,107.1,1.785,True,validation
Fighting020_x264A,Fighting020_x264A.mp4,data\raw\ucf-crime\FightingA_Part1\Fighting020_x264A.mp4,ucf-crime\FightingA_Part1\Fighting020_x264A.mp4,FightingA_Part1,Fighting,1,.mp4,27.348,True,30.0,2207,320,240,73.567,1.226,True,validation
Fighting025_x264,Fighting025_x264.mp4,data\raw\ucf-crime\Anomaly-Videos-Part_2\Anomaly-Videos-Part-2\Fighting\Fighting025_x264.mp4,ucf-crime\Anomaly-Videos-Part_2\Anomaly-Videos-Part-2\Fighting\Fighting025_x264.mp4,Fighting,Fighting,1,.mp4,40.999,True,30.0,4781,320,240,159.367,2.656,True,validation
Fighting030_x264A,Fighting030_x264A.mp4,data\raw\ucf-crime\FightingA_Part2\Fighting030_x264A.mp4,ucf-crime\FightingA_Part2\Fighting030_x264A.mp4,FightingA_Part2,Fighting,1,.mp4,25.431,True,30.0,2241,320,240,74.7,1.245,True,validation
Fighting031_x264A,Fighting031_x264A.mp4,data\raw\ucf-crime\FightingA_Part2\Fighting031_x264A.mp4,ucf-crime\FightingA_Part2\Fighting031_x264A.mp4,FightingA_Part2,Fighting,1,.mp4,87.341,True,30.0,9001,320,240,300.033,5.001,True,validation
Fighting038_x264A,Fighting038_x264A.mp4,data\raw\ucf-crime\FightingA_Part2\Fighting038_x264A.mp4,ucf-crime\FightingA_Part2\Fighting038_x264A.mp4,FightingA_Part2,Fighting,1,.mp4,4.752,True,30.0,803,320,240,26.767,0.446,True,validation
Fighting041_x264A,Fighting041_x264A.mp4,data\raw\ucf-crime\FightingA_Part3\Fighting041_x264A.mp4,ucf-crime\FightingA_Part3\Fighting041_x264A.mp4,FightingA_Part3,Fighting,1,.mp4,140.231,True,30.0,31642,320,240,1054.733,17.579,True,validation
Fighting042_x264,Fighting042_x264.mp4,data\raw\ucf-crime\Anomaly-Videos-Part_2\Anomaly-Videos-Part-2\Fighting\Fighting042_x264.mp4,ucf-crime\Anomaly-Videos-Part_2\Anomaly-Videos-Part-2\Fighting\Fighting042_x264.mp4,Fighting,Fighting,1,.mp4,17.088,True,30.0,2237,320,240,74.567,1.243,True,validation
Fighting048_x264,Fighting048_x264.mp4,data\raw\ucf-crime\Anomaly-Videos-Part_2\Anomaly-Videos-Part-2\Fighting\Fighting048_x264.mp4,ucf-crime\Anomaly-Videos-Part_2\Anomaly-Videos-Part-2\Fighting\Fighting048_x264.mp4,Fighting,Fighting,1,.mp4,49.712,True,30.0,6888,320,240,229.6,3.827,True,validation
Fighting050_x264,Fighting050_x264.mp4,data\raw\ucf-crime\Anomaly-Videos-Part_2\Anomaly-Videos-Part-2\Fighting\Fighting050_x264.mp4,ucf-crime\Anomaly-Videos-Part_2\Anomaly-Videos-Part-2\Fighting\Fighting050_x264.mp4,Fighting,Fighting,1,.mp4,227.211,True,30.0,26264,320,240,875.467,14.591,True,validation
Fighting051_x264A,Fighting051_x264A.mp4,data\raw\ucf-crime\FightingA_Part3\Fighting051_x264A.mp4,ucf-crime\FightingA_Part3\Fighting051_x264A.mp4,FightingA_Part3,Fighting,1,.mp4,64.833,True,30.0,6608,320,240,220.267,3.671,True,validation
Normal_Videos_050_x264,Normal_Videos_050_x264.mp4,data\raw\ucf-crime\Normal_Videos_for_Event_Recognition\Normal_Videos_for_Event_Recognition\Normal_Videos_050_x264.mp4,ucf-crime\Normal_Videos_for_Event_Recognition\Normal_Videos_for_Event_Recognition\Normal_Videos_050_x264.mp4,Normal_Videos_for_Event_Recognition,Normal,0,.mp4,34.222,True,30.0,4198,320,240,139.933,2.332,True,validation
Normal_Videos_100_x264,Normal_Videos_100_x264.mp4,data\raw\ucf-crime\Normal_Videos_for_Event_Recognition\Normal_Videos_for_Event_Recognition\Normal_Videos_100_x264.mp4,ucf-crime\Normal_Videos_for_Event_Recognition\Normal_Videos_for_Event_Recognition\Normal_Videos_100_x264.mp4,Normal_Videos_for_Event_Recognition,Normal,0,.mp4,5.562,True,30.0,627,320,240,20.9,0.348,True,validation
Normal_Videos_150_x264,Normal_Videos_150_x264.mp4,data\raw\ucf-crime\Normal_Videos_for_Event_Recognition\Normal_Videos_for_Event_Recognition\Normal_Videos_150_x264.mp4,ucf-crime\Normal_Videos_for_Event_Recognition\Normal_Videos_for_Event_Recognition\Normal_Videos_150_x264.mp4,Normal_Videos_for_Event_Recognition,Normal,0,.mp4,6.977,True,30.0,864,320,240,28.8,0.48,True,validation
Normal_Videos_310_x264,Normal_Videos_310_x264.mp4,data\raw\ucf-crime\Normal_Videos_for_Event_Recognition\Normal_Videos_for_Event_Recognition\Normal_Videos_310_x264.mp4,ucf-crime\Normal_Videos_for_Event_Recognition\Normal_Videos_for_Event_Recognition\Normal_Videos_310_x264.mp4,Normal_Videos_for_Event_Recognition,Normal,0,.mp4,20.89,True,30.0,2518,320,240,83.933,1.399,True,validation
Normal_Videos_345_x264,Normal_Videos_345_x264.mp4,data\raw\ucf-crime\Normal_Videos_for_Event_Recognition\Normal_Videos_for_Event_Recognition\Normal_Videos_345_x264.mp4,ucf-crime\Normal_Videos_for_Event_Recognition\Normal_Videos_for_Event_Recognition\Normal_Videos_345_x264.mp4,Normal_Videos_for_Event_Recognition,Normal,0,.mp4,0.811,True,30.0,209,320,240,6.967,0.116,True,validation
Normal_Videos_352_x264,Normal_Videos_352_x264.mp4,data\raw\ucf-crime\Normal_Videos_for_Event_Recognition\Normal_Videos_for_Event_Recognition\Normal_Videos_352_x264.mp4,ucf-crime\Normal_Videos_for_Event_Recognition\Normal_Videos_for_Event_Recognition\Normal_Videos_352_x264.mp4,Normal_Videos_for_Event_Recognition,Normal,0,.mp4,34.615,True,30.0,5403,320,240,180.1,3.002,True,validation
Normal_Videos_478_x264,Normal_Videos_478_x264.mp4,data\raw\ucf-crime\Normal_Videos_for_Event_Recognition\Normal_Videos_for_Event_Recognition\Normal_Videos_478_x264.mp4,ucf-crime\Normal_Videos_for_Event_Recognition\Normal_Videos_for_Event_Recognition\Normal_Videos_478_x264.mp4,Normal_Videos_for_Event_Recognition,Normal,0,.mp4,35.726,True,30.0,4502,320,240,150.067,2.501,True,validation
Normal_Videos_781_x264,Normal_Videos_781_x264.mp4,data\raw\ucf-crime\Normal_Videos_for_Event_Recognition\Normal_Videos_for_Event_Recognition\Normal_Videos_781_x264.mp4,ucf-crime\Normal_Videos_for_Event_Recognition\Normal_Videos_for_Event_Recognition\Normal_Videos_781_x264.mp4,Normal_Videos_for_Event_Recognition,Normal,0,.mp4,30.859,True,30.0,3975,320,240,132.5,2.208,True,validation
RoadAccidents001_x264,RoadAccidents001_x264.mp4,data\raw\ucf-crime\Anomaly-Videos-Part-3\Anomaly-Videos-Part-3\RoadAccidents\RoadAccidents001_x264.mp4,ucf-crime\Anomaly-Videos-Part-3\Anomaly-Videos-Part-3\RoadAccidents\RoadAccidents001_x264.mp4,RoadAccidents,RoadAccidents,1,.mp4,9.003,True,30.0,1366,320,240,45.533,0.759,True,validation
RoadAccidents005_x264,RoadAccidents005_x264.mp4,data\raw\ucf-crime\Anomaly-Videos-Part-3\Anomaly-Videos-Part-3\RoadAccidents\RoadAccidents005_x264.mp4,ucf-crime\Anomaly-Videos-Part-3\Anomaly-Videos-Part-3\RoadAccidents\RoadAccidents005_x264.mp4,RoadAccidents,RoadAccidents,1,.mp4,1.616,True,30.0,224,320,240,7.467,0.124,True,validation
RoadAccidents026_x264,RoadAccidents026_x264.mp4,data\raw\ucf-crime\Anomaly-Videos-Part-3\Anomaly-Videos-Part-3\RoadAccidents\RoadAccidents026_x264.mp4,ucf-crime\Anomaly-Videos-Part-3\Anomaly-Videos-Part-3\RoadAccidents\RoadAccidents026_x264.mp4,RoadAccidents,RoadAccidents,1,.mp4,6.214,True,30.0,782,320,240,26.067,0.434,True,validation
RoadAccidents027_x264,RoadAccidents027_x264.mp4,data\raw\ucf-crime\Anomaly-Videos-Part-3\Anomaly-Videos-Part-3\RoadAccidents\RoadAccidents027_x264.mp4,ucf-crime\Anomaly-Videos-Part-3\Anomaly-Videos-Part-3\RoadAccidents\RoadAccidents027_x264.mp4,RoadAccidents,RoadAccidents,1,.mp4,0.756,True,30.0,104,320,240,3.467,0.058,True,validation
RoadAccidents043_x264,RoadAccidents043_x264.mp4,data\raw\ucf-crime\Anomaly-Videos-Part-3\Anomaly-Videos-Part-3\RoadAccidents\RoadAccidents043_x264.mp4,ucf-crime\Anomaly-Videos-Part-3\Anomaly-Videos-Part-3\RoadAccidents\RoadAccidents043_x264.mp4,RoadAccidents,RoadAccidents,1,.mp4,1.423,True,30.0,187,320,240,6.233,0.104,True,validation
RoadAccidents050_x264,RoadAccidents050_x264.mp4,data\raw\ucf-crime\Anomaly-Videos-Part-3\Anomaly-Videos-Part-3\RoadAccidents\RoadAccidents050_x264.mp4,ucf-crime\Anomaly-Videos-Part-3\Anomaly-Videos-Part-3\RoadAccidents\RoadAccidents050_x264.mp4,RoadAccidents,RoadAccidents,1,.mp4,9.205,True,30.0,1101,320,240,36.7,0.612,True,validation
RoadAccidents064_x264,RoadAccidents064_x264.mp4,data\raw\ucf-crime\Anomaly-Videos-Part-3\Anomaly-Videos-Part-3\RoadAccidents\RoadAccidents064_x264.mp4,ucf-crime\Anomaly-Videos-Part-3\Anomaly-Videos-Part-3\RoadAccidents\RoadAccidents064_x264.mp4,RoadAccidents,RoadAccidents,1,.mp4,7.43,True,30.0,2395,320,240,79.833,1.331,True,validation
RoadAccidents071_x264,RoadAccidents071_x264.mp4,data\raw\ucf-crime\Anomaly-Videos-Part-3\Anomaly-Videos-Part-3\RoadAccidents\RoadAccidents071_x264.mp4,ucf-crime\Anomaly-Videos-Part-3\Anomaly-Videos-Part-3\RoadAccidents\RoadAccidents071_x264.mp4,RoadAccidents,RoadAccidents,1,.mp4,3.342,True,30.0,631,320,240,21.033,0.351,True,validation
RoadAccidents079_x264,RoadAccidents079_x264.mp4,data\raw\ucf-crime\Anomaly-Videos-Part-3\Anomaly-Videos-Part-3\RoadAccidents\RoadAccidents079_x264.mp4,ucf-crime\Anomaly-Videos-Part-3\Anomaly-Videos-Part-3\RoadAccidents\RoadAccidents079_x264.mp4,RoadAccidents,RoadAccidents,1,.mp4,12.689,True,30.0,1346,320,240,44.867,0.748,True,validation
RoadAccidents081_x264,RoadAccidents081_x264.mp4,data\raw\ucf-crime\Anomaly-Videos-Part-3\Anomaly-Videos-Part-3\RoadAccidents\RoadAccidents081_x264.mp4,ucf-crime\Anomaly-Videos-Part-3\Anomaly-Videos-Part-3\RoadAccidents\RoadAccidents081_x264.mp4,RoadAccidents,RoadAccidents,1,.mp4,3.62,True,30.0,1086,320,240,36.2,0.603,True,validation
RoadAccidents087_x264,RoadAccidents087_x264.mp4,data\raw\ucf-crime\Anomaly-Videos-Part-3\Anomaly-Videos-Part-3\RoadAccidents\RoadAccidents087_x264.mp4,ucf-crime\Anomaly-Videos-Part-3\Anomaly-Videos-Part-3\RoadAccidents\RoadAccidents087_x264.mp4,RoadAccidents,RoadAccidents,1,.mp4,25.665,True,30.0,4260,320,240,142.0,2.367,True,validation
RoadAccidents091_x264,RoadAccidents091_x264.mp4,data\raw\ucf-crime\Anomaly-Videos-Part-3\Anomaly-Videos-Part-3\RoadAccidents\RoadAccidents091_x264.mp4,ucf-crime\Anomaly-Videos-Part-3\Anomaly-Videos-Part-3\RoadAccidents\RoadAccidents091_x264.mp4,RoadAccidents,RoadAccidents,1,.mp4,10.033,True,30.0,1336,320,240,44.533,0.742,True,validation
RoadAccidents093_x264,RoadAccidents093_x264.mp4,data\raw\ucf-crime\Anomaly-Videos-Part-3\Anomaly-Videos-Part-3\RoadAccidents\RoadAccidents093_x264.mp4,ucf-crime\Anomaly-Videos-Part-3\Anomaly-Videos-Part-3\RoadAccidents\RoadAccidents093_x264.mp4,RoadAccidents,RoadAccidents,1,.mp4,15.029,True,30.0,1799,320,240,59.967,0.999,True,validation
RoadAccidents106_x264,RoadAccidents106_x264.mp4,data\raw\ucf-crime\Anomaly-Videos-Part-3\Anomaly-Videos-Part-3\RoadAccidents\RoadAccidents106_x264.mp4,ucf-crime\Anomaly-Videos-Part-3\Anomaly-Videos-Part-3\RoadAccidents\RoadAccidents106_x264.mp4,RoadAccidents,RoadAccidents,1,.mp4,19.354,True,30.0,2389,320,240,79.633,1.327,True,validation
RoadAccidents108_x264,RoadAccidents108_x264.mp4,data\raw\ucf-crime\Anomaly-Videos-Part-3\Anomaly-Videos-Part-3\RoadAccidents\RoadAccidents108_x264.mp4,ucf-crime\Anomaly-Videos-Part-3\Anomaly-Videos-Part-3\RoadAccidents\RoadAccidents108_x264.mp4,RoadAccidents,RoadAccidents,1,.mp4,26.348,True,30.0,4596,320,240,153.2,2.553,True,validation
RoadAccidents112_x264,RoadAccidents112_x264.mp4,data\raw\ucf-crime\Anomaly-Videos-Part-3\Anomaly-Videos-Part-3\RoadAccidents\RoadAccidents112_x264.mp4,ucf-crime\Anomaly-Videos-Part-3\Anomaly-Videos-Part-3\RoadAccidents\RoadAccidents112_x264.mp4,RoadAccidents,RoadAccidents,1,.mp4,4.03,True,30.0,927,320,240,30.9,0.515,True,validation
RoadAccidents119_x264,RoadAccidents119_x264.mp4,data\raw\ucf-crime\Anomaly-Videos-Part-3\Anomaly-Videos-Part-3\RoadAccidents\RoadAccidents119_x264.mp4,ucf-crime\Anomaly-Videos-Part-3\Anomaly-Videos-Part-3\RoadAccidents\RoadAccidents119_x264.mp4,RoadAccidents,RoadAccidents,1,.mp4,15.821,True,30.0,1826,320,240,60.867,1.014,True,validation
RoadAccidents123_x264,RoadAccidents123_x264.mp4,data\raw\ucf-crime\Anomaly-Videos-Part-3\Anomaly-Videos-Part-3\RoadAccidents\RoadAccidents123_x264.mp4,ucf-crime\Anomaly-Videos-Part-3\Anomaly-Videos-Part-3\RoadAccidents\RoadAccidents123_x264.mp4,RoadAccidents,RoadAccidents,1,.mp4,8.037,True,30.0,1005,320,240,33.5,0.558,True,validation
RoadAccidents136_x264,RoadAccidents136_x264.mp4,data\raw\ucf-crime\Anomaly-Videos-Part-3\Anomaly-Videos-Part-3\RoadAccidents\RoadAccidents136_x264.mp4,ucf-crime\Anomaly-Videos-Part-3\Anomaly-Videos-Part-3\RoadAccidents\RoadAccidents136_x264.mp4,RoadAccidents,RoadAccidents,1,.mp4,19.52,True,30.0,2885,320,240,96.167,1.603,True,validation
RoadAccidents137_x264,RoadAccidents137_x264.mp4,data\raw\ucf-crime\Anomaly-Videos-Part-3\Anomaly-Videos-Part-3\RoadAccidents\RoadAccidents137_x264.mp4,ucf-crime\Anomaly-Videos-Part-3\Anomaly-Videos-Part-3\RoadAccidents\RoadAccidents137_x264.mp4,RoadAccidents,RoadAccidents,1,.mp4,4.676,True,30.0,1005,320,240,33.5,0.558,True,validation
RoadAccidents141_x264,RoadAccidents141_x264.mp4,data\raw\ucf-crime\Anomaly-Videos-Part-3\Anomaly-Videos-Part-3\RoadAccidents\RoadAccidents141_x264.mp4,ucf-crime\Anomaly-Videos-Part-3\Anomaly-Videos-Part-3\RoadAccidents\RoadAccidents141_x264.mp4,RoadAccidents,RoadAccidents,1,.mp4,13.344,True,30.0,2629,320,240,87.633,1.461,True,validation
RoadAccidents143_x264,RoadAccidents143_x264.mp4,data\raw\ucf-crime\Anomaly-Videos-Part-3\Anomaly-Videos-Part-3\RoadAccidents\RoadAccidents143_x264.mp4,ucf-crime\Anomaly-Videos-Part-3\Anomaly-Videos-Part-3\RoadAccidents\RoadAccidents143_x264.mp4,RoadAccidents,RoadAccidents,1,.mp4,6.682,True,30.0,882,320,240,29.4,0.49,True,validation
Robbery013_x264,Robbery013_x264.mp4,data\raw\ucf-crime\Anomaly-Videos-Part-3\Anomaly-Videos-Part-3\Robbery\Robbery013_x264.mp4,ucf-crime\Anomaly-Videos-Part-3\Anomaly-Videos-Part-3\Robbery\Robbery013_x264.mp4,Robbery,Robbery,1,.mp4,23.335,True,30.0,3639,320,240,121.3,2.022,True,validation
Robbery020_x264,Robbery020_x264.mp4,data\raw\ucf-crime\Anomaly-Videos-Part-3\Anomaly-Videos-Part-3\Robbery\Robbery020_x264.mp4,ucf-crime\Anomaly-Videos-Part-3\Anomaly-Videos-Part-3\Robbery\Robbery020_x264.mp4,Robbery,Robbery,1,.mp4,30.494,True,30.0,4403,320,240,146.767,2.446,True,validation
Robbery035_x264,Robbery035_x264.mp4,data\raw\ucf-crime\Anomaly-Videos-Part-3\Anomaly-Videos-Part-3\Robbery\Robbery035_x264.mp4,ucf-crime\Anomaly-Videos-Part-3\Anomaly-Videos-Part-3\Robbery\Robbery035_x264.mp4,Robbery,Robbery,1,.mp4,36.24,True,30.0,4661,320,240,155.367,2.589,True,validation
Robbery050_x264,Robbery050_x264.mp4,data\raw\ucf-crime\Anomaly-Videos-Part-3\Anomaly-Videos-Part-3\Robbery\Robbery050_x264.mp4,ucf-crime\Anomaly-Videos-Part-3\Anomaly-Videos-Part-3\Robbery\Robbery050_x264.mp4,Robbery,Robbery,1,.mp4,9.674,True,30.0,1701,320,240,56.7,0.945,True,validation
Robbery060_x264,Robbery060_x264.mp4,data\raw\ucf-crime\Anomaly-Videos-Part-3\Anomaly-Videos-Part-3\Robbery\Robbery060_x264.mp4,ucf-crime\Anomaly-Videos-Part-3\Anomaly-Videos-Part-3\Robbery\Robbery060_x264.mp4,Robbery,Robbery,1,.mp4,9.868,True,30.0,2106,320,240,70.2,1.17,True,validation
Robbery062_x264,Robbery062_x264.mp4,data\raw\ucf-crime\Anomaly-Videos-Part-3\Anomaly-Videos-Part-3\Robbery\Robbery062_x264.mp4,ucf-crime\Anomaly-Videos-Part-3\Anomaly-Videos-Part-3\Robbery\Robbery062_x264.mp4,Robbery,Robbery,1,.mp4,19.158,True,30.0,3610,320,240,120.333,2.006,True,validation
Robbery063_x264,Robbery063_x264.mp4,data\raw\ucf-crime\Anomaly-Videos-Part-3\Anomaly-Videos-Part-3\Robbery\Robbery063_x264.mp4,ucf-crime\Anomaly-Videos-Part-3\Anomaly-Videos-Part-3\Robbery\Robbery063_x264.mp4,Robbery,Robbery,1,.mp4,14.846,True,30.0,2133,320,240,71.1,1.185,True,validation
Robbery065_x264,Robbery065_x264.mp4,data\raw\ucf-crime\Anomaly-Videos-Part-3\Anomaly-Videos-Part-3\Robbery\Robbery065_x264.mp4,ucf-crime\Anomaly-Videos-Part-3\Anomaly-Videos-Part-3\Robbery\Robbery065_x264.mp4,Robbery,Robbery,1,.mp4,19.584,True,30.0,2396,320,240,79.867,1.331,True,validation
Robbery068_x264,Robbery068_x264.mp4,data\raw\ucf-crime\Anomaly-Videos-Part-3\Anomaly-Videos-Part-3\Robbery\Robbery068_x264.mp4,ucf-crime\Anomaly-Videos-Part-3\Anomaly-Videos-Part-3\Robbery\Robbery068_x264.mp4,Robbery,Robbery,1,.mp4,2.85,True,30.0,395,320,240,13.167,0.219,True,validation
Robbery069_x264,Robbery069_x264.mp4,data\raw\ucf-crime\Anomaly-Videos-Part-3\Anomaly-Videos-Part-3\Robbery\Robbery069_x264.mp4,ucf-crime\Anomaly-Videos-Part-3\Anomaly-Videos-Part-3\Robbery\Robbery069_x264.mp4,Robbery,Robbery,1,.mp4,5.312,True,30.0,689,320,240,22.967,0.383,True,validation
Robbery073_x264,Robbery073_x264.mp4,data\raw\ucf-crime\Anomaly-Videos-Part-3\Anomaly-Videos-Part-3\Robbery\Robbery073_x264.mp4,ucf-crime\Anomaly-Videos-Part-3\Anomaly-Videos-Part-3\Robbery\Robbery073_x264.mp4,Robbery,Robbery,1,.mp4,52.026,True,30.0,7505,320,240,250.167,4.169,True,validation
Robbery077_x264,Robbery077_x264.mp4,data\raw\ucf-crime\Anomaly-Videos-Part-3\Anomaly-Videos-Part-3\Robbery\Robbery077_x264.mp4,ucf-crime\Anomaly-Videos-Part-3\Anomaly-Videos-Part-3\Robbery\Robbery077_x264.mp4,Robbery,Robbery,1,.mp4,21.627,True,30.0,1140,320,240,38.0,0.633,True,validation
Robbery078_x264,Robbery078_x264.mp4,data\raw\ucf-crime\Anomaly-Videos-Part-3\Anomaly-Videos-Part-3\Robbery\Robbery078_x264.mp4,ucf-crime\Anomaly-Videos-Part-3\Anomaly-Videos-Part-3\Robbery\Robbery078_x264.mp4,Robbery,Robbery,1,.mp4,17.36,True,30.0,2402,320,240,80.067,1.334,True,validation
Robbery084_x264,Robbery084_x264.mp4,data\raw\ucf-crime\Anomaly-Videos-Part-3\Anomaly-Videos-Part-3\Robbery\Robbery084_x264.mp4,ucf-crime\Anomaly-Videos-Part-3\Anomaly-Videos-Part-3\Robbery\Robbery084_x264.mp4,Robbery,Robbery,1,.mp4,21.927,True,30.0,3217,320,240,107.233,1.787,True,validation
Robbery090_x264,Robbery090_x264.mp4,data\raw\ucf-crime\Anomaly-Videos-Part-3\Anomaly-Videos-Part-3\Robbery\Robbery090_x264.mp4,ucf-crime\Anomaly-Videos-Part-3\Anomaly-Videos-Part-3\Robbery\Robbery090_x264.mp4,Robbery,Robbery,1,.mp4,32.264,True,30.0,6716,320,240,223.867,3.731,True,validation
Robbery100_x264,Robbery100_x264.mp4,data\raw\ucf-crime\Anomaly-Videos-Part-3\Anomaly-Videos-Part-3\Robbery\Robbery100_x264.mp4,ucf-crime\Anomaly-Videos-Part-3\Anomaly-Videos-Part-3\Robbery\Robbery100_x264.mp4,Robbery,Robbery,1,.mp4,41.147,True,30.0,4489,320,240,149.633,2.494,True,validation
Robbery108_x264,Robbery108_x264.mp4,data\raw\ucf-crime\Anomaly-Videos-Part-3\Anomaly-Videos-Part-3\Robbery\Robbery108_x264.mp4,ucf-crime\Anomaly-Videos-Part-3\Anomaly-Videos-Part-3\Robbery\Robbery108_x264.mp4,Robbery,Robbery,1,.mp4,12.378,True,30.0,1434,320,240,47.8,0.797,True,validation
Robbery113_x264,Robbery113_x264.mp4,data\raw\ucf-crime\Anomaly-Videos-Part-3\Anomaly-Videos-Part-3\Robbery\Robbery113_x264.mp4,ucf-crime\Anomaly-Videos-Part-3\Anomaly-Videos-Part-3\Robbery\Robbery113_x264.mp4,Robbery,Robbery,1,.mp4,4.87,True,30.0,815,320,240,27.167,0.453,True,validation
Robbery123_x264,Robbery123_x264.mp4,data\raw\ucf-crime\Anomaly-Videos-Part-3\Anomaly-Videos-Part-3\Robbery\Robbery123_x264.mp4,ucf-crime\Anomaly-Videos-Part-3\Anomaly-Videos-Part-3\Robbery\Robbery123_x264.mp4,Robbery,Robbery,1,.mp4,7.067,True,30.0,1084,320,240,36.133,0.602,True,validation
Robbery134_x264,Robbery134_x264.mp4,data\raw\ucf-crime\Anomaly-Videos-Part-3\Anomaly-Videos-Part-3\Robbery\Robbery134_x264.mp4,ucf-crime\Anomaly-Videos-Part-3\Anomaly-Videos-Part-3\Robbery\Robbery134_x264.mp4,Robbery,Robbery,1,.mp4,5.849,True,30.0,630,320,240,21.0,0.35,True,validation
Robbery140_x264,Robbery140_x264.mp4,data\raw\ucf-crime\Anomaly-Videos-Part-3\Anomaly-Videos-Part-3\Robbery\Robbery140_x264.mp4,ucf-crime\Anomaly-Videos-Part-3\Anomaly-Videos-Part-3\Robbery\Robbery140_x264.mp4,Robbery,Robbery,1,.mp4,4.408,True,30.0,1068,320,240,35.6,0.593,True,validation
Robbery145_x264,Robbery145_x264.mp4,data\raw\ucf-crime\Anomaly-Videos-Part-3\Anomaly-Videos-Part-3\Robbery\Robbery145_x264.mp4,ucf-crime\Anomaly-Videos-Part-3\Anomaly-Videos-Part-3\Robbery\Robbery145_x264.mp4,Robbery,Robbery,1,.mp4,9.386,True,30.0,1342,320,240,44.733,0.746,True,validation
Shooting001_x264,Shooting001_x264.mp4,data\raw\ucf-crime\Anomaly-Videos-Part-3\Anomaly-Videos-Part-3\Shooting\Shooting001_x264.mp4,ucf-crime\Anomaly-Videos-Part-3\Anomaly-Videos-Part-3\Shooting\Shooting001_x264.mp4,Shooting,Shooting,1,.mp4,2.097,True,30.0,253,320,240,8.433,0.141,True,validation
Shooting004_x264A,Shooting004_x264A.mp4,data\raw\ucf-crime\Shooting\Shooting\Shooting004_x264A.mp4,ucf-crime\Shooting\Shooting\Shooting004_x264A.mp4,Shooting,Shooting,1,.mp4,7.632,True,30.0,1793,320,240,59.767,0.996,True,validation
Shooting005_x264,Shooting005_x264.mp4,data\raw\ucf-crime\Anomaly-Videos-Part-3\Anomaly-Videos-Part-3\Shooting\Shooting005_x264.mp4,ucf-crime\Anomaly-Videos-Part-3\Anomaly-Videos-Part-3\Shooting\Shooting005_x264.mp4,Shooting,Shooting,1,.mp4,17.449,True,30.0,5330,320,240,177.667,2.961,True,validation
Shooting009_x264,Shooting009_x264.mp4,data\raw\ucf-crime\Anomaly-Videos-Part-3\Anomaly-Videos-Part-3\Shooting\Shooting009_x264.mp4,ucf-crime\Anomaly-Videos-Part-3\Anomaly-Videos-Part-3\Shooting\Shooting009_x264.mp4,Shooting,Shooting,1,.mp4,40.165,True,30.0,5166,320,240,172.2,2.87,True,validation
Shooting010_x264A,Shooting010_x264A.mp4,data\raw\ucf-crime\Shooting\Shooting\Shooting010_x264A.mp4,ucf-crime\Shooting\Shooting\Shooting010_x264A.mp4,Shooting,Shooting,1,.mp4,8.973,True,30.0,2641,320,240,88.033,1.467,True,validation
Shooting011_x264,Shooting011_x264.mp4,data\raw\ucf-crime\Anomaly-Videos-Part-3\Anomaly-Videos-Part-3\Shooting\Shooting011_x264.mp4,ucf-crime\Anomaly-Videos-Part-3\Anomaly-Videos-Part-3\Shooting\Shooting011_x264.mp4,Shooting,Shooting,1,.mp4,32.006,True,30.0,4003,320,240,133.433,2.224,True,validation
Shooting013_x264A,Shooting013_x264A.mp4,data\raw\ucf-crime\Shooting\Shooting\Shooting013_x264A.mp4,ucf-crime\Shooting\Shooting\Shooting013_x264A.mp4,Shooting,Shooting,1,.mp4,4.337,True,30.0,1073,320,240,35.767,0.596,True,validation
Shooting019_x264A,Shooting019_x264A.mp4,data\raw\ucf-crime\Shooting\Shooting\Shooting019_x264A.mp4,ucf-crime\Shooting\Shooting\Shooting019_x264A.mp4,Shooting,Shooting,1,.mp4,17.049,True,30.0,2756,320,240,91.867,1.531,True,validation
Shooting031_x264A,Shooting031_x264A.mp4,data\raw\ucf-crime\Shooting\Shooting\Shooting031_x264A.mp4,ucf-crime\Shooting\Shooting\Shooting031_x264A.mp4,Shooting,Shooting,1,.mp4,17.919,True,30.0,2113,320,240,70.433,1.174,True,validation
Shooting039_x264,Shooting039_x264.mp4,data\raw\ucf-crime\Anomaly-Videos-Part-3\Anomaly-Videos-Part-3\Shooting\Shooting039_x264.mp4,ucf-crime\Anomaly-Videos-Part-3\Anomaly-Videos-Part-3\Shooting\Shooting039_x264.mp4,Shooting,Shooting,1,.mp4,4.764,True,30.0,831,320,240,27.7,0.462,True,validation
Shooting041_x264A,Shooting041_x264A.mp4,data\raw\ucf-crime\Shooting\Shooting\Shooting041_x264A.mp4,ucf-crime\Shooting\Shooting\Shooting041_x264A.mp4,Shooting,Shooting,1,.mp4,5.624,True,30.0,1391,320,240,46.367,0.773,True,validation
Shooting046_x264,Shooting046_x264.mp4,data\raw\ucf-crime\Anomaly-Videos-Part-3\Anomaly-Videos-Part-3\Shooting\Shooting046_x264.mp4,ucf-crime\Anomaly-Videos-Part-3\Anomaly-Videos-Part-3\Shooting\Shooting046_x264.mp4,Shooting,Shooting,1,.mp4,43.442,True,30.0,5088,320,240,169.6,2.827,True,validation
Shooting047_x264A,Shooting047_x264A.mp4,data\raw\ucf-crime\Shooting\Shooting\Shooting047_x264A.mp4,ucf-crime\Shooting\Shooting\Shooting047_x264A.mp4,Shooting,Shooting,1,.mp4,93.248,True,30.0,8287,320,240,276.233,4.604,True,validation
Shooting050_x264,Shooting050_x264.mp4,data\raw\ucf-crime\Anomaly-Videos-Part-3\Anomaly-Videos-Part-3\Shooting\Shooting050_x264.mp4,ucf-crime\Anomaly-Videos-Part-3\Anomaly-Videos-Part-3\Shooting\Shooting050_x264.mp4,Shooting,Shooting,1,.mp4,16.556,True,30.0,3828,320,240,127.6,2.127,True,validation
Shooting051_x264A,Shooting051_x264A.mp4,data\raw\ucf-crime\Shooting\Shooting\Shooting051_x264A.mp4,ucf-crime\Shooting\Shooting\Shooting051_x264A.mp4,Shooting,Shooting,1,.mp4,5.733,True,30.0,1399,320,240,46.633,0.777,True,validation
Shoplifting012_x264,Shoplifting012_x264.mp4,data\raw\ucf-crime\Anomaly-Videos-Part-4\Anomaly-Videos-Part-4\Shoplifting\Shoplifting012_x264.mp4,ucf-crime\Anomaly-Videos-Part-4\Anomaly-Videos-Part-4\Shoplifting\Shoplifting012_x264.mp4,Shoplifting,Shoplifting,1,.mp4,184.741,True,30.0,23433,320,240,781.1,13.018,True,validation
Shoplifting021_x264,Shoplifting021_x264.mp4,data\raw\ucf-crime\Anomaly-Videos-Part-4\Anomaly-Videos-Part-4\Shoplifting\Shoplifting021_x264.mp4,ucf-crime\Anomaly-Videos-Part-4\Anomaly-Videos-Part-4\Shoplifting\Shoplifting021_x264.mp4,Shoplifting,Shoplifting,1,.mp4,26.38,True,30.0,3551,320,240,118.367,1.973,True,validation
Shoplifting031_x264,Shoplifting031_x264.mp4,data\raw\ucf-crime\Anomaly-Videos-Part-4\Anomaly-Videos-Part-4\Shoplifting\Shoplifting031_x264.mp4,ucf-crime\Anomaly-Videos-Part-4\Anomaly-Videos-Part-4\Shoplifting\Shoplifting031_x264.mp4,Shoplifting,Shoplifting,1,.mp4,3.416,True,30.0,447,320,240,14.9,0.248,True,validation
Shoplifting032_x264,Shoplifting032_x264.mp4,data\raw\ucf-crime\Anomaly-Videos-Part-4\Anomaly-Videos-Part-4\Shoplifting\Shoplifting032_x264.mp4,ucf-crime\Anomaly-Videos-Part-4\Anomaly-Videos-Part-4\Shoplifting\Shoplifting032_x264.mp4,Shoplifting,Shoplifting,1,.mp4,11.025,True,30.0,1426,320,240,47.533,0.792,True,validation
Shoplifting036_x264,Shoplifting036_x264.mp4,data\raw\ucf-crime\Anomaly-Videos-Part-4\Anomaly-Videos-Part-4\Shoplifting\Shoplifting036_x264.mp4,ucf-crime\Anomaly-Videos-Part-4\Anomaly-Videos-Part-4\Shoplifting\Shoplifting036_x264.mp4,Shoplifting,Shoplifting,1,.mp4,33.05,True,30.0,3657,320,240,121.9,2.032,True,validation
Shoplifting037_x264,Shoplifting037_x264.mp4,data\raw\ucf-crime\Anomaly-Videos-Part-4\Anomaly-Videos-Part-4\Shoplifting\Shoplifting037_x264.mp4,ucf-crime\Anomaly-Videos-Part-4\Anomaly-Videos-Part-4\Shoplifting\Shoplifting037_x264.mp4,Shoplifting,Shoplifting,1,.mp4,11.196,True,30.0,1386,320,240,46.2,0.77,True,validation
Shoplifting048_x264,Shoplifting048_x264.mp4,data\raw\ucf-crime\Anomaly-Videos-Part-4\Anomaly-Videos-Part-4\Shoplifting\Shoplifting048_x264.mp4,ucf-crime\Anomaly-Videos-Part-4\Anomaly-Videos-Part-4\Shoplifting\Shoplifting048_x264.mp4,Shoplifting,Shoplifting,1,.mp4,25.804,True,30.0,3108,320,240,103.6,1.727,True,validation
Stealing002_x264,Stealing002_x264.mp4,data\raw\ucf-crime\Anomaly-Videos-Part-4\Anomaly-Videos-Part-4\Stealing\Stealing002_x264.mp4,ucf-crime\Anomaly-Videos-Part-4\Anomaly-Videos-Part-4\Stealing\Stealing002_x264.mp4,Stealing,Stealing,1,.mp4,14.528,True,30.0,3517,320,240,117.233,1.954,True,validation
Stealing007_x264,Stealing007_x264.mp4,data\raw\ucf-crime\Anomaly-Videos-Part-4\Anomaly-Videos-Part-4\Stealing\Stealing007_x264.mp4,ucf-crime\Anomaly-Videos-Part-4\Anomaly-Videos-Part-4\Stealing\Stealing007_x264.mp4,Stealing,Stealing,1,.mp4,17.018,True,30.0,3090,320,240,103.0,1.717,True,validation
Stealing011_x264,Stealing011_x264.mp4,data\raw\ucf-crime\Anomaly-Videos-Part-4\Anomaly-Videos-Part-4\Stealing\Stealing011_x264.mp4,ucf-crime\Anomaly-Videos-Part-4\Anomaly-Videos-Part-4\Stealing\Stealing011_x264.mp4,Stealing,Stealing,1,.mp4,26.288,True,30.0,3717,320,240,123.9,2.065,True,validation
Stealing013_x264,Stealing013_x264.mp4,data\raw\ucf-crime\Anomaly-Videos-Part-4\Anomaly-Videos-Part-4\Stealing\Stealing013_x264.mp4,ucf-crime\Anomaly-Videos-Part-4\Anomaly-Videos-Part-4\Stealing\Stealing013_x264.mp4,Stealing,Stealing,1,.mp4,65.335,True,30.0,9251,320,240,308.367,5.139,True,validation
Stealing014_x264,Stealing014_x264.mp4,data\raw\ucf-crime\Anomaly-Videos-Part-4\Anomaly-Videos-Part-4\Stealing\Stealing014_x264.mp4,ucf-crime\Anomaly-Videos-Part-4\Anomaly-Videos-Part-4\Stealing\Stealing014_x264.mp4,Stealing,Stealing,1,.mp4,27.456,True,30.0,3365,320,240,112.167,1.869,True,validation
Stealing016_x264,Stealing016_x264.mp4,data\raw\ucf-crime\Anomaly-Videos-Part-4\Anomaly-Videos-Part-4\Stealing\Stealing016_x264.mp4,ucf-crime\Anomaly-Videos-Part-4\Anomaly-Videos-Part-4\Stealing\Stealing016_x264.mp4,Stealing,Stealing,1,.mp4,8.16,True,30.0,2450,320,240,81.667,1.361,True,validation
Stealing022_x264,Stealing022_x264.mp4,data\raw\ucf-crime\Anomaly-Videos-Part-4\Anomaly-Videos-Part-4\Stealing\Stealing022_x264.mp4,ucf-crime\Anomaly-Videos-Part-4\Anomaly-Videos-Part-4\Stealing\Stealing022_x264.mp4,Stealing,Stealing,1,.mp4,18.218,True,30.0,2459,320,240,81.967,1.366,True,validation
Stealing026_x264,Stealing026_x264.mp4,data\raw\ucf-crime\Anomaly-Videos-Part-4\Anomaly-Videos-Part-4\Stealing\Stealing026_x264.mp4,ucf-crime\Anomaly-Videos-Part-4\Anomaly-Videos-Part-4\Stealing\Stealing026_x264.mp4,Stealing,Stealing,1,.mp4,17.325,True,30.0,2755,320,240,91.833,1.531,True,validation
Stealing032_x264,Stealing032_x264.mp4,data\raw\ucf-crime\Anomaly-Videos-Part-4\Anomaly-Videos-Part-4\Stealing\Stealing032_x264.mp4,ucf-crime\Anomaly-Videos-Part-4\Anomaly-Videos-Part-4\Stealing\Stealing032_x264.mp4,Stealing,Stealing,1,.mp4,31.246,True,30.0,5395,320,240,179.833,2.997,True,validation
Stealing046_x264,Stealing046_x264.mp4,data\raw\ucf-crime\Anomaly-Videos-Part-4\Anomaly-Videos-Part-4\Stealing\Stealing046_x264.mp4,ucf-crime\Anomaly-Videos-Part-4\Anomaly-Videos-Part-4\Stealing\Stealing046_x264.mp4,Stealing,Stealing,1,.mp4,84.558,True,30.0,10305,320,240,343.5,5.725,True,validation
Stealing069_x264,Stealing069_x264.mp4,data\raw\ucf-crime\Anomaly-Videos-Part-4\Anomaly-Videos-Part-4\Stealing\Stealing069_x264.mp4,ucf-crime\Anomaly-Videos-Part-4\Anomaly-Videos-Part-4\Stealing\Stealing069_x264.mp4,Stealing,Stealing,1,.mp4,3.885,True,30.0,801,320,240,26.7,0.445,True,validation
Stealing078_x264,Stealing078_x264.mp4,data\raw\ucf-crime\Anomaly-Videos-Part-4\Anomaly-Videos-Part-4\Stealing\Stealing078_x264.mp4,ucf-crime\Anomaly-Videos-Part-4\Anomaly-Videos-Part-4\Stealing\Stealing078_x264.mp4,Stealing,Stealing,1,.mp4,12.722,True,30.0,2586,320,240,86.2,1.437,True,validation
Stealing080_x264,Stealing080_x264.mp4,data\raw\ucf-crime\Anomaly-Videos-Part-4\Anomaly-Videos-Part-4\Stealing\Stealing080_x264.mp4,ucf-crime\Anomaly-Videos-Part-4\Anomaly-Videos-Part-4\Stealing\Stealing080_x264.mp4,Stealing,Stealing,1,.mp4,8.293,True,30.0,1056,320,240,35.2,0.587,True,validation
Stealing095_x264,Stealing095_x264.mp4,data\raw\ucf-crime\Anomaly-Videos-Part-4\Anomaly-Videos-Part-4\Stealing\Stealing095_x264.mp4,ucf-crime\Anomaly-Videos-Part-4\Anomaly-Videos-Part-4\Stealing\Stealing095_x264.mp4,Stealing,Stealing,1,.mp4,3.159,True,30.0,751,320,240,25.033,0.417,True,validation
Stealing111_x264,Stealing111_x264.mp4,data\raw\ucf-crime\Anomaly-Videos-Part-4\Anomaly-Videos-Part-4\Stealing\Stealing111_x264.mp4,ucf-crime\Anomaly-Videos-Part-4\Anomaly-Videos-Part-4\Stealing\Stealing111_x264.mp4,Stealing,Stealing,1,.mp4,18.135,True,30.0,4712,320,240,157.067,2.618,True,validation
Vandalism017_x264,Vandalism017_x264.mp4,data\raw\ucf-crime\Anomaly-Videos-Part-4\Anomaly-Videos-Part-4\Vandalism\Vandalism017_x264.mp4,ucf-crime\Anomaly-Videos-Part-4\Anomaly-Videos-Part-4\Vandalism\Vandalism017_x264.mp4,Vandalism,Vandalism,1,.mp4,7.764,True,30.0,1011,320,240,33.7,0.562,True,validation
Vandalism019_x264,Vandalism019_x264.mp4,data\raw\ucf-crime\Anomaly-Videos-Part-4\Anomaly-Videos-Part-4\Vandalism\Vandalism019_x264.mp4,ucf-crime\Anomaly-Videos-Part-4\Anomaly-Videos-Part-4\Vandalism\Vandalism019_x264.mp4,Vandalism,Vandalism,1,.mp4,6.09,True,30.0,2047,320,240,68.233,1.137,True,validation
Vandalism026_x264,Vandalism026_x264.mp4,data\raw\ucf-crime\Anomaly-Videos-Part-4\Anomaly-Videos-Part-4\Vandalism\Vandalism026_x264.mp4,ucf-crime\Anomaly-Videos-Part-4\Anomaly-Videos-Part-4\Vandalism\Vandalism026_x264.mp4,Vandalism,Vandalism,1,.mp4,2.672,True,30.0,969,320,240,32.3,0.538,True,validation
Vandalism034_x264,Vandalism034_x264.mp4,data\raw\ucf-crime\Anomaly-Videos-Part-4\Anomaly-Videos-Part-4\Vandalism\Vandalism034_x264.mp4,ucf-crime\Anomaly-Videos-Part-4\Anomaly-Videos-Part-4\Vandalism\Vandalism034_x264.mp4,Vandalism,Vandalism,1,.mp4,14.229,True,30.0,1756,320,240,58.533,0.976,True,validation
Vandalism035_x264,Vandalism035_x264.mp4,data\raw\ucf-crime\Anomaly-Videos-Part-4\Anomaly-Videos-Part-4\Vandalism\Vandalism035_x264.mp4,ucf-crime\Anomaly-Videos-Part-4\Anomaly-Videos-Part-4\Vandalism\Vandalism035_x264.mp4,Vandalism,Vandalism,1,.mp4,6.651,True,30.0,1188,320,240,39.6,0.66,True,validation
Vandalism043_x264,Vandalism043_x264.mp4,data\raw\ucf-crime\Anomaly-Videos-Part-4\Anomaly-Videos-Part-4\Vandalism\Vandalism043_x264.mp4,ucf-crime\Anomaly-Videos-Part-4\Anomaly-Videos-Part-4\Vandalism\Vandalism043_x264.mp4,Vandalism,Vandalism,1,.mp4,18.683,True,30.0,3243,320,240,108.1,1.802,True,validation
Vandalism044_x264,Vandalism044_x264.mp4,data\raw\ucf-crime\Anomaly-Videos-Part-4\Anomaly-Videos-Part-4\Vandalism\Vandalism044_x264.mp4,ucf-crime\Anomaly-Videos-Part-4\Anomaly-Videos-Part-4\Vandalism\Vandalism044_x264.mp4,Vandalism,Vandalism,1,.mp4,26.878,True,30.0,4605,320,240,153.5,2.558,True,validation
Vandalism045_x264,Vandalism045_x264.mp4,data\raw\ucf-crime\Anomaly-Videos-Part-4\Anomaly-Videos-Part-4\Vandalism\Vandalism045_x264.mp4,ucf-crime\Anomaly-Videos-Part-4\Anomaly-Videos-Part-4\Vandalism\Vandalism045_x264.mp4,Vandalism,Vandalism,1,.mp4,34.935,True,30.0,4358,320,240,145.267,2.421,True,validation
